ISO-10303-21;
HEADER;
FILE_DESCRIPTION(('FreeCAD Model'),'2;1');
FILE_NAME('Open CASCADE Shape Model','2025-08-30T13:00:28',(''),(''),
  'Open CASCADE STEP processor 7.8','FreeCAD','Unknown');
FILE_SCHEMA(('AUTOMOTIVE_DESIGN { 1 0 10303 214 1 1 1 1 }'));
ENDSEC;
DATA;
#1 = APPLICATION_PROTOCOL_DEFINITION('international standard',
  'automotive_design',2000,#2);
#2 = APPLICATION_CONTEXT(
  'core data for automotive mechanical design processes');
#3 = SHAPE_DEFINITION_REPRESENTATION(#4,#10);
#4 = PRODUCT_DEFINITION_SHAPE('','',#5);
#5 = PRODUCT_DEFINITION('design','',#6,#9);
#6 = PRODUCT_DEFINITION_FORMATION('','',#7);
#7 = PRODUCT('DFN_standard','DFN_standard','',(#8));
#8 = PRODUCT_CONTEXT('',#2,'mechanical');
#9 = PRODUCT_DEFINITION_CONTEXT('part definition',#2,'design');
#10 = SHAPE_REPRESENTATION('',(#11,#15,#19,#23,#27,#31,#35,#39,#43,#47,
    #51,#55,#59,#63),#67);
#11 = AXIS2_PLACEMENT_3D('',#12,#13,#14);
#12 = CARTESIAN_POINT('',(0.,0.,0.));
#13 = DIRECTION('',(0.,0.,1.));
#14 = DIRECTION('',(1.,0.,-0.));
#15 = AXIS2_PLACEMENT_3D('',#16,#17,#18);
#16 = CARTESIAN_POINT('',(0.,0.,0.));
#17 = DIRECTION('',(0.,0.,1.));
#18 = DIRECTION('',(1.,0.,0.));
#19 = AXIS2_PLACEMENT_3D('',#20,#21,#22);
#20 = CARTESIAN_POINT('',(0.,0.,0.));
#21 = DIRECTION('',(0.,0.,1.));
#22 = DIRECTION('',(1.,0.,0.));
#23 = AXIS2_PLACEMENT_3D('',#24,#25,#26);
#24 = CARTESIAN_POINT('',(0.,0.,0.));
#25 = DIRECTION('',(0.,0.,1.));
#26 = DIRECTION('',(1.,0.,0.));
#27 = AXIS2_PLACEMENT_3D('',#28,#29,#30);
#28 = CARTESIAN_POINT('',(0.,0.,-0.5));
#29 = DIRECTION('',(0.,0.,1.));
#30 = DIRECTION('',(1.,0.,0.));
#31 = AXIS2_PLACEMENT_3D('',#32,#33,#34);
#32 = CARTESIAN_POINT('',(0.,0.,-1.));
#33 = DIRECTION('',(0.,0.,1.));
#34 = DIRECTION('',(1.,0.,0.));
#35 = AXIS2_PLACEMENT_3D('',#36,#37,#38);
#36 = CARTESIAN_POINT('',(0.,0.,-1.5));
#37 = DIRECTION('',(0.,0.,1.));
#38 = DIRECTION('',(1.,0.,0.));
#39 = AXIS2_PLACEMENT_3D('',#40,#41,#42);
#40 = CARTESIAN_POINT('',(0.,0.,-2.));
#41 = DIRECTION('',(0.,0.,1.));
#42 = DIRECTION('',(1.,0.,0.));
#43 = AXIS2_PLACEMENT_3D('',#44,#45,#46);
#44 = CARTESIAN_POINT('',(0.,0.,-0.5));
#45 = DIRECTION('',(0.,0.,1.));
#46 = DIRECTION('',(1.,0.,0.));
#47 = AXIS2_PLACEMENT_3D('',#48,#49,#50);
#48 = CARTESIAN_POINT('',(0.,0.,-1.));
#49 = DIRECTION('',(0.,0.,1.));
#50 = DIRECTION('',(1.,0.,0.));
#51 = AXIS2_PLACEMENT_3D('',#52,#53,#54);
#52 = CARTESIAN_POINT('',(0.,0.,-1.5));
#53 = DIRECTION('',(0.,0.,1.));
#54 = DIRECTION('',(1.,0.,0.));
#55 = AXIS2_PLACEMENT_3D('',#56,#57,#58);
#56 = CARTESIAN_POINT('',(0.,0.,-2.));
#57 = DIRECTION('',(0.,0.,1.));
#58 = DIRECTION('',(1.,0.,0.));
#59 = AXIS2_PLACEMENT_3D('',#60,#61,#62);
#60 = CARTESIAN_POINT('',(0.,0.,0.));
#61 = DIRECTION('',(0.,0.,1.));
#62 = DIRECTION('',(1.,0.,0.));
#63 = AXIS2_PLACEMENT_3D('',#64,#65,#66);
#64 = CARTESIAN_POINT('',(0.,0.,0.));
#65 = DIRECTION('',(0.,0.,1.));
#66 = DIRECTION('',(1.,0.,0.));
#67 = ( GEOMETRIC_REPRESENTATION_CONTEXT(3) 
GLOBAL_UNCERTAINTY_ASSIGNED_CONTEXT((#71)) GLOBAL_UNIT_ASSIGNED_CONTEXT(
(#68,#69,#70)) REPRESENTATION_CONTEXT('Context #1',
  '3D Context with UNIT and UNCERTAINTY') );
#68 = ( LENGTH_UNIT() NAMED_UNIT(*) SI_UNIT(.MILLI.,.METRE.) );
#69 = ( NAMED_UNIT(*) PLANE_ANGLE_UNIT() SI_UNIT($,.RADIAN.) );
#70 = ( NAMED_UNIT(*) SI_UNIT($,.STERADIAN.) SOLID_ANGLE_UNIT() );
#71 = UNCERTAINTY_MEASURE_WITH_UNIT(LENGTH_MEASURE(5.E-07),#68,
  'distance_accuracy_value','confusion accuracy');
#72 = PRODUCT_RELATED_PRODUCT_CATEGORY('part',$,(#7));
#73 = SHAPE_DEFINITION_REPRESENTATION(#74,#80);
#74 = PRODUCT_DEFINITION_SHAPE('','',#75);
#75 = PRODUCT_DEFINITION('design','',#76,#79);
#76 = PRODUCT_DEFINITION_FORMATION('','',#77);
#77 = PRODUCT('Body_Solid1','Body_Solid1','',(#78));
#78 = PRODUCT_CONTEXT('',#2,'mechanical');
#79 = PRODUCT_DEFINITION_CONTEXT('part definition',#2,'design');
#80 = ADVANCED_BREP_SHAPE_REPRESENTATION('',(#11,#81),#1616);
#81 = MANIFOLD_SOLID_BREP('',#82);
#82 = CLOSED_SHELL('',(#83,#283,#599,#623,#648,#665,#689,#714,#731,#755,
    #780,#797,#821,#846,#863,#887,#912,#929,#953,#988,#1005,#1017,#1029,
    #1041,#1053,#1065,#1192,#1216,#1241,#1258,#1282,#1307,#1324,#1348,
    #1373,#1390,#1414,#1439,#1456,#1480,#1505,#1522,#1547,#1559,#1571,
    #1583,#1595,#1607));
#83 = ADVANCED_FACE('',(#84),#278,.T.);
#84 = FACE_BOUND('',#85,.T.);
#85 = EDGE_LOOP('',(#86,#96,#104,#112,#120,#128,#136,#144,#152,#160,#168
    ,#176,#184,#192,#200,#208,#216,#224,#232,#240,#248,#256,#264,#272));
#86 = ORIENTED_EDGE('',*,*,#87,.F.);
#87 = EDGE_CURVE('',#88,#90,#92,.T.);
#88 = VERTEX_POINT('',#89);
#89 = CARTESIAN_POINT('',(1.5,5.E-02,-1.5));
#90 = VERTEX_POINT('',#91);
#91 = CARTESIAN_POINT('',(1.5,5.E-02,-1.135));
#92 = LINE('',#93,#94);
#93 = CARTESIAN_POINT('',(1.5,5.E-02,-1.5));
#94 = VECTOR('',#95,1.);
#95 = DIRECTION('',(0.,2.22044604925E-16,1.));
#96 = ORIENTED_EDGE('',*,*,#97,.T.);
#97 = EDGE_CURVE('',#88,#98,#100,.T.);
#98 = VERTEX_POINT('',#99);
#99 = CARTESIAN_POINT('',(1.5,1.,-1.5));
#100 = LINE('',#101,#102);
#101 = CARTESIAN_POINT('',(1.5,-3.330669073875E-16,-1.5));
#102 = VECTOR('',#103,1.);
#103 = DIRECTION('',(0.,1.,-2.22044604925E-16));
#104 = ORIENTED_EDGE('',*,*,#105,.T.);
#105 = EDGE_CURVE('',#98,#106,#108,.T.);
#106 = VERTEX_POINT('',#107);
#107 = CARTESIAN_POINT('',(1.5,1.,1.5));
#108 = LINE('',#109,#110);
#109 = CARTESIAN_POINT('',(1.5,1.,-1.5));
#110 = VECTOR('',#111,1.);
#111 = DIRECTION('',(0.,2.22044604925E-16,1.));
#112 = ORIENTED_EDGE('',*,*,#113,.F.);
#113 = EDGE_CURVE('',#114,#106,#116,.T.);
#114 = VERTEX_POINT('',#115);
#115 = CARTESIAN_POINT('',(1.5,5.E-02,1.5));
#116 = LINE('',#117,#118);
#117 = CARTESIAN_POINT('',(1.5,3.330669073875E-16,1.5));
#118 = VECTOR('',#119,1.);
#119 = DIRECTION('',(0.,1.,-2.22044604925E-16));
#120 = ORIENTED_EDGE('',*,*,#121,.F.);
#121 = EDGE_CURVE('',#122,#114,#124,.T.);
#122 = VERTEX_POINT('',#123);
#123 = CARTESIAN_POINT('',(1.5,5.E-02,1.135));
#124 = LINE('',#125,#126);
#125 = CARTESIAN_POINT('',(1.5,5.E-02,-1.5));
#126 = VECTOR('',#127,1.);
#127 = DIRECTION('',(0.,2.22044604925E-16,1.));
#128 = ORIENTED_EDGE('',*,*,#129,.T.);
#129 = EDGE_CURVE('',#122,#130,#132,.T.);
#130 = VERTEX_POINT('',#131);
#131 = CARTESIAN_POINT('',(1.5,0.2,1.135));
#132 = LINE('',#133,#134);
#133 = CARTESIAN_POINT('',(1.5,0.,1.135));
#134 = VECTOR('',#135,1.);
#135 = DIRECTION('',(0.,1.,-2.22044604925E-16));
#136 = ORIENTED_EDGE('',*,*,#137,.T.);
#137 = EDGE_CURVE('',#130,#138,#140,.T.);
#138 = VERTEX_POINT('',#139);
#139 = CARTESIAN_POINT('',(1.5,0.2,0.865));
#140 = LINE('',#141,#142);
#141 = CARTESIAN_POINT('',(1.5,0.2,1.135));
#142 = VECTOR('',#143,1.);
#143 = DIRECTION('',(0.,-2.22044604925E-16,-1.));
#144 = ORIENTED_EDGE('',*,*,#145,.F.);
#145 = EDGE_CURVE('',#146,#138,#148,.T.);
#146 = VERTEX_POINT('',#147);
#147 = CARTESIAN_POINT('',(1.5,5.E-02,0.865));
#148 = LINE('',#149,#150);
#149 = CARTESIAN_POINT('',(1.5,0.,0.865));
#150 = VECTOR('',#151,1.);
#151 = DIRECTION('',(0.,1.,-2.22044604925E-16));
#152 = ORIENTED_EDGE('',*,*,#153,.F.);
#153 = EDGE_CURVE('',#154,#146,#156,.T.);
#154 = VERTEX_POINT('',#155);
#155 = CARTESIAN_POINT('',(1.5,5.E-02,0.635));
#156 = LINE('',#157,#158);
#157 = CARTESIAN_POINT('',(1.5,5.E-02,-1.5));
#158 = VECTOR('',#159,1.);
#159 = DIRECTION('',(0.,2.22044604925E-16,1.));
#160 = ORIENTED_EDGE('',*,*,#161,.T.);
#161 = EDGE_CURVE('',#154,#162,#164,.T.);
#162 = VERTEX_POINT('',#163);
#163 = CARTESIAN_POINT('',(1.5,0.2,0.635));
#164 = LINE('',#165,#166);
#165 = CARTESIAN_POINT('',(1.5,0.,0.635));
#166 = VECTOR('',#167,1.);
#167 = DIRECTION('',(0.,1.,-2.22044604925E-16));
#168 = ORIENTED_EDGE('',*,*,#169,.T.);
#169 = EDGE_CURVE('',#162,#170,#172,.T.);
#170 = VERTEX_POINT('',#171);
#171 = CARTESIAN_POINT('',(1.5,0.2,0.365));
#172 = LINE('',#173,#174);
#173 = CARTESIAN_POINT('',(1.5,0.2,0.635));
#174 = VECTOR('',#175,1.);
#175 = DIRECTION('',(0.,-2.22044604925E-16,-1.));
#176 = ORIENTED_EDGE('',*,*,#177,.F.);
#177 = EDGE_CURVE('',#178,#170,#180,.T.);
#178 = VERTEX_POINT('',#179);
#179 = CARTESIAN_POINT('',(1.5,5.E-02,0.365));
#180 = LINE('',#181,#182);
#181 = CARTESIAN_POINT('',(1.5,0.,0.365));
#182 = VECTOR('',#183,1.);
#183 = DIRECTION('',(0.,1.,-2.22044604925E-16));
#184 = ORIENTED_EDGE('',*,*,#185,.F.);
#185 = EDGE_CURVE('',#186,#178,#188,.T.);
#186 = VERTEX_POINT('',#187);
#187 = CARTESIAN_POINT('',(1.5,5.E-02,0.135));
#188 = LINE('',#189,#190);
#189 = CARTESIAN_POINT('',(1.5,5.E-02,-1.5));
#190 = VECTOR('',#191,1.);
#191 = DIRECTION('',(0.,2.22044604925E-16,1.));
#192 = ORIENTED_EDGE('',*,*,#193,.T.);
#193 = EDGE_CURVE('',#186,#194,#196,.T.);
#194 = VERTEX_POINT('',#195);
#195 = CARTESIAN_POINT('',(1.5,0.2,0.135));
#196 = LINE('',#197,#198);
#197 = CARTESIAN_POINT('',(1.5,0.,0.135));
#198 = VECTOR('',#199,1.);
#199 = DIRECTION('',(0.,1.,-2.22044604925E-16));
#200 = ORIENTED_EDGE('',*,*,#201,.T.);
#201 = EDGE_CURVE('',#194,#202,#204,.T.);
#202 = VERTEX_POINT('',#203);
#203 = CARTESIAN_POINT('',(1.5,0.2,-0.135));
#204 = LINE('',#205,#206);
#205 = CARTESIAN_POINT('',(1.5,0.2,0.135));
#206 = VECTOR('',#207,1.);
#207 = DIRECTION('',(0.,-2.22044604925E-16,-1.));
#208 = ORIENTED_EDGE('',*,*,#209,.F.);
#209 = EDGE_CURVE('',#210,#202,#212,.T.);
#210 = VERTEX_POINT('',#211);
#211 = CARTESIAN_POINT('',(1.5,5.E-02,-0.135));
#212 = LINE('',#213,#214);
#213 = CARTESIAN_POINT('',(1.5,-2.22044604925E-16,-0.135));
#214 = VECTOR('',#215,1.);
#215 = DIRECTION('',(0.,1.,-2.22044604925E-16));
#216 = ORIENTED_EDGE('',*,*,#217,.F.);
#217 = EDGE_CURVE('',#218,#210,#220,.T.);
#218 = VERTEX_POINT('',#219);
#219 = CARTESIAN_POINT('',(1.5,5.E-02,-0.365));
#220 = LINE('',#221,#222);
#221 = CARTESIAN_POINT('',(1.5,5.E-02,-1.5));
#222 = VECTOR('',#223,1.);
#223 = DIRECTION('',(0.,2.22044604925E-16,1.));
#224 = ORIENTED_EDGE('',*,*,#225,.T.);
#225 = EDGE_CURVE('',#218,#226,#228,.T.);
#226 = VERTEX_POINT('',#227);
#227 = CARTESIAN_POINT('',(1.5,0.2,-0.365));
#228 = LINE('',#229,#230);
#229 = CARTESIAN_POINT('',(1.5,-1.110223024625E-16,-0.365));
#230 = VECTOR('',#231,1.);
#231 = DIRECTION('',(0.,1.,-2.22044604925E-16));
#232 = ORIENTED_EDGE('',*,*,#233,.T.);
#233 = EDGE_CURVE('',#226,#234,#236,.T.);
#234 = VERTEX_POINT('',#235);
#235 = CARTESIAN_POINT('',(1.5,0.2,-0.635));
#236 = LINE('',#237,#238);
#237 = CARTESIAN_POINT('',(1.5,0.2,-0.365));
#238 = VECTOR('',#239,1.);
#239 = DIRECTION('',(0.,-2.22044604925E-16,-1.));
#240 = ORIENTED_EDGE('',*,*,#241,.F.);
#241 = EDGE_CURVE('',#242,#234,#244,.T.);
#242 = VERTEX_POINT('',#243);
#243 = CARTESIAN_POINT('',(1.5,5.E-02,-0.635));
#244 = LINE('',#245,#246);
#245 = CARTESIAN_POINT('',(1.5,-2.22044604925E-16,-0.635));
#246 = VECTOR('',#247,1.);
#247 = DIRECTION('',(0.,1.,-2.22044604925E-16));
#248 = ORIENTED_EDGE('',*,*,#249,.F.);
#249 = EDGE_CURVE('',#250,#242,#252,.T.);
#250 = VERTEX_POINT('',#251);
#251 = CARTESIAN_POINT('',(1.5,5.E-02,-0.865));
#252 = LINE('',#253,#254);
#253 = CARTESIAN_POINT('',(1.5,5.E-02,-1.5));
#254 = VECTOR('',#255,1.);
#255 = DIRECTION('',(0.,2.22044604925E-16,1.));
#256 = ORIENTED_EDGE('',*,*,#257,.T.);
#257 = EDGE_CURVE('',#250,#258,#260,.T.);
#258 = VERTEX_POINT('',#259);
#259 = CARTESIAN_POINT('',(1.5,0.2,-0.865));
#260 = LINE('',#261,#262);
#261 = CARTESIAN_POINT('',(1.5,-1.920685832602E-16,-0.865));
#262 = VECTOR('',#263,1.);
#263 = DIRECTION('',(0.,1.,-2.22044604925E-16));
#264 = ORIENTED_EDGE('',*,*,#265,.T.);
#265 = EDGE_CURVE('',#258,#266,#268,.T.);
#266 = VERTEX_POINT('',#267);
#267 = CARTESIAN_POINT('',(1.5,0.2,-1.135));
#268 = LINE('',#269,#270);
#269 = CARTESIAN_POINT('',(1.5,0.2,-0.865));
#270 = VECTOR('',#271,1.);
#271 = DIRECTION('',(0.,-2.22044604925E-16,-1.));
#272 = ORIENTED_EDGE('',*,*,#273,.F.);
#273 = EDGE_CURVE('',#90,#266,#274,.T.);
#274 = LINE('',#275,#276);
#275 = CARTESIAN_POINT('',(1.5,-2.520206265899E-16,-1.135));
#276 = VECTOR('',#277,1.);
#277 = DIRECTION('',(0.,1.,-2.22044604925E-16));
#278 = PLANE('',#279);
#279 = AXIS2_PLACEMENT_3D('',#280,#281,#282);
#280 = CARTESIAN_POINT('',(1.5,-3.330669073875E-16,-1.5));
#281 = DIRECTION('',(1.,0.,0.));
#282 = DIRECTION('',(0.,2.22044604925E-16,1.));
#283 = ADVANCED_FACE('',(#284),#594,.F.);
#284 = FACE_BOUND('',#285,.F.);
#285 = EDGE_LOOP('',(#286,#287,#295,#303,#311,#320,#328,#336,#344,#353,
    #361,#369,#377,#386,#394,#402,#410,#419,#427,#435,#443,#452,#460,
    #468,#474,#475,#483,#492,#498,#499,#507,#516,#522,#523,#531,#540,
    #546,#547,#555,#564,#570,#571,#579,#588));
#286 = ORIENTED_EDGE('',*,*,#87,.F.);
#287 = ORIENTED_EDGE('',*,*,#288,.F.);
#288 = EDGE_CURVE('',#289,#88,#291,.T.);
#289 = VERTEX_POINT('',#290);
#290 = CARTESIAN_POINT('',(-1.5,5.E-02,-1.5));
#291 = LINE('',#292,#293);
#292 = CARTESIAN_POINT('',(-1.5,5.E-02,-1.5));
#293 = VECTOR('',#294,1.);
#294 = DIRECTION('',(1.,0.,0.));
#295 = ORIENTED_EDGE('',*,*,#296,.F.);
#296 = EDGE_CURVE('',#297,#289,#299,.T.);
#297 = VERTEX_POINT('',#298);
#298 = CARTESIAN_POINT('',(-1.5,5.E-02,-1.135));
#299 = LINE('',#300,#301);
#300 = CARTESIAN_POINT('',(-1.5,5.E-02,1.5));
#301 = VECTOR('',#302,1.);
#302 = DIRECTION('',(0.,-2.22044604925E-16,-1.));
#303 = ORIENTED_EDGE('',*,*,#304,.T.);
#304 = EDGE_CURVE('',#297,#305,#307,.T.);
#305 = VERTEX_POINT('',#306);
#306 = CARTESIAN_POINT('',(-1.14,5.E-02,-1.135));
#307 = LINE('',#308,#309);
#308 = CARTESIAN_POINT('',(-0.57,5.E-02,-1.135));
#309 = VECTOR('',#310,1.);
#310 = DIRECTION('',(1.,0.,0.));
#311 = ORIENTED_EDGE('',*,*,#312,.T.);
#312 = EDGE_CURVE('',#305,#313,#315,.T.);
#313 = VERTEX_POINT('',#314);
#314 = CARTESIAN_POINT('',(-1.14,5.E-02,-0.865));
#315 = CIRCLE('',#316,0.135);
#316 = AXIS2_PLACEMENT_3D('',#317,#318,#319);
#317 = CARTESIAN_POINT('',(-1.14,5.E-02,-1.));
#318 = DIRECTION('',(0.,-1.,2.22044604925E-16));
#319 = DIRECTION('',(1.,0.,0.));
#320 = ORIENTED_EDGE('',*,*,#321,.T.);
#321 = EDGE_CURVE('',#313,#322,#324,.T.);
#322 = VERTEX_POINT('',#323);
#323 = CARTESIAN_POINT('',(-1.5,5.E-02,-0.865));
#324 = LINE('',#325,#326);
#325 = CARTESIAN_POINT('',(-0.75,5.E-02,-0.865));
#326 = VECTOR('',#327,1.);
#327 = DIRECTION('',(-1.,0.,0.));
#328 = ORIENTED_EDGE('',*,*,#329,.F.);
#329 = EDGE_CURVE('',#330,#322,#332,.T.);
#330 = VERTEX_POINT('',#331);
#331 = CARTESIAN_POINT('',(-1.5,5.E-02,-0.635));
#332 = LINE('',#333,#334);
#333 = CARTESIAN_POINT('',(-1.5,5.E-02,1.5));
#334 = VECTOR('',#335,1.);
#335 = DIRECTION('',(0.,-2.22044604925E-16,-1.));
#336 = ORIENTED_EDGE('',*,*,#337,.T.);
#337 = EDGE_CURVE('',#330,#338,#340,.T.);
#338 = VERTEX_POINT('',#339);
#339 = CARTESIAN_POINT('',(-1.14,5.E-02,-0.635));
#340 = LINE('',#341,#342);
#341 = CARTESIAN_POINT('',(-0.57,5.E-02,-0.635));
#342 = VECTOR('',#343,1.);
#343 = DIRECTION('',(1.,0.,0.));
#344 = ORIENTED_EDGE('',*,*,#345,.T.);
#345 = EDGE_CURVE('',#338,#346,#348,.T.);
#346 = VERTEX_POINT('',#347);
#347 = CARTESIAN_POINT('',(-1.14,5.E-02,-0.365));
#348 = CIRCLE('',#349,0.135);
#349 = AXIS2_PLACEMENT_3D('',#350,#351,#352);
#350 = CARTESIAN_POINT('',(-1.14,5.E-02,-0.5));
#351 = DIRECTION('',(0.,-1.,2.22044604925E-16));
#352 = DIRECTION('',(1.,0.,0.));
#353 = ORIENTED_EDGE('',*,*,#354,.T.);
#354 = EDGE_CURVE('',#346,#355,#357,.T.);
#355 = VERTEX_POINT('',#356);
#356 = CARTESIAN_POINT('',(-1.5,5.E-02,-0.365));
#357 = LINE('',#358,#359);
#358 = CARTESIAN_POINT('',(-0.75,5.E-02,-0.365));
#359 = VECTOR('',#360,1.);
#360 = DIRECTION('',(-1.,0.,0.));
#361 = ORIENTED_EDGE('',*,*,#362,.F.);
#362 = EDGE_CURVE('',#363,#355,#365,.T.);
#363 = VERTEX_POINT('',#364);
#364 = CARTESIAN_POINT('',(-1.5,5.E-02,-0.135));
#365 = LINE('',#366,#367);
#366 = CARTESIAN_POINT('',(-1.5,5.E-02,1.5));
#367 = VECTOR('',#368,1.);
#368 = DIRECTION('',(0.,-2.22044604925E-16,-1.));
#369 = ORIENTED_EDGE('',*,*,#370,.T.);
#370 = EDGE_CURVE('',#363,#371,#373,.T.);
#371 = VERTEX_POINT('',#372);
#372 = CARTESIAN_POINT('',(-1.14,5.E-02,-0.135));
#373 = LINE('',#374,#375);
#374 = CARTESIAN_POINT('',(-0.57,5.E-02,-0.135));
#375 = VECTOR('',#376,1.);
#376 = DIRECTION('',(1.,0.,0.));
#377 = ORIENTED_EDGE('',*,*,#378,.T.);
#378 = EDGE_CURVE('',#371,#379,#381,.T.);
#379 = VERTEX_POINT('',#380);
#380 = CARTESIAN_POINT('',(-1.14,5.E-02,0.135));
#381 = CIRCLE('',#382,0.135);
#382 = AXIS2_PLACEMENT_3D('',#383,#384,#385);
#383 = CARTESIAN_POINT('',(-1.14,5.E-02,-1.110223024625E-17));
#384 = DIRECTION('',(0.,-1.,2.22044604925E-16));
#385 = DIRECTION('',(1.,0.,0.));
#386 = ORIENTED_EDGE('',*,*,#387,.T.);
#387 = EDGE_CURVE('',#379,#388,#390,.T.);
#388 = VERTEX_POINT('',#389);
#389 = CARTESIAN_POINT('',(-1.5,5.E-02,0.135));
#390 = LINE('',#391,#392);
#391 = CARTESIAN_POINT('',(-0.75,5.E-02,0.135));
#392 = VECTOR('',#393,1.);
#393 = DIRECTION('',(-1.,0.,0.));
#394 = ORIENTED_EDGE('',*,*,#395,.F.);
#395 = EDGE_CURVE('',#396,#388,#398,.T.);
#396 = VERTEX_POINT('',#397);
#397 = CARTESIAN_POINT('',(-1.5,5.E-02,0.365));
#398 = LINE('',#399,#400);
#399 = CARTESIAN_POINT('',(-1.5,5.E-02,1.5));
#400 = VECTOR('',#401,1.);
#401 = DIRECTION('',(0.,-2.22044604925E-16,-1.));
#402 = ORIENTED_EDGE('',*,*,#403,.T.);
#403 = EDGE_CURVE('',#396,#404,#406,.T.);
#404 = VERTEX_POINT('',#405);
#405 = CARTESIAN_POINT('',(-1.14,5.E-02,0.365));
#406 = LINE('',#407,#408);
#407 = CARTESIAN_POINT('',(-0.57,5.E-02,0.365));
#408 = VECTOR('',#409,1.);
#409 = DIRECTION('',(1.,0.,0.));
#410 = ORIENTED_EDGE('',*,*,#411,.T.);
#411 = EDGE_CURVE('',#404,#412,#414,.T.);
#412 = VERTEX_POINT('',#413);
#413 = CARTESIAN_POINT('',(-1.14,5.E-02,0.635));
#414 = CIRCLE('',#415,0.135);
#415 = AXIS2_PLACEMENT_3D('',#416,#417,#418);
#416 = CARTESIAN_POINT('',(-1.14,5.E-02,0.5));
#417 = DIRECTION('',(0.,-1.,2.22044604925E-16));
#418 = DIRECTION('',(1.,0.,0.));
#419 = ORIENTED_EDGE('',*,*,#420,.T.);
#420 = EDGE_CURVE('',#412,#421,#423,.T.);
#421 = VERTEX_POINT('',#422);
#422 = CARTESIAN_POINT('',(-1.5,5.E-02,0.635));
#423 = LINE('',#424,#425);
#424 = CARTESIAN_POINT('',(-0.75,5.E-02,0.635));
#425 = VECTOR('',#426,1.);
#426 = DIRECTION('',(-1.,0.,0.));
#427 = ORIENTED_EDGE('',*,*,#428,.F.);
#428 = EDGE_CURVE('',#429,#421,#431,.T.);
#429 = VERTEX_POINT('',#430);
#430 = CARTESIAN_POINT('',(-1.5,5.E-02,0.865));
#431 = LINE('',#432,#433);
#432 = CARTESIAN_POINT('',(-1.5,5.E-02,1.5));
#433 = VECTOR('',#434,1.);
#434 = DIRECTION('',(0.,-2.22044604925E-16,-1.));
#435 = ORIENTED_EDGE('',*,*,#436,.T.);
#436 = EDGE_CURVE('',#429,#437,#439,.T.);
#437 = VERTEX_POINT('',#438);
#438 = CARTESIAN_POINT('',(-1.14,5.E-02,0.865));
#439 = LINE('',#440,#441);
#440 = CARTESIAN_POINT('',(-0.57,5.E-02,0.865));
#441 = VECTOR('',#442,1.);
#442 = DIRECTION('',(1.,0.,0.));
#443 = ORIENTED_EDGE('',*,*,#444,.T.);
#444 = EDGE_CURVE('',#437,#445,#447,.T.);
#445 = VERTEX_POINT('',#446);
#446 = CARTESIAN_POINT('',(-1.14,5.E-02,1.135));
#447 = CIRCLE('',#448,0.135);
#448 = AXIS2_PLACEMENT_3D('',#449,#450,#451);
#449 = CARTESIAN_POINT('',(-1.14,5.E-02,1.));
#450 = DIRECTION('',(0.,-1.,2.22044604925E-16));
#451 = DIRECTION('',(1.,0.,0.));
#452 = ORIENTED_EDGE('',*,*,#453,.T.);
#453 = EDGE_CURVE('',#445,#454,#456,.T.);
#454 = VERTEX_POINT('',#455);
#455 = CARTESIAN_POINT('',(-1.5,5.E-02,1.135));
#456 = LINE('',#457,#458);
#457 = CARTESIAN_POINT('',(-0.75,5.E-02,1.135));
#458 = VECTOR('',#459,1.);
#459 = DIRECTION('',(-1.,0.,0.));
#460 = ORIENTED_EDGE('',*,*,#461,.F.);
#461 = EDGE_CURVE('',#462,#454,#464,.T.);
#462 = VERTEX_POINT('',#463);
#463 = CARTESIAN_POINT('',(-1.5,5.E-02,1.5));
#464 = LINE('',#465,#466);
#465 = CARTESIAN_POINT('',(-1.5,5.E-02,1.5));
#466 = VECTOR('',#467,1.);
#467 = DIRECTION('',(0.,-2.22044604925E-16,-1.));
#468 = ORIENTED_EDGE('',*,*,#469,.F.);
#469 = EDGE_CURVE('',#114,#462,#470,.T.);
#470 = LINE('',#471,#472);
#471 = CARTESIAN_POINT('',(1.5,5.E-02,1.5));
#472 = VECTOR('',#473,1.);
#473 = DIRECTION('',(-1.,0.,0.));
#474 = ORIENTED_EDGE('',*,*,#121,.F.);
#475 = ORIENTED_EDGE('',*,*,#476,.T.);
#476 = EDGE_CURVE('',#122,#477,#479,.T.);
#477 = VERTEX_POINT('',#478);
#478 = CARTESIAN_POINT('',(1.14,5.E-02,1.135));
#479 = LINE('',#480,#481);
#480 = CARTESIAN_POINT('',(0.57,5.E-02,1.135));
#481 = VECTOR('',#482,1.);
#482 = DIRECTION('',(-1.,0.,0.));
#483 = ORIENTED_EDGE('',*,*,#484,.T.);
#484 = EDGE_CURVE('',#477,#485,#487,.T.);
#485 = VERTEX_POINT('',#486);
#486 = CARTESIAN_POINT('',(1.14,5.E-02,0.865));
#487 = CIRCLE('',#488,0.135);
#488 = AXIS2_PLACEMENT_3D('',#489,#490,#491);
#489 = CARTESIAN_POINT('',(1.14,5.E-02,1.));
#490 = DIRECTION('',(0.,-1.,2.22044604925E-16));
#491 = DIRECTION('',(1.,0.,0.));
#492 = ORIENTED_EDGE('',*,*,#493,.T.);
#493 = EDGE_CURVE('',#485,#146,#494,.T.);
#494 = LINE('',#495,#496);
#495 = CARTESIAN_POINT('',(0.75,5.E-02,0.865));
#496 = VECTOR('',#497,1.);
#497 = DIRECTION('',(1.,0.,0.));
#498 = ORIENTED_EDGE('',*,*,#153,.F.);
#499 = ORIENTED_EDGE('',*,*,#500,.T.);
#500 = EDGE_CURVE('',#154,#501,#503,.T.);
#501 = VERTEX_POINT('',#502);
#502 = CARTESIAN_POINT('',(1.14,5.E-02,0.635));
#503 = LINE('',#504,#505);
#504 = CARTESIAN_POINT('',(0.57,5.E-02,0.635));
#505 = VECTOR('',#506,1.);
#506 = DIRECTION('',(-1.,0.,0.));
#507 = ORIENTED_EDGE('',*,*,#508,.T.);
#508 = EDGE_CURVE('',#501,#509,#511,.T.);
#509 = VERTEX_POINT('',#510);
#510 = CARTESIAN_POINT('',(1.14,5.E-02,0.365));
#511 = CIRCLE('',#512,0.135);
#512 = AXIS2_PLACEMENT_3D('',#513,#514,#515);
#513 = CARTESIAN_POINT('',(1.14,5.E-02,0.5));
#514 = DIRECTION('',(0.,-1.,2.22044604925E-16));
#515 = DIRECTION('',(1.,0.,0.));
#516 = ORIENTED_EDGE('',*,*,#517,.T.);
#517 = EDGE_CURVE('',#509,#178,#518,.T.);
#518 = LINE('',#519,#520);
#519 = CARTESIAN_POINT('',(0.75,5.E-02,0.365));
#520 = VECTOR('',#521,1.);
#521 = DIRECTION('',(1.,0.,0.));
#522 = ORIENTED_EDGE('',*,*,#185,.F.);
#523 = ORIENTED_EDGE('',*,*,#524,.T.);
#524 = EDGE_CURVE('',#186,#525,#527,.T.);
#525 = VERTEX_POINT('',#526);
#526 = CARTESIAN_POINT('',(1.14,5.E-02,0.135));
#527 = LINE('',#528,#529);
#528 = CARTESIAN_POINT('',(0.57,5.E-02,0.135));
#529 = VECTOR('',#530,1.);
#530 = DIRECTION('',(-1.,0.,0.));
#531 = ORIENTED_EDGE('',*,*,#532,.T.);
#532 = EDGE_CURVE('',#525,#533,#535,.T.);
#533 = VERTEX_POINT('',#534);
#534 = CARTESIAN_POINT('',(1.14,5.E-02,-0.135));
#535 = CIRCLE('',#536,0.135);
#536 = AXIS2_PLACEMENT_3D('',#537,#538,#539);
#537 = CARTESIAN_POINT('',(1.14,5.E-02,-1.110223024625E-17));
#538 = DIRECTION('',(0.,-1.,2.22044604925E-16));
#539 = DIRECTION('',(1.,0.,0.));
#540 = ORIENTED_EDGE('',*,*,#541,.T.);
#541 = EDGE_CURVE('',#533,#210,#542,.T.);
#542 = LINE('',#543,#544);
#543 = CARTESIAN_POINT('',(0.75,5.E-02,-0.135));
#544 = VECTOR('',#545,1.);
#545 = DIRECTION('',(1.,0.,0.));
#546 = ORIENTED_EDGE('',*,*,#217,.F.);
#547 = ORIENTED_EDGE('',*,*,#548,.T.);
#548 = EDGE_CURVE('',#218,#549,#551,.T.);
#549 = VERTEX_POINT('',#550);
#550 = CARTESIAN_POINT('',(1.14,5.E-02,-0.365));
#551 = LINE('',#552,#553);
#552 = CARTESIAN_POINT('',(0.57,5.E-02,-0.365));
#553 = VECTOR('',#554,1.);
#554 = DIRECTION('',(-1.,0.,0.));
#555 = ORIENTED_EDGE('',*,*,#556,.T.);
#556 = EDGE_CURVE('',#549,#557,#559,.T.);
#557 = VERTEX_POINT('',#558);
#558 = CARTESIAN_POINT('',(1.14,5.E-02,-0.635));
#559 = CIRCLE('',#560,0.135);
#560 = AXIS2_PLACEMENT_3D('',#561,#562,#563);
#561 = CARTESIAN_POINT('',(1.14,5.E-02,-0.5));
#562 = DIRECTION('',(0.,-1.,2.22044604925E-16));
#563 = DIRECTION('',(1.,0.,0.));
#564 = ORIENTED_EDGE('',*,*,#565,.T.);
#565 = EDGE_CURVE('',#557,#242,#566,.T.);
#566 = LINE('',#567,#568);
#567 = CARTESIAN_POINT('',(0.75,5.E-02,-0.635));
#568 = VECTOR('',#569,1.);
#569 = DIRECTION('',(1.,0.,0.));
#570 = ORIENTED_EDGE('',*,*,#249,.F.);
#571 = ORIENTED_EDGE('',*,*,#572,.T.);
#572 = EDGE_CURVE('',#250,#573,#575,.T.);
#573 = VERTEX_POINT('',#574);
#574 = CARTESIAN_POINT('',(1.14,5.E-02,-0.865));
#575 = LINE('',#576,#577);
#576 = CARTESIAN_POINT('',(0.57,5.E-02,-0.865));
#577 = VECTOR('',#578,1.);
#578 = DIRECTION('',(-1.,0.,0.));
#579 = ORIENTED_EDGE('',*,*,#580,.T.);
#580 = EDGE_CURVE('',#573,#581,#583,.T.);
#581 = VERTEX_POINT('',#582);
#582 = CARTESIAN_POINT('',(1.14,5.E-02,-1.135));
#583 = CIRCLE('',#584,0.135);
#584 = AXIS2_PLACEMENT_3D('',#585,#586,#587);
#585 = CARTESIAN_POINT('',(1.14,5.E-02,-1.));
#586 = DIRECTION('',(0.,-1.,2.22044604925E-16));
#587 = DIRECTION('',(1.,0.,0.));
#588 = ORIENTED_EDGE('',*,*,#589,.T.);
#589 = EDGE_CURVE('',#581,#90,#590,.T.);
#590 = LINE('',#591,#592);
#591 = CARTESIAN_POINT('',(0.75,5.E-02,-1.135));
#592 = VECTOR('',#593,1.);
#593 = DIRECTION('',(1.,0.,0.));
#594 = PLANE('',#595);
#595 = AXIS2_PLACEMENT_3D('',#596,#597,#598);
#596 = CARTESIAN_POINT('',(0.,5.E-02,-1.387778780781E-17));
#597 = DIRECTION('',(0.,1.,0.));
#598 = DIRECTION('',(0.,0.,1.));
#599 = ADVANCED_FACE('',(#600),#618,.T.);
#600 = FACE_BOUND('',#601,.T.);
#601 = EDGE_LOOP('',(#602,#603,#604,#612));
#602 = ORIENTED_EDGE('',*,*,#589,.T.);
#603 = ORIENTED_EDGE('',*,*,#273,.T.);
#604 = ORIENTED_EDGE('',*,*,#605,.T.);
#605 = EDGE_CURVE('',#266,#606,#608,.T.);
#606 = VERTEX_POINT('',#607);
#607 = CARTESIAN_POINT('',(1.14,0.2,-1.135));
#608 = LINE('',#609,#610);
#609 = CARTESIAN_POINT('',(1.5,0.2,-1.135));
#610 = VECTOR('',#611,1.);
#611 = DIRECTION('',(-1.,0.,0.));
#612 = ORIENTED_EDGE('',*,*,#613,.F.);
#613 = EDGE_CURVE('',#581,#606,#614,.T.);
#614 = LINE('',#615,#616);
#615 = CARTESIAN_POINT('',(1.14,-2.520206265899E-16,-1.135));
#616 = VECTOR('',#617,1.);
#617 = DIRECTION('',(0.,1.,-2.22044604925E-16));
#618 = PLANE('',#619);
#619 = AXIS2_PLACEMENT_3D('',#620,#621,#622);
#620 = CARTESIAN_POINT('',(1.5,-2.520206265899E-16,-1.135));
#621 = DIRECTION('',(0.,2.22044604925E-16,1.));
#622 = DIRECTION('',(-1.,0.,0.));
#623 = ADVANCED_FACE('',(#624),#643,.F.);
#624 = FACE_BOUND('',#625,.F.);
#625 = EDGE_LOOP('',(#626,#627,#628,#637));
#626 = ORIENTED_EDGE('',*,*,#265,.T.);
#627 = ORIENTED_EDGE('',*,*,#605,.T.);
#628 = ORIENTED_EDGE('',*,*,#629,.F.);
#629 = EDGE_CURVE('',#630,#606,#632,.T.);
#630 = VERTEX_POINT('',#631);
#631 = CARTESIAN_POINT('',(1.14,0.2,-0.865));
#632 = CIRCLE('',#633,0.135);
#633 = AXIS2_PLACEMENT_3D('',#634,#635,#636);
#634 = CARTESIAN_POINT('',(1.14,0.2,-1.));
#635 = DIRECTION('',(0.,-1.,2.22044604925E-16));
#636 = DIRECTION('',(1.,0.,0.));
#637 = ORIENTED_EDGE('',*,*,#638,.T.);
#638 = EDGE_CURVE('',#630,#258,#639,.T.);
#639 = LINE('',#640,#641);
#640 = CARTESIAN_POINT('',(1.14,0.2,-0.865));
#641 = VECTOR('',#642,1.);
#642 = DIRECTION('',(1.,0.,0.));
#643 = PLANE('',#644);
#644 = AXIS2_PLACEMENT_3D('',#645,#646,#647);
#645 = CARTESIAN_POINT('',(1.27995223945,0.2,-1.));
#646 = DIRECTION('',(0.,1.,0.));
#647 = DIRECTION('',(0.,0.,1.));
#648 = ADVANCED_FACE('',(#649),#660,.T.);
#649 = FACE_BOUND('',#650,.T.);
#650 = EDGE_LOOP('',(#651,#652,#658,#659));
#651 = ORIENTED_EDGE('',*,*,#572,.T.);
#652 = ORIENTED_EDGE('',*,*,#653,.T.);
#653 = EDGE_CURVE('',#573,#630,#654,.T.);
#654 = LINE('',#655,#656);
#655 = CARTESIAN_POINT('',(1.14,-1.920685832602E-16,-0.865));
#656 = VECTOR('',#657,1.);
#657 = DIRECTION('',(0.,1.,-2.22044604925E-16));
#658 = ORIENTED_EDGE('',*,*,#638,.T.);
#659 = ORIENTED_EDGE('',*,*,#257,.F.);
#660 = PLANE('',#661);
#661 = AXIS2_PLACEMENT_3D('',#662,#663,#664);
#662 = CARTESIAN_POINT('',(1.14,-1.920685832602E-16,-0.865));
#663 = DIRECTION('',(0.,-2.22044604925E-16,-1.));
#664 = DIRECTION('',(1.,0.,0.));
#665 = ADVANCED_FACE('',(#666),#684,.T.);
#666 = FACE_BOUND('',#667,.T.);
#667 = EDGE_LOOP('',(#668,#669,#670,#678));
#668 = ORIENTED_EDGE('',*,*,#565,.T.);
#669 = ORIENTED_EDGE('',*,*,#241,.T.);
#670 = ORIENTED_EDGE('',*,*,#671,.T.);
#671 = EDGE_CURVE('',#234,#672,#674,.T.);
#672 = VERTEX_POINT('',#673);
#673 = CARTESIAN_POINT('',(1.14,0.2,-0.635));
#674 = LINE('',#675,#676);
#675 = CARTESIAN_POINT('',(1.5,0.2,-0.635));
#676 = VECTOR('',#677,1.);
#677 = DIRECTION('',(-1.,0.,0.));
#678 = ORIENTED_EDGE('',*,*,#679,.F.);
#679 = EDGE_CURVE('',#557,#672,#680,.T.);
#680 = LINE('',#681,#682);
#681 = CARTESIAN_POINT('',(1.14,-2.22044604925E-16,-0.635));
#682 = VECTOR('',#683,1.);
#683 = DIRECTION('',(0.,1.,-2.22044604925E-16));
#684 = PLANE('',#685);
#685 = AXIS2_PLACEMENT_3D('',#686,#687,#688);
#686 = CARTESIAN_POINT('',(1.5,-2.22044604925E-16,-0.635));
#687 = DIRECTION('',(0.,2.22044604925E-16,1.));
#688 = DIRECTION('',(-1.,0.,0.));
#689 = ADVANCED_FACE('',(#690),#709,.F.);
#690 = FACE_BOUND('',#691,.F.);
#691 = EDGE_LOOP('',(#692,#693,#694,#703));
#692 = ORIENTED_EDGE('',*,*,#233,.T.);
#693 = ORIENTED_EDGE('',*,*,#671,.T.);
#694 = ORIENTED_EDGE('',*,*,#695,.F.);
#695 = EDGE_CURVE('',#696,#672,#698,.T.);
#696 = VERTEX_POINT('',#697);
#697 = CARTESIAN_POINT('',(1.14,0.2,-0.365));
#698 = CIRCLE('',#699,0.135);
#699 = AXIS2_PLACEMENT_3D('',#700,#701,#702);
#700 = CARTESIAN_POINT('',(1.14,0.2,-0.5));
#701 = DIRECTION('',(0.,-1.,2.22044604925E-16));
#702 = DIRECTION('',(1.,0.,0.));
#703 = ORIENTED_EDGE('',*,*,#704,.T.);
#704 = EDGE_CURVE('',#696,#226,#705,.T.);
#705 = LINE('',#706,#707);
#706 = CARTESIAN_POINT('',(1.14,0.2,-0.365));
#707 = VECTOR('',#708,1.);
#708 = DIRECTION('',(1.,0.,0.));
#709 = PLANE('',#710);
#710 = AXIS2_PLACEMENT_3D('',#711,#712,#713);
#711 = CARTESIAN_POINT('',(1.27995223945,0.2,-0.5));
#712 = DIRECTION('',(0.,1.,0.));
#713 = DIRECTION('',(0.,0.,1.));
#714 = ADVANCED_FACE('',(#715),#726,.T.);
#715 = FACE_BOUND('',#716,.T.);
#716 = EDGE_LOOP('',(#717,#718,#724,#725));
#717 = ORIENTED_EDGE('',*,*,#548,.T.);
#718 = ORIENTED_EDGE('',*,*,#719,.T.);
#719 = EDGE_CURVE('',#549,#696,#720,.T.);
#720 = LINE('',#721,#722);
#721 = CARTESIAN_POINT('',(1.14,-1.110223024625E-16,-0.365));
#722 = VECTOR('',#723,1.);
#723 = DIRECTION('',(0.,1.,-2.22044604925E-16));
#724 = ORIENTED_EDGE('',*,*,#704,.T.);
#725 = ORIENTED_EDGE('',*,*,#225,.F.);
#726 = PLANE('',#727);
#727 = AXIS2_PLACEMENT_3D('',#728,#729,#730);
#728 = CARTESIAN_POINT('',(1.14,-1.110223024625E-16,-0.365));
#729 = DIRECTION('',(0.,-2.22044604925E-16,-1.));
#730 = DIRECTION('',(1.,0.,0.));
#731 = ADVANCED_FACE('',(#732),#750,.T.);
#732 = FACE_BOUND('',#733,.T.);
#733 = EDGE_LOOP('',(#734,#735,#736,#744));
#734 = ORIENTED_EDGE('',*,*,#541,.T.);
#735 = ORIENTED_EDGE('',*,*,#209,.T.);
#736 = ORIENTED_EDGE('',*,*,#737,.T.);
#737 = EDGE_CURVE('',#202,#738,#740,.T.);
#738 = VERTEX_POINT('',#739);
#739 = CARTESIAN_POINT('',(1.14,0.2,-0.135));
#740 = LINE('',#741,#742);
#741 = CARTESIAN_POINT('',(1.5,0.2,-0.135));
#742 = VECTOR('',#743,1.);
#743 = DIRECTION('',(-1.,0.,0.));
#744 = ORIENTED_EDGE('',*,*,#745,.F.);
#745 = EDGE_CURVE('',#533,#738,#746,.T.);
#746 = LINE('',#747,#748);
#747 = CARTESIAN_POINT('',(1.14,-2.22044604925E-16,-0.135));
#748 = VECTOR('',#749,1.);
#749 = DIRECTION('',(0.,1.,-2.22044604925E-16));
#750 = PLANE('',#751);
#751 = AXIS2_PLACEMENT_3D('',#752,#753,#754);
#752 = CARTESIAN_POINT('',(1.5,-2.22044604925E-16,-0.135));
#753 = DIRECTION('',(0.,2.22044604925E-16,1.));
#754 = DIRECTION('',(-1.,0.,0.));
#755 = ADVANCED_FACE('',(#756),#775,.F.);
#756 = FACE_BOUND('',#757,.F.);
#757 = EDGE_LOOP('',(#758,#759,#760,#769));
#758 = ORIENTED_EDGE('',*,*,#201,.T.);
#759 = ORIENTED_EDGE('',*,*,#737,.T.);
#760 = ORIENTED_EDGE('',*,*,#761,.F.);
#761 = EDGE_CURVE('',#762,#738,#764,.T.);
#762 = VERTEX_POINT('',#763);
#763 = CARTESIAN_POINT('',(1.14,0.2,0.135));
#764 = CIRCLE('',#765,0.135);
#765 = AXIS2_PLACEMENT_3D('',#766,#767,#768);
#766 = CARTESIAN_POINT('',(1.14,0.2,-2.775557561563E-17));
#767 = DIRECTION('',(0.,-1.,2.22044604925E-16));
#768 = DIRECTION('',(1.,0.,0.));
#769 = ORIENTED_EDGE('',*,*,#770,.T.);
#770 = EDGE_CURVE('',#762,#194,#771,.T.);
#771 = LINE('',#772,#773);
#772 = CARTESIAN_POINT('',(1.14,0.2,0.135));
#773 = VECTOR('',#774,1.);
#774 = DIRECTION('',(1.,0.,0.));
#775 = PLANE('',#776);
#776 = AXIS2_PLACEMENT_3D('',#777,#778,#779);
#777 = CARTESIAN_POINT('',(1.27995223945,0.2,3.330669073875E-16));
#778 = DIRECTION('',(0.,1.,0.));
#779 = DIRECTION('',(0.,0.,1.));
#780 = ADVANCED_FACE('',(#781),#792,.T.);
#781 = FACE_BOUND('',#782,.T.);
#782 = EDGE_LOOP('',(#783,#784,#790,#791));
#783 = ORIENTED_EDGE('',*,*,#524,.T.);
#784 = ORIENTED_EDGE('',*,*,#785,.T.);
#785 = EDGE_CURVE('',#525,#762,#786,.T.);
#786 = LINE('',#787,#788);
#787 = CARTESIAN_POINT('',(1.14,0.,0.135));
#788 = VECTOR('',#789,1.);
#789 = DIRECTION('',(0.,1.,-2.22044604925E-16));
#790 = ORIENTED_EDGE('',*,*,#770,.T.);
#791 = ORIENTED_EDGE('',*,*,#193,.F.);
#792 = PLANE('',#793);
#793 = AXIS2_PLACEMENT_3D('',#794,#795,#796);
#794 = CARTESIAN_POINT('',(1.14,0.,0.135));
#795 = DIRECTION('',(0.,-2.22044604925E-16,-1.));
#796 = DIRECTION('',(1.,0.,0.));
#797 = ADVANCED_FACE('',(#798),#816,.T.);
#798 = FACE_BOUND('',#799,.T.);
#799 = EDGE_LOOP('',(#800,#801,#802,#810));
#800 = ORIENTED_EDGE('',*,*,#517,.T.);
#801 = ORIENTED_EDGE('',*,*,#177,.T.);
#802 = ORIENTED_EDGE('',*,*,#803,.T.);
#803 = EDGE_CURVE('',#170,#804,#806,.T.);
#804 = VERTEX_POINT('',#805);
#805 = CARTESIAN_POINT('',(1.14,0.2,0.365));
#806 = LINE('',#807,#808);
#807 = CARTESIAN_POINT('',(1.5,0.2,0.365));
#808 = VECTOR('',#809,1.);
#809 = DIRECTION('',(-1.,0.,0.));
#810 = ORIENTED_EDGE('',*,*,#811,.F.);
#811 = EDGE_CURVE('',#509,#804,#812,.T.);
#812 = LINE('',#813,#814);
#813 = CARTESIAN_POINT('',(1.14,0.,0.365));
#814 = VECTOR('',#815,1.);
#815 = DIRECTION('',(0.,1.,-2.22044604925E-16));
#816 = PLANE('',#817);
#817 = AXIS2_PLACEMENT_3D('',#818,#819,#820);
#818 = CARTESIAN_POINT('',(1.5,0.,0.365));
#819 = DIRECTION('',(0.,2.22044604925E-16,1.));
#820 = DIRECTION('',(-1.,0.,0.));
#821 = ADVANCED_FACE('',(#822),#841,.F.);
#822 = FACE_BOUND('',#823,.F.);
#823 = EDGE_LOOP('',(#824,#825,#826,#835));
#824 = ORIENTED_EDGE('',*,*,#169,.T.);
#825 = ORIENTED_EDGE('',*,*,#803,.T.);
#826 = ORIENTED_EDGE('',*,*,#827,.F.);
#827 = EDGE_CURVE('',#828,#804,#830,.T.);
#828 = VERTEX_POINT('',#829);
#829 = CARTESIAN_POINT('',(1.14,0.2,0.635));
#830 = CIRCLE('',#831,0.135);
#831 = AXIS2_PLACEMENT_3D('',#832,#833,#834);
#832 = CARTESIAN_POINT('',(1.14,0.2,0.5));
#833 = DIRECTION('',(0.,-1.,2.22044604925E-16));
#834 = DIRECTION('',(1.,0.,0.));
#835 = ORIENTED_EDGE('',*,*,#836,.T.);
#836 = EDGE_CURVE('',#828,#162,#837,.T.);
#837 = LINE('',#838,#839);
#838 = CARTESIAN_POINT('',(1.14,0.2,0.635));
#839 = VECTOR('',#840,1.);
#840 = DIRECTION('',(1.,0.,0.));
#841 = PLANE('',#842);
#842 = AXIS2_PLACEMENT_3D('',#843,#844,#845);
#843 = CARTESIAN_POINT('',(1.27995223945,0.2,0.5));
#844 = DIRECTION('',(0.,1.,0.));
#845 = DIRECTION('',(0.,0.,1.));
#846 = ADVANCED_FACE('',(#847),#858,.T.);
#847 = FACE_BOUND('',#848,.T.);
#848 = EDGE_LOOP('',(#849,#850,#856,#857));
#849 = ORIENTED_EDGE('',*,*,#500,.T.);
#850 = ORIENTED_EDGE('',*,*,#851,.T.);
#851 = EDGE_CURVE('',#501,#828,#852,.T.);
#852 = LINE('',#853,#854);
#853 = CARTESIAN_POINT('',(1.14,0.,0.635));
#854 = VECTOR('',#855,1.);
#855 = DIRECTION('',(0.,1.,-2.22044604925E-16));
#856 = ORIENTED_EDGE('',*,*,#836,.T.);
#857 = ORIENTED_EDGE('',*,*,#161,.F.);
#858 = PLANE('',#859);
#859 = AXIS2_PLACEMENT_3D('',#860,#861,#862);
#860 = CARTESIAN_POINT('',(1.14,0.,0.635));
#861 = DIRECTION('',(0.,-2.22044604925E-16,-1.));
#862 = DIRECTION('',(1.,0.,0.));
#863 = ADVANCED_FACE('',(#864),#882,.T.);
#864 = FACE_BOUND('',#865,.T.);
#865 = EDGE_LOOP('',(#866,#867,#868,#876));
#866 = ORIENTED_EDGE('',*,*,#493,.T.);
#867 = ORIENTED_EDGE('',*,*,#145,.T.);
#868 = ORIENTED_EDGE('',*,*,#869,.T.);
#869 = EDGE_CURVE('',#138,#870,#872,.T.);
#870 = VERTEX_POINT('',#871);
#871 = CARTESIAN_POINT('',(1.14,0.2,0.865));
#872 = LINE('',#873,#874);
#873 = CARTESIAN_POINT('',(1.5,0.2,0.865));
#874 = VECTOR('',#875,1.);
#875 = DIRECTION('',(-1.,0.,0.));
#876 = ORIENTED_EDGE('',*,*,#877,.F.);
#877 = EDGE_CURVE('',#485,#870,#878,.T.);
#878 = LINE('',#879,#880);
#879 = CARTESIAN_POINT('',(1.14,0.,0.865));
#880 = VECTOR('',#881,1.);
#881 = DIRECTION('',(0.,1.,-2.22044604925E-16));
#882 = PLANE('',#883);
#883 = AXIS2_PLACEMENT_3D('',#884,#885,#886);
#884 = CARTESIAN_POINT('',(1.5,0.,0.865));
#885 = DIRECTION('',(0.,2.22044604925E-16,1.));
#886 = DIRECTION('',(-1.,0.,0.));
#887 = ADVANCED_FACE('',(#888),#907,.F.);
#888 = FACE_BOUND('',#889,.F.);
#889 = EDGE_LOOP('',(#890,#891,#892,#901));
#890 = ORIENTED_EDGE('',*,*,#137,.T.);
#891 = ORIENTED_EDGE('',*,*,#869,.T.);
#892 = ORIENTED_EDGE('',*,*,#893,.F.);
#893 = EDGE_CURVE('',#894,#870,#896,.T.);
#894 = VERTEX_POINT('',#895);
#895 = CARTESIAN_POINT('',(1.14,0.2,1.135));
#896 = CIRCLE('',#897,0.135);
#897 = AXIS2_PLACEMENT_3D('',#898,#899,#900);
#898 = CARTESIAN_POINT('',(1.14,0.2,1.));
#899 = DIRECTION('',(0.,-1.,2.22044604925E-16));
#900 = DIRECTION('',(1.,0.,0.));
#901 = ORIENTED_EDGE('',*,*,#902,.T.);
#902 = EDGE_CURVE('',#894,#130,#903,.T.);
#903 = LINE('',#904,#905);
#904 = CARTESIAN_POINT('',(1.14,0.2,1.135));
#905 = VECTOR('',#906,1.);
#906 = DIRECTION('',(1.,0.,0.));
#907 = PLANE('',#908);
#908 = AXIS2_PLACEMENT_3D('',#909,#910,#911);
#909 = CARTESIAN_POINT('',(1.27995223945,0.2,1.));
#910 = DIRECTION('',(0.,1.,0.));
#911 = DIRECTION('',(0.,0.,1.));
#912 = ADVANCED_FACE('',(#913),#924,.T.);
#913 = FACE_BOUND('',#914,.T.);
#914 = EDGE_LOOP('',(#915,#916,#922,#923));
#915 = ORIENTED_EDGE('',*,*,#476,.T.);
#916 = ORIENTED_EDGE('',*,*,#917,.T.);
#917 = EDGE_CURVE('',#477,#894,#918,.T.);
#918 = LINE('',#919,#920);
#919 = CARTESIAN_POINT('',(1.14,0.,1.135));
#920 = VECTOR('',#921,1.);
#921 = DIRECTION('',(0.,1.,-2.22044604925E-16));
#922 = ORIENTED_EDGE('',*,*,#902,.T.);
#923 = ORIENTED_EDGE('',*,*,#129,.F.);
#924 = PLANE('',#925);
#925 = AXIS2_PLACEMENT_3D('',#926,#927,#928);
#926 = CARTESIAN_POINT('',(1.14,0.,1.135));
#927 = DIRECTION('',(0.,-2.22044604925E-16,-1.));
#928 = DIRECTION('',(1.,0.,0.));
#929 = ADVANCED_FACE('',(#930),#948,.T.);
#930 = FACE_BOUND('',#931,.T.);
#931 = EDGE_LOOP('',(#932,#933,#934,#942));
#932 = ORIENTED_EDGE('',*,*,#469,.F.);
#933 = ORIENTED_EDGE('',*,*,#113,.T.);
#934 = ORIENTED_EDGE('',*,*,#935,.T.);
#935 = EDGE_CURVE('',#106,#936,#938,.T.);
#936 = VERTEX_POINT('',#937);
#937 = CARTESIAN_POINT('',(-1.5,1.,1.5));
#938 = LINE('',#939,#940);
#939 = CARTESIAN_POINT('',(1.5,1.,1.5));
#940 = VECTOR('',#941,1.);
#941 = DIRECTION('',(-1.,0.,0.));
#942 = ORIENTED_EDGE('',*,*,#943,.F.);
#943 = EDGE_CURVE('',#462,#936,#944,.T.);
#944 = LINE('',#945,#946);
#945 = CARTESIAN_POINT('',(-1.5,3.330669073875E-16,1.5));
#946 = VECTOR('',#947,1.);
#947 = DIRECTION('',(0.,1.,-2.22044604925E-16));
#948 = PLANE('',#949);
#949 = AXIS2_PLACEMENT_3D('',#950,#951,#952);
#950 = CARTESIAN_POINT('',(1.5,3.330669073875E-16,1.5));
#951 = DIRECTION('',(0.,2.22044604925E-16,1.));
#952 = DIRECTION('',(-1.,0.,0.));
#953 = ADVANCED_FACE('',(#954,#972),#983,.T.);
#954 = FACE_BOUND('',#955,.T.);
#955 = EDGE_LOOP('',(#956,#957,#965,#971));
#956 = ORIENTED_EDGE('',*,*,#105,.F.);
#957 = ORIENTED_EDGE('',*,*,#958,.F.);
#958 = EDGE_CURVE('',#959,#98,#961,.T.);
#959 = VERTEX_POINT('',#960);
#960 = CARTESIAN_POINT('',(-1.5,1.,-1.5));
#961 = LINE('',#962,#963);
#962 = CARTESIAN_POINT('',(-1.5,1.,-1.5));
#963 = VECTOR('',#964,1.);
#964 = DIRECTION('',(1.,0.,0.));
#965 = ORIENTED_EDGE('',*,*,#966,.F.);
#966 = EDGE_CURVE('',#936,#959,#967,.T.);
#967 = LINE('',#968,#969);
#968 = CARTESIAN_POINT('',(-1.5,1.,1.5));
#969 = VECTOR('',#970,1.);
#970 = DIRECTION('',(0.,-2.22044604925E-16,-1.));
#971 = ORIENTED_EDGE('',*,*,#935,.F.);
#972 = FACE_BOUND('',#973,.T.);
#973 = EDGE_LOOP('',(#974));
#974 = ORIENTED_EDGE('',*,*,#975,.F.);
#975 = EDGE_CURVE('',#976,#976,#978,.T.);
#976 = VERTEX_POINT('',#977);
#977 = CARTESIAN_POINT('',(-0.969,1.,-1.119));
#978 = CIRCLE('',#979,0.15);
#979 = AXIS2_PLACEMENT_3D('',#980,#981,#982);
#980 = CARTESIAN_POINT('',(-1.119,1.,-1.119));
#981 = DIRECTION('',(-0.,1.,2.22044604925E-16));
#982 = DIRECTION('',(1.,0.,0.));
#983 = PLANE('',#984);
#984 = AXIS2_PLACEMENT_3D('',#985,#986,#987);
#985 = CARTESIAN_POINT('',(0.,1.,-2.22044604925E-16));
#986 = DIRECTION('',(0.,1.,0.));
#987 = DIRECTION('',(0.,0.,1.));
#988 = ADVANCED_FACE('',(#989),#1000,.T.);
#989 = FACE_BOUND('',#990,.T.);
#990 = EDGE_LOOP('',(#991,#992,#998,#999));
#991 = ORIENTED_EDGE('',*,*,#288,.F.);
#992 = ORIENTED_EDGE('',*,*,#993,.T.);
#993 = EDGE_CURVE('',#289,#959,#994,.T.);
#994 = LINE('',#995,#996);
#995 = CARTESIAN_POINT('',(-1.5,-3.330669073875E-16,-1.5));
#996 = VECTOR('',#997,1.);
#997 = DIRECTION('',(0.,1.,-2.22044604925E-16));
#998 = ORIENTED_EDGE('',*,*,#958,.T.);
#999 = ORIENTED_EDGE('',*,*,#97,.F.);
#1000 = PLANE('',#1001);
#1001 = AXIS2_PLACEMENT_3D('',#1002,#1003,#1004);
#1002 = CARTESIAN_POINT('',(-1.5,-3.330669073875E-16,-1.5));
#1003 = DIRECTION('',(0.,-2.22044604925E-16,-1.));
#1004 = DIRECTION('',(1.,0.,0.));
#1005 = ADVANCED_FACE('',(#1006),#1012,.F.);
#1006 = FACE_BOUND('',#1007,.F.);
#1007 = EDGE_LOOP('',(#1008,#1009,#1010,#1011));
#1008 = ORIENTED_EDGE('',*,*,#580,.F.);
#1009 = ORIENTED_EDGE('',*,*,#653,.T.);
#1010 = ORIENTED_EDGE('',*,*,#629,.T.);
#1011 = ORIENTED_EDGE('',*,*,#613,.F.);
#1012 = CYLINDRICAL_SURFACE('',#1013,0.135);
#1013 = AXIS2_PLACEMENT_3D('',#1014,#1015,#1016);
#1014 = CARTESIAN_POINT('',(1.14,-2.22044604925E-16,-1.));
#1015 = DIRECTION('',(0.,-1.,2.22044604925E-16));
#1016 = DIRECTION('',(1.,0.,0.));
#1017 = ADVANCED_FACE('',(#1018),#1024,.F.);
#1018 = FACE_BOUND('',#1019,.F.);
#1019 = EDGE_LOOP('',(#1020,#1021,#1022,#1023));
#1020 = ORIENTED_EDGE('',*,*,#556,.F.);
#1021 = ORIENTED_EDGE('',*,*,#719,.T.);
#1022 = ORIENTED_EDGE('',*,*,#695,.T.);
#1023 = ORIENTED_EDGE('',*,*,#679,.F.);
#1024 = CYLINDRICAL_SURFACE('',#1025,0.135);
#1025 = AXIS2_PLACEMENT_3D('',#1026,#1027,#1028);
#1026 = CARTESIAN_POINT('',(1.14,-2.22044604925E-16,-0.5));
#1027 = DIRECTION('',(0.,-1.,2.22044604925E-16));
#1028 = DIRECTION('',(1.,0.,0.));
#1029 = ADVANCED_FACE('',(#1030),#1036,.F.);
#1030 = FACE_BOUND('',#1031,.F.);
#1031 = EDGE_LOOP('',(#1032,#1033,#1034,#1035));
#1032 = ORIENTED_EDGE('',*,*,#532,.F.);
#1033 = ORIENTED_EDGE('',*,*,#785,.T.);
#1034 = ORIENTED_EDGE('',*,*,#761,.T.);
#1035 = ORIENTED_EDGE('',*,*,#745,.F.);
#1036 = CYLINDRICAL_SURFACE('',#1037,0.135);
#1037 = AXIS2_PLACEMENT_3D('',#1038,#1039,#1040);
#1038 = CARTESIAN_POINT('',(1.14,0.,1.110223024625E-16));
#1039 = DIRECTION('',(0.,-1.,2.22044604925E-16));
#1040 = DIRECTION('',(1.,0.,0.));
#1041 = ADVANCED_FACE('',(#1042),#1048,.F.);
#1042 = FACE_BOUND('',#1043,.F.);
#1043 = EDGE_LOOP('',(#1044,#1045,#1046,#1047));
#1044 = ORIENTED_EDGE('',*,*,#508,.F.);
#1045 = ORIENTED_EDGE('',*,*,#851,.T.);
#1046 = ORIENTED_EDGE('',*,*,#827,.T.);
#1047 = ORIENTED_EDGE('',*,*,#811,.F.);
#1048 = CYLINDRICAL_SURFACE('',#1049,0.135);
#1049 = AXIS2_PLACEMENT_3D('',#1050,#1051,#1052);
#1050 = CARTESIAN_POINT('',(1.14,0.,0.5));
#1051 = DIRECTION('',(0.,-1.,2.22044604925E-16));
#1052 = DIRECTION('',(1.,0.,0.));
#1053 = ADVANCED_FACE('',(#1054),#1060,.F.);
#1054 = FACE_BOUND('',#1055,.F.);
#1055 = EDGE_LOOP('',(#1056,#1057,#1058,#1059));
#1056 = ORIENTED_EDGE('',*,*,#484,.F.);
#1057 = ORIENTED_EDGE('',*,*,#917,.T.);
#1058 = ORIENTED_EDGE('',*,*,#893,.T.);
#1059 = ORIENTED_EDGE('',*,*,#877,.F.);
#1060 = CYLINDRICAL_SURFACE('',#1061,0.135);
#1061 = AXIS2_PLACEMENT_3D('',#1062,#1063,#1064);
#1062 = CARTESIAN_POINT('',(1.14,0.,1.));
#1063 = DIRECTION('',(0.,-1.,2.22044604925E-16));
#1064 = DIRECTION('',(1.,0.,0.));
#1065 = ADVANCED_FACE('',(#1066),#1187,.T.);
#1066 = FACE_BOUND('',#1067,.T.);
#1067 = EDGE_LOOP('',(#1068,#1069,#1070,#1071,#1072,#1073,#1081,#1089,
    #1095,#1096,#1104,#1112,#1118,#1119,#1127,#1135,#1141,#1142,#1150,
    #1158,#1164,#1165,#1173,#1181));
#1068 = ORIENTED_EDGE('',*,*,#461,.F.);
#1069 = ORIENTED_EDGE('',*,*,#943,.T.);
#1070 = ORIENTED_EDGE('',*,*,#966,.T.);
#1071 = ORIENTED_EDGE('',*,*,#993,.F.);
#1072 = ORIENTED_EDGE('',*,*,#296,.F.);
#1073 = ORIENTED_EDGE('',*,*,#1074,.T.);
#1074 = EDGE_CURVE('',#297,#1075,#1077,.T.);
#1075 = VERTEX_POINT('',#1076);
#1076 = CARTESIAN_POINT('',(-1.5,0.2,-1.135));
#1077 = LINE('',#1078,#1079);
#1078 = CARTESIAN_POINT('',(-1.5,-2.520206265899E-16,-1.135));
#1079 = VECTOR('',#1080,1.);
#1080 = DIRECTION('',(0.,1.,-2.22044604925E-16));
#1081 = ORIENTED_EDGE('',*,*,#1082,.T.);
#1082 = EDGE_CURVE('',#1075,#1083,#1085,.T.);
#1083 = VERTEX_POINT('',#1084);
#1084 = CARTESIAN_POINT('',(-1.5,0.2,-0.865));
#1085 = LINE('',#1086,#1087);
#1086 = CARTESIAN_POINT('',(-1.5,0.2,-1.135));
#1087 = VECTOR('',#1088,1.);
#1088 = DIRECTION('',(0.,2.22044604925E-16,1.));
#1089 = ORIENTED_EDGE('',*,*,#1090,.F.);
#1090 = EDGE_CURVE('',#322,#1083,#1091,.T.);
#1091 = LINE('',#1092,#1093);
#1092 = CARTESIAN_POINT('',(-1.5,-1.920685832602E-16,-0.865));
#1093 = VECTOR('',#1094,1.);
#1094 = DIRECTION('',(0.,1.,-2.22044604925E-16));
#1095 = ORIENTED_EDGE('',*,*,#329,.F.);
#1096 = ORIENTED_EDGE('',*,*,#1097,.T.);
#1097 = EDGE_CURVE('',#330,#1098,#1100,.T.);
#1098 = VERTEX_POINT('',#1099);
#1099 = CARTESIAN_POINT('',(-1.5,0.2,-0.635));
#1100 = LINE('',#1101,#1102);
#1101 = CARTESIAN_POINT('',(-1.5,-2.22044604925E-16,-0.635));
#1102 = VECTOR('',#1103,1.);
#1103 = DIRECTION('',(0.,1.,-2.22044604925E-16));
#1104 = ORIENTED_EDGE('',*,*,#1105,.T.);
#1105 = EDGE_CURVE('',#1098,#1106,#1108,.T.);
#1106 = VERTEX_POINT('',#1107);
#1107 = CARTESIAN_POINT('',(-1.5,0.2,-0.365));
#1108 = LINE('',#1109,#1110);
#1109 = CARTESIAN_POINT('',(-1.5,0.2,-0.635));
#1110 = VECTOR('',#1111,1.);
#1111 = DIRECTION('',(0.,2.22044604925E-16,1.));
#1112 = ORIENTED_EDGE('',*,*,#1113,.F.);
#1113 = EDGE_CURVE('',#355,#1106,#1114,.T.);
#1114 = LINE('',#1115,#1116);
#1115 = CARTESIAN_POINT('',(-1.5,-1.110223024625E-16,-0.365));
#1116 = VECTOR('',#1117,1.);
#1117 = DIRECTION('',(0.,1.,-2.22044604925E-16));
#1118 = ORIENTED_EDGE('',*,*,#362,.F.);
#1119 = ORIENTED_EDGE('',*,*,#1120,.T.);
#1120 = EDGE_CURVE('',#363,#1121,#1123,.T.);
#1121 = VERTEX_POINT('',#1122);
#1122 = CARTESIAN_POINT('',(-1.5,0.2,-0.135));
#1123 = LINE('',#1124,#1125);
#1124 = CARTESIAN_POINT('',(-1.5,-2.22044604925E-16,-0.135));
#1125 = VECTOR('',#1126,1.);
#1126 = DIRECTION('',(0.,1.,-2.22044604925E-16));
#1127 = ORIENTED_EDGE('',*,*,#1128,.T.);
#1128 = EDGE_CURVE('',#1121,#1129,#1131,.T.);
#1129 = VERTEX_POINT('',#1130);
#1130 = CARTESIAN_POINT('',(-1.5,0.2,0.135));
#1131 = LINE('',#1132,#1133);
#1132 = CARTESIAN_POINT('',(-1.5,0.2,-0.135));
#1133 = VECTOR('',#1134,1.);
#1134 = DIRECTION('',(0.,2.22044604925E-16,1.));
#1135 = ORIENTED_EDGE('',*,*,#1136,.F.);
#1136 = EDGE_CURVE('',#388,#1129,#1137,.T.);
#1137 = LINE('',#1138,#1139);
#1138 = CARTESIAN_POINT('',(-1.5,0.,0.135));
#1139 = VECTOR('',#1140,1.);
#1140 = DIRECTION('',(0.,1.,-2.22044604925E-16));
#1141 = ORIENTED_EDGE('',*,*,#395,.F.);
#1142 = ORIENTED_EDGE('',*,*,#1143,.T.);
#1143 = EDGE_CURVE('',#396,#1144,#1146,.T.);
#1144 = VERTEX_POINT('',#1145);
#1145 = CARTESIAN_POINT('',(-1.5,0.2,0.365));
#1146 = LINE('',#1147,#1148);
#1147 = CARTESIAN_POINT('',(-1.5,0.,0.365));
#1148 = VECTOR('',#1149,1.);
#1149 = DIRECTION('',(0.,1.,-2.22044604925E-16));
#1150 = ORIENTED_EDGE('',*,*,#1151,.T.);
#1151 = EDGE_CURVE('',#1144,#1152,#1154,.T.);
#1152 = VERTEX_POINT('',#1153);
#1153 = CARTESIAN_POINT('',(-1.5,0.2,0.635));
#1154 = LINE('',#1155,#1156);
#1155 = CARTESIAN_POINT('',(-1.5,0.2,0.365));
#1156 = VECTOR('',#1157,1.);
#1157 = DIRECTION('',(0.,2.22044604925E-16,1.));
#1158 = ORIENTED_EDGE('',*,*,#1159,.F.);
#1159 = EDGE_CURVE('',#421,#1152,#1160,.T.);
#1160 = LINE('',#1161,#1162);
#1161 = CARTESIAN_POINT('',(-1.5,0.,0.635));
#1162 = VECTOR('',#1163,1.);
#1163 = DIRECTION('',(0.,1.,-2.22044604925E-16));
#1164 = ORIENTED_EDGE('',*,*,#428,.F.);
#1165 = ORIENTED_EDGE('',*,*,#1166,.T.);
#1166 = EDGE_CURVE('',#429,#1167,#1169,.T.);
#1167 = VERTEX_POINT('',#1168);
#1168 = CARTESIAN_POINT('',(-1.5,0.2,0.865));
#1169 = LINE('',#1170,#1171);
#1170 = CARTESIAN_POINT('',(-1.5,0.,0.865));
#1171 = VECTOR('',#1172,1.);
#1172 = DIRECTION('',(0.,1.,-2.22044604925E-16));
#1173 = ORIENTED_EDGE('',*,*,#1174,.T.);
#1174 = EDGE_CURVE('',#1167,#1175,#1177,.T.);
#1175 = VERTEX_POINT('',#1176);
#1176 = CARTESIAN_POINT('',(-1.5,0.2,1.135));
#1177 = LINE('',#1178,#1179);
#1178 = CARTESIAN_POINT('',(-1.5,0.2,0.865));
#1179 = VECTOR('',#1180,1.);
#1180 = DIRECTION('',(0.,2.22044604925E-16,1.));
#1181 = ORIENTED_EDGE('',*,*,#1182,.F.);
#1182 = EDGE_CURVE('',#454,#1175,#1183,.T.);
#1183 = LINE('',#1184,#1185);
#1184 = CARTESIAN_POINT('',(-1.5,0.,1.135));
#1185 = VECTOR('',#1186,1.);
#1186 = DIRECTION('',(0.,1.,-2.22044604925E-16));
#1187 = PLANE('',#1188);
#1188 = AXIS2_PLACEMENT_3D('',#1189,#1190,#1191);
#1189 = CARTESIAN_POINT('',(-1.5,3.330669073875E-16,1.5));
#1190 = DIRECTION('',(-1.,0.,0.));
#1191 = DIRECTION('',(0.,-2.22044604925E-16,-1.));
#1192 = ADVANCED_FACE('',(#1193),#1211,.T.);
#1193 = FACE_BOUND('',#1194,.T.);
#1194 = EDGE_LOOP('',(#1195,#1196,#1197,#1205));
#1195 = ORIENTED_EDGE('',*,*,#453,.T.);
#1196 = ORIENTED_EDGE('',*,*,#1182,.T.);
#1197 = ORIENTED_EDGE('',*,*,#1198,.T.);
#1198 = EDGE_CURVE('',#1175,#1199,#1201,.T.);
#1199 = VERTEX_POINT('',#1200);
#1200 = CARTESIAN_POINT('',(-1.14,0.2,1.135));
#1201 = LINE('',#1202,#1203);
#1202 = CARTESIAN_POINT('',(-1.5,0.2,1.135));
#1203 = VECTOR('',#1204,1.);
#1204 = DIRECTION('',(1.,0.,0.));
#1205 = ORIENTED_EDGE('',*,*,#1206,.F.);
#1206 = EDGE_CURVE('',#445,#1199,#1207,.T.);
#1207 = LINE('',#1208,#1209);
#1208 = CARTESIAN_POINT('',(-1.14,0.,1.135));
#1209 = VECTOR('',#1210,1.);
#1210 = DIRECTION('',(0.,1.,-2.22044604925E-16));
#1211 = PLANE('',#1212);
#1212 = AXIS2_PLACEMENT_3D('',#1213,#1214,#1215);
#1213 = CARTESIAN_POINT('',(-1.5,0.,1.135));
#1214 = DIRECTION('',(0.,-2.22044604925E-16,-1.));
#1215 = DIRECTION('',(1.,0.,0.));
#1216 = ADVANCED_FACE('',(#1217),#1236,.F.);
#1217 = FACE_BOUND('',#1218,.F.);
#1218 = EDGE_LOOP('',(#1219,#1220,#1228,#1235));
#1219 = ORIENTED_EDGE('',*,*,#444,.F.);
#1220 = ORIENTED_EDGE('',*,*,#1221,.T.);
#1221 = EDGE_CURVE('',#437,#1222,#1224,.T.);
#1222 = VERTEX_POINT('',#1223);
#1223 = CARTESIAN_POINT('',(-1.14,0.2,0.865));
#1224 = LINE('',#1225,#1226);
#1225 = CARTESIAN_POINT('',(-1.14,0.,0.865));
#1226 = VECTOR('',#1227,1.);
#1227 = DIRECTION('',(0.,1.,-2.22044604925E-16));
#1228 = ORIENTED_EDGE('',*,*,#1229,.T.);
#1229 = EDGE_CURVE('',#1222,#1199,#1230,.T.);
#1230 = CIRCLE('',#1231,0.135);
#1231 = AXIS2_PLACEMENT_3D('',#1232,#1233,#1234);
#1232 = CARTESIAN_POINT('',(-1.14,0.2,1.));
#1233 = DIRECTION('',(0.,-1.,2.22044604925E-16));
#1234 = DIRECTION('',(1.,0.,0.));
#1235 = ORIENTED_EDGE('',*,*,#1206,.F.);
#1236 = CYLINDRICAL_SURFACE('',#1237,0.135);
#1237 = AXIS2_PLACEMENT_3D('',#1238,#1239,#1240);
#1238 = CARTESIAN_POINT('',(-1.14,0.,1.));
#1239 = DIRECTION('',(0.,-1.,2.22044604925E-16));
#1240 = DIRECTION('',(1.,0.,0.));
#1241 = ADVANCED_FACE('',(#1242),#1253,.T.);
#1242 = FACE_BOUND('',#1243,.T.);
#1243 = EDGE_LOOP('',(#1244,#1245,#1246,#1252));
#1244 = ORIENTED_EDGE('',*,*,#436,.T.);
#1245 = ORIENTED_EDGE('',*,*,#1221,.T.);
#1246 = ORIENTED_EDGE('',*,*,#1247,.T.);
#1247 = EDGE_CURVE('',#1222,#1167,#1248,.T.);
#1248 = LINE('',#1249,#1250);
#1249 = CARTESIAN_POINT('',(-1.14,0.2,0.865));
#1250 = VECTOR('',#1251,1.);
#1251 = DIRECTION('',(-1.,0.,0.));
#1252 = ORIENTED_EDGE('',*,*,#1166,.F.);
#1253 = PLANE('',#1254);
#1254 = AXIS2_PLACEMENT_3D('',#1255,#1256,#1257);
#1255 = CARTESIAN_POINT('',(-1.14,0.,0.865));
#1256 = DIRECTION('',(0.,2.22044604925E-16,1.));
#1257 = DIRECTION('',(-1.,0.,0.));
#1258 = ADVANCED_FACE('',(#1259),#1277,.T.);
#1259 = FACE_BOUND('',#1260,.T.);
#1260 = EDGE_LOOP('',(#1261,#1262,#1263,#1271));
#1261 = ORIENTED_EDGE('',*,*,#420,.T.);
#1262 = ORIENTED_EDGE('',*,*,#1159,.T.);
#1263 = ORIENTED_EDGE('',*,*,#1264,.T.);
#1264 = EDGE_CURVE('',#1152,#1265,#1267,.T.);
#1265 = VERTEX_POINT('',#1266);
#1266 = CARTESIAN_POINT('',(-1.14,0.2,0.635));
#1267 = LINE('',#1268,#1269);
#1268 = CARTESIAN_POINT('',(-1.5,0.2,0.635));
#1269 = VECTOR('',#1270,1.);
#1270 = DIRECTION('',(1.,0.,0.));
#1271 = ORIENTED_EDGE('',*,*,#1272,.F.);
#1272 = EDGE_CURVE('',#412,#1265,#1273,.T.);
#1273 = LINE('',#1274,#1275);
#1274 = CARTESIAN_POINT('',(-1.14,0.,0.635));
#1275 = VECTOR('',#1276,1.);
#1276 = DIRECTION('',(0.,1.,-2.22044604925E-16));
#1277 = PLANE('',#1278);
#1278 = AXIS2_PLACEMENT_3D('',#1279,#1280,#1281);
#1279 = CARTESIAN_POINT('',(-1.5,0.,0.635));
#1280 = DIRECTION('',(0.,-2.22044604925E-16,-1.));
#1281 = DIRECTION('',(1.,0.,0.));
#1282 = ADVANCED_FACE('',(#1283),#1302,.F.);
#1283 = FACE_BOUND('',#1284,.F.);
#1284 = EDGE_LOOP('',(#1285,#1286,#1294,#1301));
#1285 = ORIENTED_EDGE('',*,*,#411,.F.);
#1286 = ORIENTED_EDGE('',*,*,#1287,.T.);
#1287 = EDGE_CURVE('',#404,#1288,#1290,.T.);
#1288 = VERTEX_POINT('',#1289);
#1289 = CARTESIAN_POINT('',(-1.14,0.2,0.365));
#1290 = LINE('',#1291,#1292);
#1291 = CARTESIAN_POINT('',(-1.14,0.,0.365));
#1292 = VECTOR('',#1293,1.);
#1293 = DIRECTION('',(0.,1.,-2.22044604925E-16));
#1294 = ORIENTED_EDGE('',*,*,#1295,.T.);
#1295 = EDGE_CURVE('',#1288,#1265,#1296,.T.);
#1296 = CIRCLE('',#1297,0.135);
#1297 = AXIS2_PLACEMENT_3D('',#1298,#1299,#1300);
#1298 = CARTESIAN_POINT('',(-1.14,0.2,0.5));
#1299 = DIRECTION('',(0.,-1.,2.22044604925E-16));
#1300 = DIRECTION('',(1.,0.,0.));
#1301 = ORIENTED_EDGE('',*,*,#1272,.F.);
#1302 = CYLINDRICAL_SURFACE('',#1303,0.135);
#1303 = AXIS2_PLACEMENT_3D('',#1304,#1305,#1306);
#1304 = CARTESIAN_POINT('',(-1.14,0.,0.5));
#1305 = DIRECTION('',(0.,-1.,2.22044604925E-16));
#1306 = DIRECTION('',(1.,0.,0.));
#1307 = ADVANCED_FACE('',(#1308),#1319,.T.);
#1308 = FACE_BOUND('',#1309,.T.);
#1309 = EDGE_LOOP('',(#1310,#1311,#1312,#1318));
#1310 = ORIENTED_EDGE('',*,*,#403,.T.);
#1311 = ORIENTED_EDGE('',*,*,#1287,.T.);
#1312 = ORIENTED_EDGE('',*,*,#1313,.T.);
#1313 = EDGE_CURVE('',#1288,#1144,#1314,.T.);
#1314 = LINE('',#1315,#1316);
#1315 = CARTESIAN_POINT('',(-1.14,0.2,0.365));
#1316 = VECTOR('',#1317,1.);
#1317 = DIRECTION('',(-1.,0.,0.));
#1318 = ORIENTED_EDGE('',*,*,#1143,.F.);
#1319 = PLANE('',#1320);
#1320 = AXIS2_PLACEMENT_3D('',#1321,#1322,#1323);
#1321 = CARTESIAN_POINT('',(-1.14,0.,0.365));
#1322 = DIRECTION('',(0.,2.22044604925E-16,1.));
#1323 = DIRECTION('',(-1.,0.,0.));
#1324 = ADVANCED_FACE('',(#1325),#1343,.T.);
#1325 = FACE_BOUND('',#1326,.T.);
#1326 = EDGE_LOOP('',(#1327,#1328,#1329,#1337));
#1327 = ORIENTED_EDGE('',*,*,#387,.T.);
#1328 = ORIENTED_EDGE('',*,*,#1136,.T.);
#1329 = ORIENTED_EDGE('',*,*,#1330,.T.);
#1330 = EDGE_CURVE('',#1129,#1331,#1333,.T.);
#1331 = VERTEX_POINT('',#1332);
#1332 = CARTESIAN_POINT('',(-1.14,0.2,0.135));
#1333 = LINE('',#1334,#1335);
#1334 = CARTESIAN_POINT('',(-1.5,0.2,0.135));
#1335 = VECTOR('',#1336,1.);
#1336 = DIRECTION('',(1.,0.,0.));
#1337 = ORIENTED_EDGE('',*,*,#1338,.F.);
#1338 = EDGE_CURVE('',#379,#1331,#1339,.T.);
#1339 = LINE('',#1340,#1341);
#1340 = CARTESIAN_POINT('',(-1.14,0.,0.135));
#1341 = VECTOR('',#1342,1.);
#1342 = DIRECTION('',(0.,1.,-2.22044604925E-16));
#1343 = PLANE('',#1344);
#1344 = AXIS2_PLACEMENT_3D('',#1345,#1346,#1347);
#1345 = CARTESIAN_POINT('',(-1.5,0.,0.135));
#1346 = DIRECTION('',(0.,-2.22044604925E-16,-1.));
#1347 = DIRECTION('',(1.,0.,0.));
#1348 = ADVANCED_FACE('',(#1349),#1368,.F.);
#1349 = FACE_BOUND('',#1350,.F.);
#1350 = EDGE_LOOP('',(#1351,#1352,#1360,#1367));
#1351 = ORIENTED_EDGE('',*,*,#378,.F.);
#1352 = ORIENTED_EDGE('',*,*,#1353,.T.);
#1353 = EDGE_CURVE('',#371,#1354,#1356,.T.);
#1354 = VERTEX_POINT('',#1355);
#1355 = CARTESIAN_POINT('',(-1.14,0.2,-0.135));
#1356 = LINE('',#1357,#1358);
#1357 = CARTESIAN_POINT('',(-1.14,-2.22044604925E-16,-0.135));
#1358 = VECTOR('',#1359,1.);
#1359 = DIRECTION('',(0.,1.,-2.22044604925E-16));
#1360 = ORIENTED_EDGE('',*,*,#1361,.T.);
#1361 = EDGE_CURVE('',#1354,#1331,#1362,.T.);
#1362 = CIRCLE('',#1363,0.135);
#1363 = AXIS2_PLACEMENT_3D('',#1364,#1365,#1366);
#1364 = CARTESIAN_POINT('',(-1.14,0.2,-2.775557561563E-17));
#1365 = DIRECTION('',(0.,-1.,2.22044604925E-16));
#1366 = DIRECTION('',(1.,0.,0.));
#1367 = ORIENTED_EDGE('',*,*,#1338,.F.);
#1368 = CYLINDRICAL_SURFACE('',#1369,0.135);
#1369 = AXIS2_PLACEMENT_3D('',#1370,#1371,#1372);
#1370 = CARTESIAN_POINT('',(-1.14,0.,1.110223024625E-16));
#1371 = DIRECTION('',(0.,-1.,2.22044604925E-16));
#1372 = DIRECTION('',(1.,0.,0.));
#1373 = ADVANCED_FACE('',(#1374),#1385,.T.);
#1374 = FACE_BOUND('',#1375,.T.);
#1375 = EDGE_LOOP('',(#1376,#1377,#1378,#1384));
#1376 = ORIENTED_EDGE('',*,*,#370,.T.);
#1377 = ORIENTED_EDGE('',*,*,#1353,.T.);
#1378 = ORIENTED_EDGE('',*,*,#1379,.T.);
#1379 = EDGE_CURVE('',#1354,#1121,#1380,.T.);
#1380 = LINE('',#1381,#1382);
#1381 = CARTESIAN_POINT('',(-1.14,0.2,-0.135));
#1382 = VECTOR('',#1383,1.);
#1383 = DIRECTION('',(-1.,0.,0.));
#1384 = ORIENTED_EDGE('',*,*,#1120,.F.);
#1385 = PLANE('',#1386);
#1386 = AXIS2_PLACEMENT_3D('',#1387,#1388,#1389);
#1387 = CARTESIAN_POINT('',(-1.14,-2.22044604925E-16,-0.135));
#1388 = DIRECTION('',(0.,2.22044604925E-16,1.));
#1389 = DIRECTION('',(-1.,0.,0.));
#1390 = ADVANCED_FACE('',(#1391),#1409,.T.);
#1391 = FACE_BOUND('',#1392,.T.);
#1392 = EDGE_LOOP('',(#1393,#1394,#1395,#1403));
#1393 = ORIENTED_EDGE('',*,*,#354,.T.);
#1394 = ORIENTED_EDGE('',*,*,#1113,.T.);
#1395 = ORIENTED_EDGE('',*,*,#1396,.T.);
#1396 = EDGE_CURVE('',#1106,#1397,#1399,.T.);
#1397 = VERTEX_POINT('',#1398);
#1398 = CARTESIAN_POINT('',(-1.14,0.2,-0.365));
#1399 = LINE('',#1400,#1401);
#1400 = CARTESIAN_POINT('',(-1.5,0.2,-0.365));
#1401 = VECTOR('',#1402,1.);
#1402 = DIRECTION('',(1.,0.,0.));
#1403 = ORIENTED_EDGE('',*,*,#1404,.F.);
#1404 = EDGE_CURVE('',#346,#1397,#1405,.T.);
#1405 = LINE('',#1406,#1407);
#1406 = CARTESIAN_POINT('',(-1.14,-1.110223024625E-16,-0.365));
#1407 = VECTOR('',#1408,1.);
#1408 = DIRECTION('',(0.,1.,-2.22044604925E-16));
#1409 = PLANE('',#1410);
#1410 = AXIS2_PLACEMENT_3D('',#1411,#1412,#1413);
#1411 = CARTESIAN_POINT('',(-1.5,-1.110223024625E-16,-0.365));
#1412 = DIRECTION('',(0.,-2.22044604925E-16,-1.));
#1413 = DIRECTION('',(1.,0.,0.));
#1414 = ADVANCED_FACE('',(#1415),#1434,.F.);
#1415 = FACE_BOUND('',#1416,.F.);
#1416 = EDGE_LOOP('',(#1417,#1418,#1426,#1433));
#1417 = ORIENTED_EDGE('',*,*,#345,.F.);
#1418 = ORIENTED_EDGE('',*,*,#1419,.T.);
#1419 = EDGE_CURVE('',#338,#1420,#1422,.T.);
#1420 = VERTEX_POINT('',#1421);
#1421 = CARTESIAN_POINT('',(-1.14,0.2,-0.635));
#1422 = LINE('',#1423,#1424);
#1423 = CARTESIAN_POINT('',(-1.14,-2.22044604925E-16,-0.635));
#1424 = VECTOR('',#1425,1.);
#1425 = DIRECTION('',(0.,1.,-2.22044604925E-16));
#1426 = ORIENTED_EDGE('',*,*,#1427,.T.);
#1427 = EDGE_CURVE('',#1420,#1397,#1428,.T.);
#1428 = CIRCLE('',#1429,0.135);
#1429 = AXIS2_PLACEMENT_3D('',#1430,#1431,#1432);
#1430 = CARTESIAN_POINT('',(-1.14,0.2,-0.5));
#1431 = DIRECTION('',(0.,-1.,2.22044604925E-16));
#1432 = DIRECTION('',(1.,0.,0.));
#1433 = ORIENTED_EDGE('',*,*,#1404,.F.);
#1434 = CYLINDRICAL_SURFACE('',#1435,0.135);
#1435 = AXIS2_PLACEMENT_3D('',#1436,#1437,#1438);
#1436 = CARTESIAN_POINT('',(-1.14,-2.22044604925E-16,-0.5));
#1437 = DIRECTION('',(0.,-1.,2.22044604925E-16));
#1438 = DIRECTION('',(1.,0.,0.));
#1439 = ADVANCED_FACE('',(#1440),#1451,.T.);
#1440 = FACE_BOUND('',#1441,.T.);
#1441 = EDGE_LOOP('',(#1442,#1443,#1444,#1450));
#1442 = ORIENTED_EDGE('',*,*,#337,.T.);
#1443 = ORIENTED_EDGE('',*,*,#1419,.T.);
#1444 = ORIENTED_EDGE('',*,*,#1445,.T.);
#1445 = EDGE_CURVE('',#1420,#1098,#1446,.T.);
#1446 = LINE('',#1447,#1448);
#1447 = CARTESIAN_POINT('',(-1.14,0.2,-0.635));
#1448 = VECTOR('',#1449,1.);
#1449 = DIRECTION('',(-1.,0.,0.));
#1450 = ORIENTED_EDGE('',*,*,#1097,.F.);
#1451 = PLANE('',#1452);
#1452 = AXIS2_PLACEMENT_3D('',#1453,#1454,#1455);
#1453 = CARTESIAN_POINT('',(-1.14,-2.22044604925E-16,-0.635));
#1454 = DIRECTION('',(0.,2.22044604925E-16,1.));
#1455 = DIRECTION('',(-1.,0.,0.));
#1456 = ADVANCED_FACE('',(#1457),#1475,.T.);
#1457 = FACE_BOUND('',#1458,.T.);
#1458 = EDGE_LOOP('',(#1459,#1460,#1461,#1469));
#1459 = ORIENTED_EDGE('',*,*,#321,.T.);
#1460 = ORIENTED_EDGE('',*,*,#1090,.T.);
#1461 = ORIENTED_EDGE('',*,*,#1462,.T.);
#1462 = EDGE_CURVE('',#1083,#1463,#1465,.T.);
#1463 = VERTEX_POINT('',#1464);
#1464 = CARTESIAN_POINT('',(-1.14,0.2,-0.865));
#1465 = LINE('',#1466,#1467);
#1466 = CARTESIAN_POINT('',(-1.5,0.2,-0.865));
#1467 = VECTOR('',#1468,1.);
#1468 = DIRECTION('',(1.,0.,0.));
#1469 = ORIENTED_EDGE('',*,*,#1470,.F.);
#1470 = EDGE_CURVE('',#313,#1463,#1471,.T.);
#1471 = LINE('',#1472,#1473);
#1472 = CARTESIAN_POINT('',(-1.14,-1.920685832602E-16,-0.865));
#1473 = VECTOR('',#1474,1.);
#1474 = DIRECTION('',(0.,1.,-2.22044604925E-16));
#1475 = PLANE('',#1476);
#1476 = AXIS2_PLACEMENT_3D('',#1477,#1478,#1479);
#1477 = CARTESIAN_POINT('',(-1.5,-1.920685832602E-16,-0.865));
#1478 = DIRECTION('',(0.,-2.22044604925E-16,-1.));
#1479 = DIRECTION('',(1.,0.,0.));
#1480 = ADVANCED_FACE('',(#1481),#1500,.F.);
#1481 = FACE_BOUND('',#1482,.F.);
#1482 = EDGE_LOOP('',(#1483,#1484,#1492,#1499));
#1483 = ORIENTED_EDGE('',*,*,#312,.F.);
#1484 = ORIENTED_EDGE('',*,*,#1485,.T.);
#1485 = EDGE_CURVE('',#305,#1486,#1488,.T.);
#1486 = VERTEX_POINT('',#1487);
#1487 = CARTESIAN_POINT('',(-1.14,0.2,-1.135));
#1488 = LINE('',#1489,#1490);
#1489 = CARTESIAN_POINT('',(-1.14,-2.520206265899E-16,-1.135));
#1490 = VECTOR('',#1491,1.);
#1491 = DIRECTION('',(0.,1.,-2.22044604925E-16));
#1492 = ORIENTED_EDGE('',*,*,#1493,.T.);
#1493 = EDGE_CURVE('',#1486,#1463,#1494,.T.);
#1494 = CIRCLE('',#1495,0.135);
#1495 = AXIS2_PLACEMENT_3D('',#1496,#1497,#1498);
#1496 = CARTESIAN_POINT('',(-1.14,0.2,-1.));
#1497 = DIRECTION('',(0.,-1.,2.22044604925E-16));
#1498 = DIRECTION('',(1.,0.,0.));
#1499 = ORIENTED_EDGE('',*,*,#1470,.F.);
#1500 = CYLINDRICAL_SURFACE('',#1501,0.135);
#1501 = AXIS2_PLACEMENT_3D('',#1502,#1503,#1504);
#1502 = CARTESIAN_POINT('',(-1.14,-2.22044604925E-16,-1.));
#1503 = DIRECTION('',(0.,-1.,2.22044604925E-16));
#1504 = DIRECTION('',(1.,0.,0.));
#1505 = ADVANCED_FACE('',(#1506),#1517,.T.);
#1506 = FACE_BOUND('',#1507,.T.);
#1507 = EDGE_LOOP('',(#1508,#1509,#1510,#1516));
#1508 = ORIENTED_EDGE('',*,*,#304,.T.);
#1509 = ORIENTED_EDGE('',*,*,#1485,.T.);
#1510 = ORIENTED_EDGE('',*,*,#1511,.T.);
#1511 = EDGE_CURVE('',#1486,#1075,#1512,.T.);
#1512 = LINE('',#1513,#1514);
#1513 = CARTESIAN_POINT('',(-1.14,0.2,-1.135));
#1514 = VECTOR('',#1515,1.);
#1515 = DIRECTION('',(-1.,0.,0.));
#1516 = ORIENTED_EDGE('',*,*,#1074,.F.);
#1517 = PLANE('',#1518);
#1518 = AXIS2_PLACEMENT_3D('',#1519,#1520,#1521);
#1519 = CARTESIAN_POINT('',(-1.14,-2.520206265899E-16,-1.135));
#1520 = DIRECTION('',(0.,2.22044604925E-16,1.));
#1521 = DIRECTION('',(-1.,0.,0.));
#1522 = ADVANCED_FACE('',(#1523),#1542,.F.);
#1523 = FACE_BOUND('',#1524,.F.);
#1524 = EDGE_LOOP('',(#1525,#1533,#1540,#1541));
#1525 = ORIENTED_EDGE('',*,*,#1526,.T.);
#1526 = EDGE_CURVE('',#976,#1527,#1529,.T.);
#1527 = VERTEX_POINT('',#1528);
#1528 = CARTESIAN_POINT('',(-0.969,0.746,-1.119));
#1529 = LINE('',#1530,#1531);
#1530 = CARTESIAN_POINT('',(-0.969,1.,-1.119));
#1531 = VECTOR('',#1532,1.);
#1532 = DIRECTION('',(0.,-1.,-2.22044604925E-16));
#1533 = ORIENTED_EDGE('',*,*,#1534,.T.);
#1534 = EDGE_CURVE('',#1527,#1527,#1535,.T.);
#1535 = CIRCLE('',#1536,0.15);
#1536 = AXIS2_PLACEMENT_3D('',#1537,#1538,#1539);
#1537 = CARTESIAN_POINT('',(-1.119,0.746,-1.119));
#1538 = DIRECTION('',(-0.,1.,2.22044604925E-16));
#1539 = DIRECTION('',(1.,0.,0.));
#1540 = ORIENTED_EDGE('',*,*,#1526,.F.);
#1541 = ORIENTED_EDGE('',*,*,#975,.F.);
#1542 = CYLINDRICAL_SURFACE('',#1543,0.15);
#1543 = AXIS2_PLACEMENT_3D('',#1544,#1545,#1546);
#1544 = CARTESIAN_POINT('',(-1.119,1.,-1.119));
#1545 = DIRECTION('',(0.,1.,2.22044604925E-16));
#1546 = DIRECTION('',(1.,0.,0.));
#1547 = ADVANCED_FACE('',(#1548),#1554,.F.);
#1548 = FACE_BOUND('',#1549,.F.);
#1549 = EDGE_LOOP('',(#1550,#1551,#1552,#1553));
#1550 = ORIENTED_EDGE('',*,*,#1174,.T.);
#1551 = ORIENTED_EDGE('',*,*,#1198,.T.);
#1552 = ORIENTED_EDGE('',*,*,#1229,.F.);
#1553 = ORIENTED_EDGE('',*,*,#1247,.T.);
#1554 = PLANE('',#1555);
#1555 = AXIS2_PLACEMENT_3D('',#1556,#1557,#1558);
#1556 = CARTESIAN_POINT('',(-1.27995223945,0.2,1.));
#1557 = DIRECTION('',(0.,1.,0.));
#1558 = DIRECTION('',(0.,0.,1.));
#1559 = ADVANCED_FACE('',(#1560),#1566,.F.);
#1560 = FACE_BOUND('',#1561,.F.);
#1561 = EDGE_LOOP('',(#1562,#1563,#1564,#1565));
#1562 = ORIENTED_EDGE('',*,*,#1151,.T.);
#1563 = ORIENTED_EDGE('',*,*,#1264,.T.);
#1564 = ORIENTED_EDGE('',*,*,#1295,.F.);
#1565 = ORIENTED_EDGE('',*,*,#1313,.T.);
#1566 = PLANE('',#1567);
#1567 = AXIS2_PLACEMENT_3D('',#1568,#1569,#1570);
#1568 = CARTESIAN_POINT('',(-1.27995223945,0.2,0.5));
#1569 = DIRECTION('',(0.,1.,0.));
#1570 = DIRECTION('',(0.,0.,1.));
#1571 = ADVANCED_FACE('',(#1572),#1578,.F.);
#1572 = FACE_BOUND('',#1573,.F.);
#1573 = EDGE_LOOP('',(#1574,#1575,#1576,#1577));
#1574 = ORIENTED_EDGE('',*,*,#1128,.T.);
#1575 = ORIENTED_EDGE('',*,*,#1330,.T.);
#1576 = ORIENTED_EDGE('',*,*,#1361,.F.);
#1577 = ORIENTED_EDGE('',*,*,#1379,.T.);
#1578 = PLANE('',#1579);
#1579 = AXIS2_PLACEMENT_3D('',#1580,#1581,#1582);
#1580 = CARTESIAN_POINT('',(-1.27995223945,0.2,0.));
#1581 = DIRECTION('',(0.,1.,0.));
#1582 = DIRECTION('',(0.,0.,1.));
#1583 = ADVANCED_FACE('',(#1584),#1590,.F.);
#1584 = FACE_BOUND('',#1585,.F.);
#1585 = EDGE_LOOP('',(#1586,#1587,#1588,#1589));
#1586 = ORIENTED_EDGE('',*,*,#1105,.T.);
#1587 = ORIENTED_EDGE('',*,*,#1396,.T.);
#1588 = ORIENTED_EDGE('',*,*,#1427,.F.);
#1589 = ORIENTED_EDGE('',*,*,#1445,.T.);
#1590 = PLANE('',#1591);
#1591 = AXIS2_PLACEMENT_3D('',#1592,#1593,#1594);
#1592 = CARTESIAN_POINT('',(-1.27995223945,0.2,-0.5));
#1593 = DIRECTION('',(0.,1.,0.));
#1594 = DIRECTION('',(0.,0.,1.));
#1595 = ADVANCED_FACE('',(#1596),#1602,.F.);
#1596 = FACE_BOUND('',#1597,.F.);
#1597 = EDGE_LOOP('',(#1598,#1599,#1600,#1601));
#1598 = ORIENTED_EDGE('',*,*,#1082,.T.);
#1599 = ORIENTED_EDGE('',*,*,#1462,.T.);
#1600 = ORIENTED_EDGE('',*,*,#1493,.F.);
#1601 = ORIENTED_EDGE('',*,*,#1511,.T.);
#1602 = PLANE('',#1603);
#1603 = AXIS2_PLACEMENT_3D('',#1604,#1605,#1606);
#1604 = CARTESIAN_POINT('',(-1.27995223945,0.2,-1.));
#1605 = DIRECTION('',(0.,1.,0.));
#1606 = DIRECTION('',(0.,0.,1.));
#1607 = ADVANCED_FACE('',(#1608),#1611,.T.);
#1608 = FACE_BOUND('',#1609,.T.);
#1609 = EDGE_LOOP('',(#1610));
#1610 = ORIENTED_EDGE('',*,*,#1534,.T.);
#1611 = PLANE('',#1612);
#1612 = AXIS2_PLACEMENT_3D('',#1613,#1614,#1615);
#1613 = CARTESIAN_POINT('',(-1.119,0.746,-1.119));
#1614 = DIRECTION('',(0.,1.,0.));
#1615 = DIRECTION('',(0.,0.,1.));
#1616 = ( GEOMETRIC_REPRESENTATION_CONTEXT(3) 
GLOBAL_UNCERTAINTY_ASSIGNED_CONTEXT((#1620)) 
GLOBAL_UNIT_ASSIGNED_CONTEXT((#1617,#1618,#1619)) REPRESENTATION_CONTEXT
('Context #1','3D Context with UNIT and UNCERTAINTY') );
#1617 = ( LENGTH_UNIT() NAMED_UNIT(*) SI_UNIT(.MILLI.,.METRE.) );
#1618 = ( NAMED_UNIT(*) PLANE_ANGLE_UNIT() SI_UNIT($,.RADIAN.) );
#1619 = ( NAMED_UNIT(*) SI_UNIT($,.STERADIAN.) SOLID_ANGLE_UNIT() );
#1620 = UNCERTAINTY_MEASURE_WITH_UNIT(LENGTH_MEASURE(1.E-06),#1617,
  'distance_accuracy_value','confusion accuracy');
#1621 = CONTEXT_DEPENDENT_SHAPE_REPRESENTATION(#1622,#1624);
#1622 = ( REPRESENTATION_RELATIONSHIP('','',#80,#10) 
REPRESENTATION_RELATIONSHIP_WITH_TRANSFORMATION(#1623) 
SHAPE_REPRESENTATION_RELATIONSHIP() );
#1623 = ITEM_DEFINED_TRANSFORMATION('','',#11,#15);
#1624 = PRODUCT_DEFINITION_SHAPE('Placement','Placement of an item',
  #1625);
#1625 = NEXT_ASSEMBLY_USAGE_OCCURRENCE('889','Body_Solid1','',#5,#75,$);
#1626 = PRODUCT_RELATED_PRODUCT_CATEGORY('part',$,(#77));
#1627 = SHAPE_DEFINITION_REPRESENTATION(#1628,#1634);
#1628 = PRODUCT_DEFINITION_SHAPE('','',#1629);
#1629 = PRODUCT_DEFINITION('design','',#1630,#1633);
#1630 = PRODUCT_DEFINITION_FORMATION('','',#1631);
#1631 = PRODUCT('Body002_Solid1','Body002_Solid1','',(#1632));
#1632 = PRODUCT_CONTEXT('',#2,'mechanical');
#1633 = PRODUCT_DEFINITION_CONTEXT('part definition',#2,'design');
#1634 = ADVANCED_BREP_SHAPE_REPRESENTATION('',(#11,#1635),#1787);
#1635 = MANIFOLD_SOLID_BREP('',#1636);
#1636 = CLOSED_SHELL('',(#1637,#1677,#1708,#1741,#1763,#1775));
#1637 = ADVANCED_FACE('',(#1638),#1672,.F.);
#1638 = FACE_BOUND('',#1639,.F.);
#1639 = EDGE_LOOP('',(#1640,#1650,#1658,#1666));
#1640 = ORIENTED_EDGE('',*,*,#1641,.T.);
#1641 = EDGE_CURVE('',#1642,#1644,#1646,.T.);
#1642 = VERTEX_POINT('',#1643);
#1643 = CARTESIAN_POINT('',(1.5,2.520206265899E-16,1.135));
#1644 = VERTEX_POINT('',#1645);
#1645 = CARTESIAN_POINT('',(1.5,0.2,1.135));
#1646 = LINE('',#1647,#1648);
#1647 = CARTESIAN_POINT('',(1.5,2.520206265899E-16,1.135));
#1648 = VECTOR('',#1649,1.);
#1649 = DIRECTION('',(-0.,1.,-2.22044604925E-16));
#1650 = ORIENTED_EDGE('',*,*,#1651,.T.);
#1651 = EDGE_CURVE('',#1644,#1652,#1654,.T.);
#1652 = VERTEX_POINT('',#1653);
#1653 = CARTESIAN_POINT('',(1.5,0.2,0.865));
#1654 = LINE('',#1655,#1656);
#1655 = CARTESIAN_POINT('',(1.5,0.2,1.135));
#1656 = VECTOR('',#1657,1.);
#1657 = DIRECTION('',(0.,-2.22044604925E-16,-1.));
#1658 = ORIENTED_EDGE('',*,*,#1659,.F.);
#1659 = EDGE_CURVE('',#1660,#1652,#1662,.T.);
#1660 = VERTEX_POINT('',#1661);
#1661 = CARTESIAN_POINT('',(1.5,1.920685832602E-16,0.865));
#1662 = LINE('',#1663,#1664);
#1663 = CARTESIAN_POINT('',(1.5,1.920685832602E-16,0.865));
#1664 = VECTOR('',#1665,1.);
#1665 = DIRECTION('',(-0.,1.,-2.22044604925E-16));
#1666 = ORIENTED_EDGE('',*,*,#1667,.F.);
#1667 = EDGE_CURVE('',#1642,#1660,#1668,.T.);
#1668 = LINE('',#1669,#1670);
#1669 = CARTESIAN_POINT('',(1.5,2.520206265899E-16,1.135));
#1670 = VECTOR('',#1671,1.);
#1671 = DIRECTION('',(0.,-2.22044604925E-16,-1.));
#1672 = PLANE('',#1673);
#1673 = AXIS2_PLACEMENT_3D('',#1674,#1675,#1676);
#1674 = CARTESIAN_POINT('',(1.5,2.520206265899E-16,1.135));
#1675 = DIRECTION('',(-1.,-0.,0.));
#1676 = DIRECTION('',(0.,-2.22044604925E-16,-1.));
#1677 = ADVANCED_FACE('',(#1678),#1703,.F.);
#1678 = FACE_BOUND('',#1679,.F.);
#1679 = EDGE_LOOP('',(#1680,#1681,#1689,#1697));
#1680 = ORIENTED_EDGE('',*,*,#1659,.T.);
#1681 = ORIENTED_EDGE('',*,*,#1682,.T.);
#1682 = EDGE_CURVE('',#1652,#1683,#1685,.T.);
#1683 = VERTEX_POINT('',#1684);
#1684 = CARTESIAN_POINT('',(1.14,0.2,0.865));
#1685 = LINE('',#1686,#1687);
#1686 = CARTESIAN_POINT('',(1.5,0.2,0.865));
#1687 = VECTOR('',#1688,1.);
#1688 = DIRECTION('',(-1.,0.,0.));
#1689 = ORIENTED_EDGE('',*,*,#1690,.F.);
#1690 = EDGE_CURVE('',#1691,#1683,#1693,.T.);
#1691 = VERTEX_POINT('',#1692);
#1692 = CARTESIAN_POINT('',(1.14,1.920685832602E-16,0.865));
#1693 = LINE('',#1694,#1695);
#1694 = CARTESIAN_POINT('',(1.14,1.920685832602E-16,0.865));
#1695 = VECTOR('',#1696,1.);
#1696 = DIRECTION('',(-0.,1.,-2.22044604925E-16));
#1697 = ORIENTED_EDGE('',*,*,#1698,.F.);
#1698 = EDGE_CURVE('',#1660,#1691,#1699,.T.);
#1699 = LINE('',#1700,#1701);
#1700 = CARTESIAN_POINT('',(1.5,1.920685832602E-16,0.865));
#1701 = VECTOR('',#1702,1.);
#1702 = DIRECTION('',(-1.,0.,0.));
#1703 = PLANE('',#1704);
#1704 = AXIS2_PLACEMENT_3D('',#1705,#1706,#1707);
#1705 = CARTESIAN_POINT('',(1.5,1.920685832602E-16,0.865));
#1706 = DIRECTION('',(0.,2.22044604925E-16,1.));
#1707 = DIRECTION('',(-1.,-0.,0.));
#1708 = ADVANCED_FACE('',(#1709),#1736,.T.);
#1709 = FACE_BOUND('',#1710,.T.);
#1710 = EDGE_LOOP('',(#1711,#1721,#1728,#1729));
#1711 = ORIENTED_EDGE('',*,*,#1712,.T.);
#1712 = EDGE_CURVE('',#1713,#1715,#1717,.T.);
#1713 = VERTEX_POINT('',#1714);
#1714 = CARTESIAN_POINT('',(1.14,2.520206265899E-16,1.135));
#1715 = VERTEX_POINT('',#1716);
#1716 = CARTESIAN_POINT('',(1.14,0.2,1.135));
#1717 = LINE('',#1718,#1719);
#1718 = CARTESIAN_POINT('',(1.14,2.520206265899E-16,1.135));
#1719 = VECTOR('',#1720,1.);
#1720 = DIRECTION('',(-0.,1.,-2.22044604925E-16));
#1721 = ORIENTED_EDGE('',*,*,#1722,.T.);
#1722 = EDGE_CURVE('',#1715,#1683,#1723,.T.);
#1723 = CIRCLE('',#1724,0.135);
#1724 = AXIS2_PLACEMENT_3D('',#1725,#1726,#1727);
#1725 = CARTESIAN_POINT('',(1.14,0.2,1.));
#1726 = DIRECTION('',(0.,-1.,2.22044604925E-16));
#1727 = DIRECTION('',(1.,0.,0.));
#1728 = ORIENTED_EDGE('',*,*,#1690,.F.);
#1729 = ORIENTED_EDGE('',*,*,#1730,.F.);
#1730 = EDGE_CURVE('',#1713,#1691,#1731,.T.);
#1731 = CIRCLE('',#1732,0.135);
#1732 = AXIS2_PLACEMENT_3D('',#1733,#1734,#1735);
#1733 = CARTESIAN_POINT('',(1.14,2.22044604925E-16,1.));
#1734 = DIRECTION('',(0.,-1.,2.22044604925E-16));
#1735 = DIRECTION('',(1.,0.,0.));
#1736 = CYLINDRICAL_SURFACE('',#1737,0.135);
#1737 = AXIS2_PLACEMENT_3D('',#1738,#1739,#1740);
#1738 = CARTESIAN_POINT('',(1.14,2.22044604925E-16,1.));
#1739 = DIRECTION('',(0.,-1.,2.22044604925E-16));
#1740 = DIRECTION('',(1.,0.,0.));
#1741 = ADVANCED_FACE('',(#1742),#1758,.F.);
#1742 = FACE_BOUND('',#1743,.F.);
#1743 = EDGE_LOOP('',(#1744,#1745,#1751,#1752));
#1744 = ORIENTED_EDGE('',*,*,#1712,.T.);
#1745 = ORIENTED_EDGE('',*,*,#1746,.T.);
#1746 = EDGE_CURVE('',#1715,#1644,#1747,.T.);
#1747 = LINE('',#1748,#1749);
#1748 = CARTESIAN_POINT('',(1.14,0.2,1.135));
#1749 = VECTOR('',#1750,1.);
#1750 = DIRECTION('',(1.,0.,0.));
#1751 = ORIENTED_EDGE('',*,*,#1641,.F.);
#1752 = ORIENTED_EDGE('',*,*,#1753,.F.);
#1753 = EDGE_CURVE('',#1713,#1642,#1754,.T.);
#1754 = LINE('',#1755,#1756);
#1755 = CARTESIAN_POINT('',(1.14,2.520206265899E-16,1.135));
#1756 = VECTOR('',#1757,1.);
#1757 = DIRECTION('',(1.,0.,0.));
#1758 = PLANE('',#1759);
#1759 = AXIS2_PLACEMENT_3D('',#1760,#1761,#1762);
#1760 = CARTESIAN_POINT('',(1.14,2.520206265899E-16,1.135));
#1761 = DIRECTION('',(0.,-2.22044604925E-16,-1.));
#1762 = DIRECTION('',(1.,0.,0.));
#1763 = ADVANCED_FACE('',(#1764),#1770,.F.);
#1764 = FACE_BOUND('',#1765,.F.);
#1765 = EDGE_LOOP('',(#1766,#1767,#1768,#1769));
#1766 = ORIENTED_EDGE('',*,*,#1667,.T.);
#1767 = ORIENTED_EDGE('',*,*,#1698,.T.);
#1768 = ORIENTED_EDGE('',*,*,#1730,.F.);
#1769 = ORIENTED_EDGE('',*,*,#1753,.T.);
#1770 = PLANE('',#1771);
#1771 = AXIS2_PLACEMENT_3D('',#1772,#1773,#1774);
#1772 = CARTESIAN_POINT('',(1.27995223945,2.22044604925E-16,1.));
#1773 = DIRECTION('',(0.,1.,0.));
#1774 = DIRECTION('',(0.,0.,1.));
#1775 = ADVANCED_FACE('',(#1776),#1782,.T.);
#1776 = FACE_BOUND('',#1777,.T.);
#1777 = EDGE_LOOP('',(#1778,#1779,#1780,#1781));
#1778 = ORIENTED_EDGE('',*,*,#1651,.T.);
#1779 = ORIENTED_EDGE('',*,*,#1682,.T.);
#1780 = ORIENTED_EDGE('',*,*,#1722,.F.);
#1781 = ORIENTED_EDGE('',*,*,#1746,.T.);
#1782 = PLANE('',#1783);
#1783 = AXIS2_PLACEMENT_3D('',#1784,#1785,#1786);
#1784 = CARTESIAN_POINT('',(1.27995223945,0.2,1.));
#1785 = DIRECTION('',(0.,1.,0.));
#1786 = DIRECTION('',(0.,0.,1.));
#1787 = ( GEOMETRIC_REPRESENTATION_CONTEXT(3) 
GLOBAL_UNCERTAINTY_ASSIGNED_CONTEXT((#1791)) 
GLOBAL_UNIT_ASSIGNED_CONTEXT((#1788,#1789,#1790)) REPRESENTATION_CONTEXT
('Context #1','3D Context with UNIT and UNCERTAINTY') );
#1788 = ( LENGTH_UNIT() NAMED_UNIT(*) SI_UNIT(.MILLI.,.METRE.) );
#1789 = ( NAMED_UNIT(*) PLANE_ANGLE_UNIT() SI_UNIT($,.RADIAN.) );
#1790 = ( NAMED_UNIT(*) SI_UNIT($,.STERADIAN.) SOLID_ANGLE_UNIT() );
#1791 = UNCERTAINTY_MEASURE_WITH_UNIT(LENGTH_MEASURE(1.E-07),#1788,
  'distance_accuracy_value','confusion accuracy');
#1792 = CONTEXT_DEPENDENT_SHAPE_REPRESENTATION(#1793,#1795);
#1793 = ( REPRESENTATION_RELATIONSHIP('','',#1634,#10) 
REPRESENTATION_RELATIONSHIP_WITH_TRANSFORMATION(#1794) 
SHAPE_REPRESENTATION_RELATIONSHIP() );
#1794 = ITEM_DEFINED_TRANSFORMATION('','',#11,#19);
#1795 = PRODUCT_DEFINITION_SHAPE('Placement','Placement of an item',
  #1796);
#1796 = NEXT_ASSEMBLY_USAGE_OCCURRENCE('890','Body002_Solid1','',#5,
  #1629,$);
#1797 = PRODUCT_RELATED_PRODUCT_CATEGORY('part',$,(#1631));
#1798 = SHAPE_DEFINITION_REPRESENTATION(#1799,#1805);
#1799 = PRODUCT_DEFINITION_SHAPE('','',#1800);
#1800 = PRODUCT_DEFINITION('design','',#1801,#1804);
#1801 = PRODUCT_DEFINITION_FORMATION('','',#1802);
#1802 = PRODUCT('Array002_Solid1','Array002_Solid1','',(#1803));
#1803 = PRODUCT_CONTEXT('',#2,'mechanical');
#1804 = PRODUCT_DEFINITION_CONTEXT('part definition',#2,'design');
#1805 = ADVANCED_BREP_SHAPE_REPRESENTATION('',(#11,#1806),#1958);
#1806 = MANIFOLD_SOLID_BREP('',#1807);
#1807 = CLOSED_SHELL('',(#1808,#1848,#1879,#1912,#1934,#1946));
#1808 = ADVANCED_FACE('',(#1809),#1843,.F.);
#1809 = FACE_BOUND('',#1810,.T.);
#1810 = EDGE_LOOP('',(#1811,#1821,#1829,#1837));
#1811 = ORIENTED_EDGE('',*,*,#1812,.T.);
#1812 = EDGE_CURVE('',#1813,#1815,#1817,.T.);
#1813 = VERTEX_POINT('',#1814);
#1814 = CARTESIAN_POINT('',(-1.5,2.520206265899E-16,1.135));
#1815 = VERTEX_POINT('',#1816);
#1816 = CARTESIAN_POINT('',(-1.5,0.2,1.135));
#1817 = LINE('',#1818,#1819);
#1818 = CARTESIAN_POINT('',(-1.5,2.520206265899E-16,1.135));
#1819 = VECTOR('',#1820,1.);
#1820 = DIRECTION('',(-0.,1.,-2.22044604925E-16));
#1821 = ORIENTED_EDGE('',*,*,#1822,.T.);
#1822 = EDGE_CURVE('',#1815,#1823,#1825,.T.);
#1823 = VERTEX_POINT('',#1824);
#1824 = CARTESIAN_POINT('',(-1.5,0.2,0.865));
#1825 = LINE('',#1826,#1827);
#1826 = CARTESIAN_POINT('',(-1.5,0.2,1.135));
#1827 = VECTOR('',#1828,1.);
#1828 = DIRECTION('',(0.,-2.22044604925E-16,-1.));
#1829 = ORIENTED_EDGE('',*,*,#1830,.F.);
#1830 = EDGE_CURVE('',#1831,#1823,#1833,.T.);
#1831 = VERTEX_POINT('',#1832);
#1832 = CARTESIAN_POINT('',(-1.5,1.920685832602E-16,0.865));
#1833 = LINE('',#1834,#1835);
#1834 = CARTESIAN_POINT('',(-1.5,1.920685832602E-16,0.865));
#1835 = VECTOR('',#1836,1.);
#1836 = DIRECTION('',(-0.,1.,-2.22044604925E-16));
#1837 = ORIENTED_EDGE('',*,*,#1838,.F.);
#1838 = EDGE_CURVE('',#1813,#1831,#1839,.T.);
#1839 = LINE('',#1840,#1841);
#1840 = CARTESIAN_POINT('',(-1.5,2.520206265899E-16,1.135));
#1841 = VECTOR('',#1842,1.);
#1842 = DIRECTION('',(0.,-2.22044604925E-16,-1.));
#1843 = PLANE('',#1844);
#1844 = AXIS2_PLACEMENT_3D('',#1845,#1846,#1847);
#1845 = CARTESIAN_POINT('',(-1.5,2.520206265899E-16,1.135));
#1846 = DIRECTION('',(1.,-0.,0.));
#1847 = DIRECTION('',(0.,2.22044604925E-16,1.));
#1848 = ADVANCED_FACE('',(#1849),#1874,.F.);
#1849 = FACE_BOUND('',#1850,.T.);
#1850 = EDGE_LOOP('',(#1851,#1852,#1860,#1868));
#1851 = ORIENTED_EDGE('',*,*,#1830,.T.);
#1852 = ORIENTED_EDGE('',*,*,#1853,.T.);
#1853 = EDGE_CURVE('',#1823,#1854,#1856,.T.);
#1854 = VERTEX_POINT('',#1855);
#1855 = CARTESIAN_POINT('',(-1.14,0.2,0.865));
#1856 = LINE('',#1857,#1858);
#1857 = CARTESIAN_POINT('',(-1.5,0.2,0.865));
#1858 = VECTOR('',#1859,1.);
#1859 = DIRECTION('',(1.,0.,0.));
#1860 = ORIENTED_EDGE('',*,*,#1861,.F.);
#1861 = EDGE_CURVE('',#1862,#1854,#1864,.T.);
#1862 = VERTEX_POINT('',#1863);
#1863 = CARTESIAN_POINT('',(-1.14,1.920685832602E-16,0.865));
#1864 = LINE('',#1865,#1866);
#1865 = CARTESIAN_POINT('',(-1.14,1.920685832602E-16,0.865));
#1866 = VECTOR('',#1867,1.);
#1867 = DIRECTION('',(-0.,1.,-2.22044604925E-16));
#1868 = ORIENTED_EDGE('',*,*,#1869,.F.);
#1869 = EDGE_CURVE('',#1831,#1862,#1870,.T.);
#1870 = LINE('',#1871,#1872);
#1871 = CARTESIAN_POINT('',(-1.5,1.920685832602E-16,0.865));
#1872 = VECTOR('',#1873,1.);
#1873 = DIRECTION('',(1.,0.,0.));
#1874 = PLANE('',#1875);
#1875 = AXIS2_PLACEMENT_3D('',#1876,#1877,#1878);
#1876 = CARTESIAN_POINT('',(-1.5,1.920685832602E-16,0.865));
#1877 = DIRECTION('',(-0.,2.22044604925E-16,1.));
#1878 = DIRECTION('',(-1.,0.,-0.));
#1879 = ADVANCED_FACE('',(#1880),#1907,.T.);
#1880 = FACE_BOUND('',#1881,.F.);
#1881 = EDGE_LOOP('',(#1882,#1892,#1899,#1900));
#1882 = ORIENTED_EDGE('',*,*,#1883,.T.);
#1883 = EDGE_CURVE('',#1884,#1886,#1888,.T.);
#1884 = VERTEX_POINT('',#1885);
#1885 = CARTESIAN_POINT('',(-1.14,2.520206265899E-16,1.135));
#1886 = VERTEX_POINT('',#1887);
#1887 = CARTESIAN_POINT('',(-1.14,0.2,1.135));
#1888 = LINE('',#1889,#1890);
#1889 = CARTESIAN_POINT('',(-1.14,2.520206265899E-16,1.135));
#1890 = VECTOR('',#1891,1.);
#1891 = DIRECTION('',(-0.,1.,-2.22044604925E-16));
#1892 = ORIENTED_EDGE('',*,*,#1893,.T.);
#1893 = EDGE_CURVE('',#1886,#1854,#1894,.T.);
#1894 = CIRCLE('',#1895,0.135);
#1895 = AXIS2_PLACEMENT_3D('',#1896,#1897,#1898);
#1896 = CARTESIAN_POINT('',(-1.14,0.2,1.));
#1897 = DIRECTION('',(-0.,1.,-2.22044604925E-16));
#1898 = DIRECTION('',(-1.,-0.,0.));
#1899 = ORIENTED_EDGE('',*,*,#1861,.F.);
#1900 = ORIENTED_EDGE('',*,*,#1901,.F.);
#1901 = EDGE_CURVE('',#1884,#1862,#1902,.T.);
#1902 = CIRCLE('',#1903,0.135);
#1903 = AXIS2_PLACEMENT_3D('',#1904,#1905,#1906);
#1904 = CARTESIAN_POINT('',(-1.14,2.22044604925E-16,1.));
#1905 = DIRECTION('',(-0.,1.,-2.22044604925E-16));
#1906 = DIRECTION('',(-1.,-0.,0.));
#1907 = CYLINDRICAL_SURFACE('',#1908,0.135);
#1908 = AXIS2_PLACEMENT_3D('',#1909,#1910,#1911);
#1909 = CARTESIAN_POINT('',(-1.14,2.22044604925E-16,1.));
#1910 = DIRECTION('',(-0.,-1.,2.22044604925E-16));
#1911 = DIRECTION('',(-1.,-0.,-0.));
#1912 = ADVANCED_FACE('',(#1913),#1929,.F.);
#1913 = FACE_BOUND('',#1914,.T.);
#1914 = EDGE_LOOP('',(#1915,#1916,#1922,#1923));
#1915 = ORIENTED_EDGE('',*,*,#1883,.T.);
#1916 = ORIENTED_EDGE('',*,*,#1917,.T.);
#1917 = EDGE_CURVE('',#1886,#1815,#1918,.T.);
#1918 = LINE('',#1919,#1920);
#1919 = CARTESIAN_POINT('',(-1.14,0.2,1.135));
#1920 = VECTOR('',#1921,1.);
#1921 = DIRECTION('',(-1.,-0.,0.));
#1922 = ORIENTED_EDGE('',*,*,#1812,.F.);
#1923 = ORIENTED_EDGE('',*,*,#1924,.F.);
#1924 = EDGE_CURVE('',#1884,#1813,#1925,.T.);
#1925 = LINE('',#1926,#1927);
#1926 = CARTESIAN_POINT('',(-1.14,2.520206265899E-16,1.135));
#1927 = VECTOR('',#1928,1.);
#1928 = DIRECTION('',(-1.,-0.,0.));
#1929 = PLANE('',#1930);
#1930 = AXIS2_PLACEMENT_3D('',#1931,#1932,#1933);
#1931 = CARTESIAN_POINT('',(-1.14,2.520206265899E-16,1.135));
#1932 = DIRECTION('',(-0.,-2.22044604925E-16,-1.));
#1933 = DIRECTION('',(1.,0.,0.));
#1934 = ADVANCED_FACE('',(#1935),#1941,.F.);
#1935 = FACE_BOUND('',#1936,.T.);
#1936 = EDGE_LOOP('',(#1937,#1938,#1939,#1940));
#1937 = ORIENTED_EDGE('',*,*,#1838,.T.);
#1938 = ORIENTED_EDGE('',*,*,#1869,.T.);
#1939 = ORIENTED_EDGE('',*,*,#1901,.F.);
#1940 = ORIENTED_EDGE('',*,*,#1924,.T.);
#1941 = PLANE('',#1942);
#1942 = AXIS2_PLACEMENT_3D('',#1943,#1944,#1945);
#1943 = CARTESIAN_POINT('',(-1.27995223945,2.22044604925E-16,1.));
#1944 = DIRECTION('',(0.,1.,0.));
#1945 = DIRECTION('',(0.,0.,-1.));
#1946 = ADVANCED_FACE('',(#1947),#1953,.T.);
#1947 = FACE_BOUND('',#1948,.F.);
#1948 = EDGE_LOOP('',(#1949,#1950,#1951,#1952));
#1949 = ORIENTED_EDGE('',*,*,#1822,.T.);
#1950 = ORIENTED_EDGE('',*,*,#1853,.T.);
#1951 = ORIENTED_EDGE('',*,*,#1893,.F.);
#1952 = ORIENTED_EDGE('',*,*,#1917,.T.);
#1953 = PLANE('',#1954);
#1954 = AXIS2_PLACEMENT_3D('',#1955,#1956,#1957);
#1955 = CARTESIAN_POINT('',(-1.27995223945,0.2,1.));
#1956 = DIRECTION('',(0.,1.,0.));
#1957 = DIRECTION('',(0.,0.,-1.));
#1958 = ( GEOMETRIC_REPRESENTATION_CONTEXT(3) 
GLOBAL_UNCERTAINTY_ASSIGNED_CONTEXT((#1962)) 
GLOBAL_UNIT_ASSIGNED_CONTEXT((#1959,#1960,#1961)) REPRESENTATION_CONTEXT
('Context #1','3D Context with UNIT and UNCERTAINTY') );
#1959 = ( LENGTH_UNIT() NAMED_UNIT(*) SI_UNIT(.MILLI.,.METRE.) );
#1960 = ( NAMED_UNIT(*) PLANE_ANGLE_UNIT() SI_UNIT($,.RADIAN.) );
#1961 = ( NAMED_UNIT(*) SI_UNIT($,.STERADIAN.) SOLID_ANGLE_UNIT() );
#1962 = UNCERTAINTY_MEASURE_WITH_UNIT(LENGTH_MEASURE(1.E-07),#1959,
  'distance_accuracy_value','confusion accuracy');
#1963 = CONTEXT_DEPENDENT_SHAPE_REPRESENTATION(#1964,#1966);
#1964 = ( REPRESENTATION_RELATIONSHIP('','',#1805,#10) 
REPRESENTATION_RELATIONSHIP_WITH_TRANSFORMATION(#1965) 
SHAPE_REPRESENTATION_RELATIONSHIP() );
#1965 = ITEM_DEFINED_TRANSFORMATION('','',#11,#23);
#1966 = PRODUCT_DEFINITION_SHAPE('Placement','Placement of an item',
  #1967);
#1967 = NEXT_ASSEMBLY_USAGE_OCCURRENCE('891','Array002_Solid1','',#5,
  #1800,$);
#1968 = PRODUCT_RELATED_PRODUCT_CATEGORY('part',$,(#1802));
#1969 = CONTEXT_DEPENDENT_SHAPE_REPRESENTATION(#1970,#1972);
#1970 = ( REPRESENTATION_RELATIONSHIP('','',#1805,#10) 
REPRESENTATION_RELATIONSHIP_WITH_TRANSFORMATION(#1971) 
SHAPE_REPRESENTATION_RELATIONSHIP() );
#1971 = ITEM_DEFINED_TRANSFORMATION('','',#11,#27);
#1972 = PRODUCT_DEFINITION_SHAPE('Placement','Placement of an item',
  #1973);
#1973 = NEXT_ASSEMBLY_USAGE_OCCURRENCE('892','Array002_Solid2','',#5,
  #1800,$);
#1974 = CONTEXT_DEPENDENT_SHAPE_REPRESENTATION(#1975,#1977);
#1975 = ( REPRESENTATION_RELATIONSHIP('','',#1805,#10) 
REPRESENTATION_RELATIONSHIP_WITH_TRANSFORMATION(#1976) 
SHAPE_REPRESENTATION_RELATIONSHIP() );
#1976 = ITEM_DEFINED_TRANSFORMATION('','',#11,#31);
#1977 = PRODUCT_DEFINITION_SHAPE('Placement','Placement of an item',
  #1978);
#1978 = NEXT_ASSEMBLY_USAGE_OCCURRENCE('893','Array002_Solid3','',#5,
  #1800,$);
#1979 = CONTEXT_DEPENDENT_SHAPE_REPRESENTATION(#1980,#1982);
#1980 = ( REPRESENTATION_RELATIONSHIP('','',#1805,#10) 
REPRESENTATION_RELATIONSHIP_WITH_TRANSFORMATION(#1981) 
SHAPE_REPRESENTATION_RELATIONSHIP() );
#1981 = ITEM_DEFINED_TRANSFORMATION('','',#11,#35);
#1982 = PRODUCT_DEFINITION_SHAPE('Placement','Placement of an item',
  #1983);
#1983 = NEXT_ASSEMBLY_USAGE_OCCURRENCE('894','Array002_Solid4','',#5,
  #1800,$);
#1984 = CONTEXT_DEPENDENT_SHAPE_REPRESENTATION(#1985,#1987);
#1985 = ( REPRESENTATION_RELATIONSHIP('','',#1805,#10) 
REPRESENTATION_RELATIONSHIP_WITH_TRANSFORMATION(#1986) 
SHAPE_REPRESENTATION_RELATIONSHIP() );
#1986 = ITEM_DEFINED_TRANSFORMATION('','',#11,#39);
#1987 = PRODUCT_DEFINITION_SHAPE('Placement','Placement of an item',
  #1988);
#1988 = NEXT_ASSEMBLY_USAGE_OCCURRENCE('895','Array002_Solid5','',#5,
  #1800,$);
#1989 = SHAPE_DEFINITION_REPRESENTATION(#1990,#1996);
#1990 = PRODUCT_DEFINITION_SHAPE('','',#1991);
#1991 = PRODUCT_DEFINITION('design','',#1992,#1995);
#1992 = PRODUCT_DEFINITION_FORMATION('','',#1993);
#1993 = PRODUCT('Array003_Solid2','Array003_Solid2','',(#1994));
#1994 = PRODUCT_CONTEXT('',#2,'mechanical');
#1995 = PRODUCT_DEFINITION_CONTEXT('part definition',#2,'design');
#1996 = ADVANCED_BREP_SHAPE_REPRESENTATION('',(#11,#1997),#2149);
#1997 = MANIFOLD_SOLID_BREP('',#1998);
#1998 = CLOSED_SHELL('',(#1999,#2039,#2070,#2103,#2125,#2137));
#1999 = ADVANCED_FACE('',(#2000),#2034,.F.);
#2000 = FACE_BOUND('',#2001,.F.);
#2001 = EDGE_LOOP('',(#2002,#2012,#2020,#2028));
#2002 = ORIENTED_EDGE('',*,*,#2003,.T.);
#2003 = EDGE_CURVE('',#2004,#2006,#2008,.T.);
#2004 = VERTEX_POINT('',#2005);
#2005 = CARTESIAN_POINT('',(1.5,2.520206265899E-16,1.135));
#2006 = VERTEX_POINT('',#2007);
#2007 = CARTESIAN_POINT('',(1.5,0.2,1.135));
#2008 = LINE('',#2009,#2010);
#2009 = CARTESIAN_POINT('',(1.5,2.520206265899E-16,1.135));
#2010 = VECTOR('',#2011,1.);
#2011 = DIRECTION('',(-0.,1.,-2.22044604925E-16));
#2012 = ORIENTED_EDGE('',*,*,#2013,.T.);
#2013 = EDGE_CURVE('',#2006,#2014,#2016,.T.);
#2014 = VERTEX_POINT('',#2015);
#2015 = CARTESIAN_POINT('',(1.5,0.2,0.865));
#2016 = LINE('',#2017,#2018);
#2017 = CARTESIAN_POINT('',(1.5,0.2,1.135));
#2018 = VECTOR('',#2019,1.);
#2019 = DIRECTION('',(0.,-2.22044604925E-16,-1.));
#2020 = ORIENTED_EDGE('',*,*,#2021,.F.);
#2021 = EDGE_CURVE('',#2022,#2014,#2024,.T.);
#2022 = VERTEX_POINT('',#2023);
#2023 = CARTESIAN_POINT('',(1.5,1.920685832602E-16,0.865));
#2024 = LINE('',#2025,#2026);
#2025 = CARTESIAN_POINT('',(1.5,1.920685832602E-16,0.865));
#2026 = VECTOR('',#2027,1.);
#2027 = DIRECTION('',(-0.,1.,-2.22044604925E-16));
#2028 = ORIENTED_EDGE('',*,*,#2029,.F.);
#2029 = EDGE_CURVE('',#2004,#2022,#2030,.T.);
#2030 = LINE('',#2031,#2032);
#2031 = CARTESIAN_POINT('',(1.5,2.520206265899E-16,1.135));
#2032 = VECTOR('',#2033,1.);
#2033 = DIRECTION('',(0.,-2.22044604925E-16,-1.));
#2034 = PLANE('',#2035);
#2035 = AXIS2_PLACEMENT_3D('',#2036,#2037,#2038);
#2036 = CARTESIAN_POINT('',(1.5,2.520206265899E-16,1.135));
#2037 = DIRECTION('',(-1.,-0.,0.));
#2038 = DIRECTION('',(0.,-2.22044604925E-16,-1.));
#2039 = ADVANCED_FACE('',(#2040),#2065,.F.);
#2040 = FACE_BOUND('',#2041,.F.);
#2041 = EDGE_LOOP('',(#2042,#2043,#2051,#2059));
#2042 = ORIENTED_EDGE('',*,*,#2021,.T.);
#2043 = ORIENTED_EDGE('',*,*,#2044,.T.);
#2044 = EDGE_CURVE('',#2014,#2045,#2047,.T.);
#2045 = VERTEX_POINT('',#2046);
#2046 = CARTESIAN_POINT('',(1.14,0.2,0.865));
#2047 = LINE('',#2048,#2049);
#2048 = CARTESIAN_POINT('',(1.5,0.2,0.865));
#2049 = VECTOR('',#2050,1.);
#2050 = DIRECTION('',(-1.,0.,0.));
#2051 = ORIENTED_EDGE('',*,*,#2052,.F.);
#2052 = EDGE_CURVE('',#2053,#2045,#2055,.T.);
#2053 = VERTEX_POINT('',#2054);
#2054 = CARTESIAN_POINT('',(1.14,1.920685832602E-16,0.865));
#2055 = LINE('',#2056,#2057);
#2056 = CARTESIAN_POINT('',(1.14,1.920685832602E-16,0.865));
#2057 = VECTOR('',#2058,1.);
#2058 = DIRECTION('',(-0.,1.,-2.22044604925E-16));
#2059 = ORIENTED_EDGE('',*,*,#2060,.F.);
#2060 = EDGE_CURVE('',#2022,#2053,#2061,.T.);
#2061 = LINE('',#2062,#2063);
#2062 = CARTESIAN_POINT('',(1.5,1.920685832602E-16,0.865));
#2063 = VECTOR('',#2064,1.);
#2064 = DIRECTION('',(-1.,0.,0.));
#2065 = PLANE('',#2066);
#2066 = AXIS2_PLACEMENT_3D('',#2067,#2068,#2069);
#2067 = CARTESIAN_POINT('',(1.5,1.920685832602E-16,0.865));
#2068 = DIRECTION('',(0.,2.22044604925E-16,1.));
#2069 = DIRECTION('',(-1.,-0.,0.));
#2070 = ADVANCED_FACE('',(#2071),#2098,.T.);
#2071 = FACE_BOUND('',#2072,.T.);
#2072 = EDGE_LOOP('',(#2073,#2083,#2090,#2091));
#2073 = ORIENTED_EDGE('',*,*,#2074,.T.);
#2074 = EDGE_CURVE('',#2075,#2077,#2079,.T.);
#2075 = VERTEX_POINT('',#2076);
#2076 = CARTESIAN_POINT('',(1.14,2.520206265899E-16,1.135));
#2077 = VERTEX_POINT('',#2078);
#2078 = CARTESIAN_POINT('',(1.14,0.2,1.135));
#2079 = LINE('',#2080,#2081);
#2080 = CARTESIAN_POINT('',(1.14,2.520206265899E-16,1.135));
#2081 = VECTOR('',#2082,1.);
#2082 = DIRECTION('',(-0.,1.,-2.22044604925E-16));
#2083 = ORIENTED_EDGE('',*,*,#2084,.T.);
#2084 = EDGE_CURVE('',#2077,#2045,#2085,.T.);
#2085 = CIRCLE('',#2086,0.135);
#2086 = AXIS2_PLACEMENT_3D('',#2087,#2088,#2089);
#2087 = CARTESIAN_POINT('',(1.14,0.2,1.));
#2088 = DIRECTION('',(0.,-1.,2.22044604925E-16));
#2089 = DIRECTION('',(1.,0.,0.));
#2090 = ORIENTED_EDGE('',*,*,#2052,.F.);
#2091 = ORIENTED_EDGE('',*,*,#2092,.F.);
#2092 = EDGE_CURVE('',#2075,#2053,#2093,.T.);
#2093 = CIRCLE('',#2094,0.135);
#2094 = AXIS2_PLACEMENT_3D('',#2095,#2096,#2097);
#2095 = CARTESIAN_POINT('',(1.14,2.22044604925E-16,1.));
#2096 = DIRECTION('',(0.,-1.,2.22044604925E-16));
#2097 = DIRECTION('',(1.,0.,0.));
#2098 = CYLINDRICAL_SURFACE('',#2099,0.135);
#2099 = AXIS2_PLACEMENT_3D('',#2100,#2101,#2102);
#2100 = CARTESIAN_POINT('',(1.14,2.22044604925E-16,1.));
#2101 = DIRECTION('',(0.,-1.,2.22044604925E-16));
#2102 = DIRECTION('',(1.,0.,0.));
#2103 = ADVANCED_FACE('',(#2104),#2120,.F.);
#2104 = FACE_BOUND('',#2105,.F.);
#2105 = EDGE_LOOP('',(#2106,#2107,#2113,#2114));
#2106 = ORIENTED_EDGE('',*,*,#2074,.T.);
#2107 = ORIENTED_EDGE('',*,*,#2108,.T.);
#2108 = EDGE_CURVE('',#2077,#2006,#2109,.T.);
#2109 = LINE('',#2110,#2111);
#2110 = CARTESIAN_POINT('',(1.14,0.2,1.135));
#2111 = VECTOR('',#2112,1.);
#2112 = DIRECTION('',(1.,0.,0.));
#2113 = ORIENTED_EDGE('',*,*,#2003,.F.);
#2114 = ORIENTED_EDGE('',*,*,#2115,.F.);
#2115 = EDGE_CURVE('',#2075,#2004,#2116,.T.);
#2116 = LINE('',#2117,#2118);
#2117 = CARTESIAN_POINT('',(1.14,2.520206265899E-16,1.135));
#2118 = VECTOR('',#2119,1.);
#2119 = DIRECTION('',(1.,0.,0.));
#2120 = PLANE('',#2121);
#2121 = AXIS2_PLACEMENT_3D('',#2122,#2123,#2124);
#2122 = CARTESIAN_POINT('',(1.14,2.520206265899E-16,1.135));
#2123 = DIRECTION('',(0.,-2.22044604925E-16,-1.));
#2124 = DIRECTION('',(1.,0.,0.));
#2125 = ADVANCED_FACE('',(#2126),#2132,.F.);
#2126 = FACE_BOUND('',#2127,.F.);
#2127 = EDGE_LOOP('',(#2128,#2129,#2130,#2131));
#2128 = ORIENTED_EDGE('',*,*,#2029,.T.);
#2129 = ORIENTED_EDGE('',*,*,#2060,.T.);
#2130 = ORIENTED_EDGE('',*,*,#2092,.F.);
#2131 = ORIENTED_EDGE('',*,*,#2115,.T.);
#2132 = PLANE('',#2133);
#2133 = AXIS2_PLACEMENT_3D('',#2134,#2135,#2136);
#2134 = CARTESIAN_POINT('',(1.27995223945,2.22044604925E-16,1.));
#2135 = DIRECTION('',(0.,1.,0.));
#2136 = DIRECTION('',(0.,0.,1.));
#2137 = ADVANCED_FACE('',(#2138),#2144,.T.);
#2138 = FACE_BOUND('',#2139,.T.);
#2139 = EDGE_LOOP('',(#2140,#2141,#2142,#2143));
#2140 = ORIENTED_EDGE('',*,*,#2013,.T.);
#2141 = ORIENTED_EDGE('',*,*,#2044,.T.);
#2142 = ORIENTED_EDGE('',*,*,#2084,.F.);
#2143 = ORIENTED_EDGE('',*,*,#2108,.T.);
#2144 = PLANE('',#2145);
#2145 = AXIS2_PLACEMENT_3D('',#2146,#2147,#2148);
#2146 = CARTESIAN_POINT('',(1.27995223945,0.2,1.));
#2147 = DIRECTION('',(0.,1.,0.));
#2148 = DIRECTION('',(0.,0.,1.));
#2149 = ( GEOMETRIC_REPRESENTATION_CONTEXT(3) 
GLOBAL_UNCERTAINTY_ASSIGNED_CONTEXT((#2153)) 
GLOBAL_UNIT_ASSIGNED_CONTEXT((#2150,#2151,#2152)) REPRESENTATION_CONTEXT
('Context #1','3D Context with UNIT and UNCERTAINTY') );
#2150 = ( LENGTH_UNIT() NAMED_UNIT(*) SI_UNIT(.MILLI.,.METRE.) );
#2151 = ( NAMED_UNIT(*) PLANE_ANGLE_UNIT() SI_UNIT($,.RADIAN.) );
#2152 = ( NAMED_UNIT(*) SI_UNIT($,.STERADIAN.) SOLID_ANGLE_UNIT() );
#2153 = UNCERTAINTY_MEASURE_WITH_UNIT(LENGTH_MEASURE(1.E-07),#2150,
  'distance_accuracy_value','confusion accuracy');
#2154 = CONTEXT_DEPENDENT_SHAPE_REPRESENTATION(#2155,#2157);
#2155 = ( REPRESENTATION_RELATIONSHIP('','',#1996,#10) 
REPRESENTATION_RELATIONSHIP_WITH_TRANSFORMATION(#2156) 
SHAPE_REPRESENTATION_RELATIONSHIP() );
#2156 = ITEM_DEFINED_TRANSFORMATION('','',#11,#43);
#2157 = PRODUCT_DEFINITION_SHAPE('Placement','Placement of an item',
  #2158);
#2158 = NEXT_ASSEMBLY_USAGE_OCCURRENCE('896','Array003_Solid2','',#5,
  #1991,$);
#2159 = PRODUCT_RELATED_PRODUCT_CATEGORY('part',$,(#1993));
#2160 = CONTEXT_DEPENDENT_SHAPE_REPRESENTATION(#2161,#2163);
#2161 = ( REPRESENTATION_RELATIONSHIP('','',#1996,#10) 
REPRESENTATION_RELATIONSHIP_WITH_TRANSFORMATION(#2162) 
SHAPE_REPRESENTATION_RELATIONSHIP() );
#2162 = ITEM_DEFINED_TRANSFORMATION('','',#11,#47);
#2163 = PRODUCT_DEFINITION_SHAPE('Placement','Placement of an item',
  #2164);
#2164 = NEXT_ASSEMBLY_USAGE_OCCURRENCE('897','Array003_Solid3','',#5,
  #1991,$);
#2165 = CONTEXT_DEPENDENT_SHAPE_REPRESENTATION(#2166,#2168);
#2166 = ( REPRESENTATION_RELATIONSHIP('','',#1996,#10) 
REPRESENTATION_RELATIONSHIP_WITH_TRANSFORMATION(#2167) 
SHAPE_REPRESENTATION_RELATIONSHIP() );
#2167 = ITEM_DEFINED_TRANSFORMATION('','',#11,#51);
#2168 = PRODUCT_DEFINITION_SHAPE('Placement','Placement of an item',
  #2169);
#2169 = NEXT_ASSEMBLY_USAGE_OCCURRENCE('898','Array003_Solid4','',#5,
  #1991,$);
#2170 = CONTEXT_DEPENDENT_SHAPE_REPRESENTATION(#2171,#2173);
#2171 = ( REPRESENTATION_RELATIONSHIP('','',#1996,#10) 
REPRESENTATION_RELATIONSHIP_WITH_TRANSFORMATION(#2172) 
SHAPE_REPRESENTATION_RELATIONSHIP() );
#2172 = ITEM_DEFINED_TRANSFORMATION('','',#11,#55);
#2173 = PRODUCT_DEFINITION_SHAPE('Placement','Placement of an item',
  #2174);
#2174 = NEXT_ASSEMBLY_USAGE_OCCURRENCE('899','Array003_Solid5','',#5,
  #1991,$);
#2175 = SHAPE_DEFINITION_REPRESENTATION(#2176,#2182);
#2176 = PRODUCT_DEFINITION_SHAPE('','',#2177);
#2177 = PRODUCT_DEFINITION('design','',#2178,#2181);
#2178 = PRODUCT_DEFINITION_FORMATION('','',#2179);
#2179 = PRODUCT('Body003_Solid1','Body003_Solid1','',(#2180));
#2180 = PRODUCT_CONTEXT('',#2,'mechanical');
#2181 = PRODUCT_DEFINITION_CONTEXT('part definition',#2,'design');
#2182 = ADVANCED_BREP_SHAPE_REPRESENTATION('',(#11,#2183),#2333);
#2183 = MANIFOLD_SOLID_BREP('',#2184);
#2184 = CLOSED_SHELL('',(#2185,#2225,#2256,#2287,#2309,#2321));
#2185 = ADVANCED_FACE('',(#2186),#2220,.T.);
#2186 = FACE_BOUND('',#2187,.T.);
#2187 = EDGE_LOOP('',(#2188,#2198,#2206,#2214));
#2188 = ORIENTED_EDGE('',*,*,#2189,.T.);
#2189 = EDGE_CURVE('',#2190,#2192,#2194,.T.);
#2190 = VERTEX_POINT('',#2191);
#2191 = CARTESIAN_POINT('',(0.825,-2.6645352591E-16,-1.2));
#2192 = VERTEX_POINT('',#2193);
#2193 = CARTESIAN_POINT('',(0.825,5.E-02,-1.2));
#2194 = LINE('',#2195,#2196);
#2195 = CARTESIAN_POINT('',(0.825,-2.6645352591E-16,-1.2));
#2196 = VECTOR('',#2197,1.);
#2197 = DIRECTION('',(-0.,1.,-2.22044604925E-16));
#2198 = ORIENTED_EDGE('',*,*,#2199,.T.);
#2199 = EDGE_CURVE('',#2192,#2200,#2202,.T.);
#2200 = VERTEX_POINT('',#2201);
#2201 = CARTESIAN_POINT('',(0.825,5.E-02,1.2));
#2202 = LINE('',#2203,#2204);
#2203 = CARTESIAN_POINT('',(0.825,5.E-02,-1.2));
#2204 = VECTOR('',#2205,1.);
#2205 = DIRECTION('',(0.,2.22044604925E-16,1.));
#2206 = ORIENTED_EDGE('',*,*,#2207,.F.);
#2207 = EDGE_CURVE('',#2208,#2200,#2210,.T.);
#2208 = VERTEX_POINT('',#2209);
#2209 = CARTESIAN_POINT('',(0.825,2.6645352591E-16,1.2));
#2210 = LINE('',#2211,#2212);
#2211 = CARTESIAN_POINT('',(0.825,2.6645352591E-16,1.2));
#2212 = VECTOR('',#2213,1.);
#2213 = DIRECTION('',(-0.,1.,-2.22044604925E-16));
#2214 = ORIENTED_EDGE('',*,*,#2215,.F.);
#2215 = EDGE_CURVE('',#2190,#2208,#2216,.T.);
#2216 = LINE('',#2217,#2218);
#2217 = CARTESIAN_POINT('',(0.825,-2.6645352591E-16,-1.2));
#2218 = VECTOR('',#2219,1.);
#2219 = DIRECTION('',(0.,2.22044604925E-16,1.));
#2220 = PLANE('',#2221);
#2221 = AXIS2_PLACEMENT_3D('',#2222,#2223,#2224);
#2222 = CARTESIAN_POINT('',(0.825,-2.6645352591E-16,-1.2));
#2223 = DIRECTION('',(1.,0.,0.));
#2224 = DIRECTION('',(0.,2.22044604925E-16,1.));
#2225 = ADVANCED_FACE('',(#2226),#2251,.T.);
#2226 = FACE_BOUND('',#2227,.T.);
#2227 = EDGE_LOOP('',(#2228,#2229,#2237,#2245));
#2228 = ORIENTED_EDGE('',*,*,#2207,.T.);
#2229 = ORIENTED_EDGE('',*,*,#2230,.T.);
#2230 = EDGE_CURVE('',#2200,#2231,#2233,.T.);
#2231 = VERTEX_POINT('',#2232);
#2232 = CARTESIAN_POINT('',(-0.825,5.E-02,1.2));
#2233 = LINE('',#2234,#2235);
#2234 = CARTESIAN_POINT('',(0.825,5.E-02,1.2));
#2235 = VECTOR('',#2236,1.);
#2236 = DIRECTION('',(-1.,0.,0.));
#2237 = ORIENTED_EDGE('',*,*,#2238,.F.);
#2238 = EDGE_CURVE('',#2239,#2231,#2241,.T.);
#2239 = VERTEX_POINT('',#2240);
#2240 = CARTESIAN_POINT('',(-0.825,2.6645352591E-16,1.2));
#2241 = LINE('',#2242,#2243);
#2242 = CARTESIAN_POINT('',(-0.825,2.6645352591E-16,1.2));
#2243 = VECTOR('',#2244,1.);
#2244 = DIRECTION('',(-0.,1.,-2.22044604925E-16));
#2245 = ORIENTED_EDGE('',*,*,#2246,.F.);
#2246 = EDGE_CURVE('',#2208,#2239,#2247,.T.);
#2247 = LINE('',#2248,#2249);
#2248 = CARTESIAN_POINT('',(0.825,2.6645352591E-16,1.2));
#2249 = VECTOR('',#2250,1.);
#2250 = DIRECTION('',(-1.,0.,0.));
#2251 = PLANE('',#2252);
#2252 = AXIS2_PLACEMENT_3D('',#2253,#2254,#2255);
#2253 = CARTESIAN_POINT('',(0.825,2.6645352591E-16,1.2));
#2254 = DIRECTION('',(0.,2.22044604925E-16,1.));
#2255 = DIRECTION('',(-1.,-0.,0.));
#2256 = ADVANCED_FACE('',(#2257),#2282,.T.);
#2257 = FACE_BOUND('',#2258,.T.);
#2258 = EDGE_LOOP('',(#2259,#2260,#2268,#2276));
#2259 = ORIENTED_EDGE('',*,*,#2238,.T.);
#2260 = ORIENTED_EDGE('',*,*,#2261,.T.);
#2261 = EDGE_CURVE('',#2231,#2262,#2264,.T.);
#2262 = VERTEX_POINT('',#2263);
#2263 = CARTESIAN_POINT('',(-0.825,5.E-02,-1.2));
#2264 = LINE('',#2265,#2266);
#2265 = CARTESIAN_POINT('',(-0.825,5.E-02,1.2));
#2266 = VECTOR('',#2267,1.);
#2267 = DIRECTION('',(0.,-2.22044604925E-16,-1.));
#2268 = ORIENTED_EDGE('',*,*,#2269,.F.);
#2269 = EDGE_CURVE('',#2270,#2262,#2272,.T.);
#2270 = VERTEX_POINT('',#2271);
#2271 = CARTESIAN_POINT('',(-0.825,-2.6645352591E-16,-1.2));
#2272 = LINE('',#2273,#2274);
#2273 = CARTESIAN_POINT('',(-0.825,-2.6645352591E-16,-1.2));
#2274 = VECTOR('',#2275,1.);
#2275 = DIRECTION('',(-0.,1.,-2.22044604925E-16));
#2276 = ORIENTED_EDGE('',*,*,#2277,.F.);
#2277 = EDGE_CURVE('',#2239,#2270,#2278,.T.);
#2278 = LINE('',#2279,#2280);
#2279 = CARTESIAN_POINT('',(-0.825,2.6645352591E-16,1.2));
#2280 = VECTOR('',#2281,1.);
#2281 = DIRECTION('',(0.,-2.22044604925E-16,-1.));
#2282 = PLANE('',#2283);
#2283 = AXIS2_PLACEMENT_3D('',#2284,#2285,#2286);
#2284 = CARTESIAN_POINT('',(-0.825,2.6645352591E-16,1.2));
#2285 = DIRECTION('',(-1.,-0.,0.));
#2286 = DIRECTION('',(0.,-2.22044604925E-16,-1.));
#2287 = ADVANCED_FACE('',(#2288),#2304,.T.);
#2288 = FACE_BOUND('',#2289,.T.);
#2289 = EDGE_LOOP('',(#2290,#2291,#2297,#2298));
#2290 = ORIENTED_EDGE('',*,*,#2269,.T.);
#2291 = ORIENTED_EDGE('',*,*,#2292,.T.);
#2292 = EDGE_CURVE('',#2262,#2192,#2293,.T.);
#2293 = LINE('',#2294,#2295);
#2294 = CARTESIAN_POINT('',(-0.825,5.E-02,-1.2));
#2295 = VECTOR('',#2296,1.);
#2296 = DIRECTION('',(1.,0.,0.));
#2297 = ORIENTED_EDGE('',*,*,#2189,.F.);
#2298 = ORIENTED_EDGE('',*,*,#2299,.F.);
#2299 = EDGE_CURVE('',#2270,#2190,#2300,.T.);
#2300 = LINE('',#2301,#2302);
#2301 = CARTESIAN_POINT('',(-0.825,-2.6645352591E-16,-1.2));
#2302 = VECTOR('',#2303,1.);
#2303 = DIRECTION('',(1.,0.,0.));
#2304 = PLANE('',#2305);
#2305 = AXIS2_PLACEMENT_3D('',#2306,#2307,#2308);
#2306 = CARTESIAN_POINT('',(-0.825,-2.6645352591E-16,-1.2));
#2307 = DIRECTION('',(0.,-2.22044604925E-16,-1.));
#2308 = DIRECTION('',(1.,0.,0.));
#2309 = ADVANCED_FACE('',(#2310),#2316,.F.);
#2310 = FACE_BOUND('',#2311,.T.);
#2311 = EDGE_LOOP('',(#2312,#2313,#2314,#2315));
#2312 = ORIENTED_EDGE('',*,*,#2215,.T.);
#2313 = ORIENTED_EDGE('',*,*,#2246,.T.);
#2314 = ORIENTED_EDGE('',*,*,#2277,.T.);
#2315 = ORIENTED_EDGE('',*,*,#2299,.T.);
#2316 = PLANE('',#2317);
#2317 = AXIS2_PLACEMENT_3D('',#2318,#2319,#2320);
#2318 = CARTESIAN_POINT('',(-2.741291418828E-17,6.086889700779E-33,
    2.741291418828E-17));
#2319 = DIRECTION('',(0.,1.,0.));
#2320 = DIRECTION('',(0.,0.,1.));
#2321 = ADVANCED_FACE('',(#2322),#2328,.T.);
#2322 = FACE_BOUND('',#2323,.F.);
#2323 = EDGE_LOOP('',(#2324,#2325,#2326,#2327));
#2324 = ORIENTED_EDGE('',*,*,#2199,.T.);
#2325 = ORIENTED_EDGE('',*,*,#2230,.T.);
#2326 = ORIENTED_EDGE('',*,*,#2261,.T.);
#2327 = ORIENTED_EDGE('',*,*,#2292,.T.);
#2328 = PLANE('',#2329);
#2329 = AXIS2_PLACEMENT_3D('',#2330,#2331,#2332);
#2330 = CARTESIAN_POINT('',(-2.741291418828E-17,5.E-02,
    1.387778780781E-17));
#2331 = DIRECTION('',(0.,1.,0.));
#2332 = DIRECTION('',(0.,0.,1.));
#2333 = ( GEOMETRIC_REPRESENTATION_CONTEXT(3) 
GLOBAL_UNCERTAINTY_ASSIGNED_CONTEXT((#2337)) 
GLOBAL_UNIT_ASSIGNED_CONTEXT((#2334,#2335,#2336)) REPRESENTATION_CONTEXT
('Context #1','3D Context with UNIT and UNCERTAINTY') );
#2334 = ( LENGTH_UNIT() NAMED_UNIT(*) SI_UNIT(.MILLI.,.METRE.) );
#2335 = ( NAMED_UNIT(*) PLANE_ANGLE_UNIT() SI_UNIT($,.RADIAN.) );
#2336 = ( NAMED_UNIT(*) SI_UNIT($,.STERADIAN.) SOLID_ANGLE_UNIT() );
#2337 = UNCERTAINTY_MEASURE_WITH_UNIT(LENGTH_MEASURE(1.E-07),#2334,
  'distance_accuracy_value','confusion accuracy');
#2338 = CONTEXT_DEPENDENT_SHAPE_REPRESENTATION(#2339,#2341);
#2339 = ( REPRESENTATION_RELATIONSHIP('','',#2182,#10) 
REPRESENTATION_RELATIONSHIP_WITH_TRANSFORMATION(#2340) 
SHAPE_REPRESENTATION_RELATIONSHIP() );
#2340 = ITEM_DEFINED_TRANSFORMATION('','',#11,#59);
#2341 = PRODUCT_DEFINITION_SHAPE('Placement','Placement of an item',
  #2342);
#2342 = NEXT_ASSEMBLY_USAGE_OCCURRENCE('900','Body003_Solid1','',#5,
  #2177,$);
#2343 = PRODUCT_RELATED_PRODUCT_CATEGORY('part',$,(#2179));
#2344 = SHAPE_DEFINITION_REPRESENTATION(#2345,#2351);
#2345 = PRODUCT_DEFINITION_SHAPE('','',#2346);
#2346 = PRODUCT_DEFINITION('design','',#2347,#2350);
#2347 = PRODUCT_DEFINITION_FORMATION('','',#2348);
#2348 = PRODUCT('Body004_Solid1','Body004_Solid1','',(#2349));
#2349 = PRODUCT_CONTEXT('',#2,'mechanical');
#2350 = PRODUCT_DEFINITION_CONTEXT('part definition',#2,'design');
#2351 = ADVANCED_BREP_SHAPE_REPRESENTATION('',(#11,#2352),#2405);
#2352 = MANIFOLD_SOLID_BREP('',#2353);
#2353 = CLOSED_SHELL('',(#2354,#2387,#2396));
#2354 = ADVANCED_FACE('',(#2355),#2382,.T.);
#2355 = FACE_BOUND('',#2356,.F.);
#2356 = EDGE_LOOP('',(#2357,#2367,#2374,#2375));
#2357 = ORIENTED_EDGE('',*,*,#2358,.T.);
#2358 = EDGE_CURVE('',#2359,#2361,#2363,.T.);
#2359 = VERTEX_POINT('',#2360);
#2360 = CARTESIAN_POINT('',(-1.269,0.746,-1.119));
#2361 = VERTEX_POINT('',#2362);
#2362 = CARTESIAN_POINT('',(-1.269,1.,-1.119));
#2363 = LINE('',#2364,#2365);
#2364 = CARTESIAN_POINT('',(-1.269,0.746,-1.119));
#2365 = VECTOR('',#2366,1.);
#2366 = DIRECTION('',(0.,1.,-2.22044604925E-16));
#2367 = ORIENTED_EDGE('',*,*,#2368,.T.);
#2368 = EDGE_CURVE('',#2361,#2361,#2369,.T.);
#2369 = CIRCLE('',#2370,0.15);
#2370 = AXIS2_PLACEMENT_3D('',#2371,#2372,#2373);
#2371 = CARTESIAN_POINT('',(-1.119,1.,-1.119));
#2372 = DIRECTION('',(0.,1.,-2.22044604925E-16));
#2373 = DIRECTION('',(-1.,0.,0.));
#2374 = ORIENTED_EDGE('',*,*,#2358,.F.);
#2375 = ORIENTED_EDGE('',*,*,#2376,.F.);
#2376 = EDGE_CURVE('',#2359,#2359,#2377,.T.);
#2377 = CIRCLE('',#2378,0.15);
#2378 = AXIS2_PLACEMENT_3D('',#2379,#2380,#2381);
#2379 = CARTESIAN_POINT('',(-1.119,0.746,-1.119));
#2380 = DIRECTION('',(0.,1.,-2.22044604925E-16));
#2381 = DIRECTION('',(-1.,0.,0.));
#2382 = CYLINDRICAL_SURFACE('',#2383,0.15);
#2383 = AXIS2_PLACEMENT_3D('',#2384,#2385,#2386);
#2384 = CARTESIAN_POINT('',(-1.119,0.746,-1.119));
#2385 = DIRECTION('',(0.,-1.,2.22044604925E-16));
#2386 = DIRECTION('',(-1.,0.,0.));
#2387 = ADVANCED_FACE('',(#2388),#2391,.F.);
#2388 = FACE_BOUND('',#2389,.F.);
#2389 = EDGE_LOOP('',(#2390));
#2390 = ORIENTED_EDGE('',*,*,#2376,.T.);
#2391 = PLANE('',#2392);
#2392 = AXIS2_PLACEMENT_3D('',#2393,#2394,#2395);
#2393 = CARTESIAN_POINT('',(-1.119,0.746,-1.119));
#2394 = DIRECTION('',(0.,1.,0.));
#2395 = DIRECTION('',(0.,0.,1.));
#2396 = ADVANCED_FACE('',(#2397),#2400,.T.);
#2397 = FACE_BOUND('',#2398,.T.);
#2398 = EDGE_LOOP('',(#2399));
#2399 = ORIENTED_EDGE('',*,*,#2368,.T.);
#2400 = PLANE('',#2401);
#2401 = AXIS2_PLACEMENT_3D('',#2402,#2403,#2404);
#2402 = CARTESIAN_POINT('',(-1.119,1.,-1.119));
#2403 = DIRECTION('',(0.,1.,0.));
#2404 = DIRECTION('',(0.,0.,1.));
#2405 = ( GEOMETRIC_REPRESENTATION_CONTEXT(3) 
GLOBAL_UNCERTAINTY_ASSIGNED_CONTEXT((#2409)) 
GLOBAL_UNIT_ASSIGNED_CONTEXT((#2406,#2407,#2408)) REPRESENTATION_CONTEXT
('Context #1','3D Context with UNIT and UNCERTAINTY') );
#2406 = ( LENGTH_UNIT() NAMED_UNIT(*) SI_UNIT(.MILLI.,.METRE.) );
#2407 = ( NAMED_UNIT(*) PLANE_ANGLE_UNIT() SI_UNIT($,.RADIAN.) );
#2408 = ( NAMED_UNIT(*) SI_UNIT($,.STERADIAN.) SOLID_ANGLE_UNIT() );
#2409 = UNCERTAINTY_MEASURE_WITH_UNIT(LENGTH_MEASURE(1.E-07),#2406,
  'distance_accuracy_value','confusion accuracy');
#2410 = CONTEXT_DEPENDENT_SHAPE_REPRESENTATION(#2411,#2413);
#2411 = ( REPRESENTATION_RELATIONSHIP('','',#2351,#10) 
REPRESENTATION_RELATIONSHIP_WITH_TRANSFORMATION(#2412) 
SHAPE_REPRESENTATION_RELATIONSHIP() );
#2412 = ITEM_DEFINED_TRANSFORMATION('','',#11,#63);
#2413 = PRODUCT_DEFINITION_SHAPE('Placement','Placement of an item',
  #2414);
#2414 = NEXT_ASSEMBLY_USAGE_OCCURRENCE('901','Body004_Solid1','',#5,
  #2346,$);
#2415 = PRODUCT_RELATED_PRODUCT_CATEGORY('part',$,(#2348));
#2416 = SHAPE_DEFINITION_REPRESENTATION(#1972,#2417);
#2417 = SHAPE_REPRESENTATION('',(#27),#1958);
#2418 = SHAPE_DEFINITION_REPRESENTATION(#1977,#2419);
#2419 = SHAPE_REPRESENTATION('',(#31),#1958);
#2420 = SHAPE_DEFINITION_REPRESENTATION(#1982,#2421);
#2421 = SHAPE_REPRESENTATION('',(#35),#1958);
#2422 = SHAPE_DEFINITION_REPRESENTATION(#1987,#2423);
#2423 = SHAPE_REPRESENTATION('',(#39),#1958);
#2424 = SHAPE_DEFINITION_REPRESENTATION(#2163,#2425);
#2425 = SHAPE_REPRESENTATION('',(#47),#2149);
#2426 = SHAPE_DEFINITION_REPRESENTATION(#2168,#2427);
#2427 = SHAPE_REPRESENTATION('',(#51),#2149);
#2428 = SHAPE_DEFINITION_REPRESENTATION(#2173,#2429);
#2429 = SHAPE_REPRESENTATION('',(#55),#2149);
#2430 = SHAPE_DEFINITION_REPRESENTATION(#1972,#2431);
#2431 = SHAPE_REPRESENTATION('',(#27),#1958);
#2432 = SHAPE_DEFINITION_REPRESENTATION(#1977,#2433);
#2433 = SHAPE_REPRESENTATION('',(#31),#1958);
#2434 = SHAPE_DEFINITION_REPRESENTATION(#1982,#2435);
#2435 = SHAPE_REPRESENTATION('',(#35),#1958);
#2436 = SHAPE_DEFINITION_REPRESENTATION(#1987,#2437);
#2437 = SHAPE_REPRESENTATION('',(#39),#1958);
#2438 = SHAPE_DEFINITION_REPRESENTATION(#2163,#2439);
#2439 = SHAPE_REPRESENTATION('',(#47),#2149);
#2440 = SHAPE_DEFINITION_REPRESENTATION(#2168,#2441);
#2441 = SHAPE_REPRESENTATION('',(#51),#2149);
#2442 = SHAPE_DEFINITION_REPRESENTATION(#2173,#2443);
#2443 = SHAPE_REPRESENTATION('',(#55),#2149);
#2444 = MECHANICAL_DESIGN_GEOMETRIC_PRESENTATION_REPRESENTATION('',(
    #2445),#1616);
#2445 = STYLED_ITEM('color',(#2446),#81);
#2446 = PRESENTATION_STYLE_ASSIGNMENT((#2447,#2453));
#2447 = SURFACE_STYLE_USAGE(.BOTH.,#2448);
#2448 = SURFACE_SIDE_STYLE('',(#2449));
#2449 = SURFACE_STYLE_FILL_AREA(#2450);
#2450 = FILL_AREA_STYLE('',(#2451));
#2451 = FILL_AREA_STYLE_COLOUR('',#2452);
#2452 = COLOUR_RGB('',0.250980406631,0.250980406631,0.250980406631);
#2453 = CURVE_STYLE('',#2454,POSITIVE_LENGTH_MEASURE(0.1),#2455);
#2454 = DRAUGHTING_PRE_DEFINED_CURVE_FONT('continuous');
#2455 = COLOUR_RGB('',9.803921802644E-02,9.803921802644E-02,
  9.803921802644E-02);
#2456 = MECHANICAL_DESIGN_GEOMETRIC_PRESENTATION_REPRESENTATION('',(
    #2457),#2405);
#2457 = STYLED_ITEM('color',(#2458),#2352);
#2458 = PRESENTATION_STYLE_ASSIGNMENT((#2459,#2465));
#2459 = SURFACE_STYLE_USAGE(.BOTH.,#2460);
#2460 = SURFACE_SIDE_STYLE('',(#2461));
#2461 = SURFACE_STYLE_FILL_AREA(#2462);
#2462 = FILL_AREA_STYLE('',(#2463));
#2463 = FILL_AREA_STYLE_COLOUR('',#2464);
#2464 = DRAUGHTING_PRE_DEFINED_COLOUR('white');
#2465 = CURVE_STYLE('',#2466,POSITIVE_LENGTH_MEASURE(0.1),#2455);
#2466 = DRAUGHTING_PRE_DEFINED_CURVE_FONT('continuous');
#2467 = MECHANICAL_DESIGN_GEOMETRIC_PRESENTATION_REPRESENTATION('',(
    #2468,#2478,#2487,#2496,#2505,#2516,#2525),#2149);
#2468 = STYLED_ITEM('color',(#2469),#1997);
#2469 = PRESENTATION_STYLE_ASSIGNMENT((#2470,#2476));
#2470 = SURFACE_STYLE_USAGE(.BOTH.,#2471);
#2471 = SURFACE_SIDE_STYLE('',(#2472));
#2472 = SURFACE_STYLE_FILL_AREA(#2473);
#2473 = FILL_AREA_STYLE('',(#2474));
#2474 = FILL_AREA_STYLE_COLOUR('',#2475);
#2475 = COLOUR_RGB('',0.796078452645,0.823529417451,0.937254901616);
#2476 = CURVE_STYLE('',#2477,POSITIVE_LENGTH_MEASURE(0.1),#2455);
#2477 = DRAUGHTING_PRE_DEFINED_CURVE_FONT('continuous');
#2478 = OVER_RIDING_STYLED_ITEM('overriding color',(#2479),#1997,#2468);
#2479 = PRESENTATION_STYLE_BY_CONTEXT((#2480,#2485),#2425);
#2480 = SURFACE_STYLE_USAGE(.BOTH.,#2481);
#2481 = SURFACE_SIDE_STYLE('',(#2482));
#2482 = SURFACE_STYLE_FILL_AREA(#2483);
#2483 = FILL_AREA_STYLE('',(#2484));
#2484 = FILL_AREA_STYLE_COLOUR('',#2475);
#2485 = CURVE_STYLE('',#2486,POSITIVE_LENGTH_MEASURE(0.1),#2455);
#2486 = DRAUGHTING_PRE_DEFINED_CURVE_FONT('continuous');
#2487 = OVER_RIDING_STYLED_ITEM('overriding color',(#2488),#1997,#2468);
#2488 = PRESENTATION_STYLE_BY_CONTEXT((#2489,#2494),#2427);
#2489 = SURFACE_STYLE_USAGE(.BOTH.,#2490);
#2490 = SURFACE_SIDE_STYLE('',(#2491));
#2491 = SURFACE_STYLE_FILL_AREA(#2492);
#2492 = FILL_AREA_STYLE('',(#2493));
#2493 = FILL_AREA_STYLE_COLOUR('',#2475);
#2494 = CURVE_STYLE('',#2495,POSITIVE_LENGTH_MEASURE(0.1),#2455);
#2495 = DRAUGHTING_PRE_DEFINED_CURVE_FONT('continuous');
#2496 = OVER_RIDING_STYLED_ITEM('overriding color',(#2497),#1997,#2468);
#2497 = PRESENTATION_STYLE_BY_CONTEXT((#2498,#2503),#2429);
#2498 = SURFACE_STYLE_USAGE(.BOTH.,#2499);
#2499 = SURFACE_SIDE_STYLE('',(#2500));
#2500 = SURFACE_STYLE_FILL_AREA(#2501);
#2501 = FILL_AREA_STYLE('',(#2502));
#2502 = FILL_AREA_STYLE_COLOUR('',#2475);
#2503 = CURVE_STYLE('',#2504,POSITIVE_LENGTH_MEASURE(0.1),#2455);
#2504 = DRAUGHTING_PRE_DEFINED_CURVE_FONT('continuous');
#2505 = OVER_RIDING_STYLED_ITEM('overriding color',(#2506),#1997,#2468);
#2506 = PRESENTATION_STYLE_BY_CONTEXT((#2507,#2513),#2439);
#2507 = SURFACE_STYLE_USAGE(.BOTH.,#2508);
#2508 = SURFACE_SIDE_STYLE('',(#2509));
#2509 = SURFACE_STYLE_FILL_AREA(#2510);
#2510 = FILL_AREA_STYLE('',(#2511));
#2511 = FILL_AREA_STYLE_COLOUR('',#2512);
#2512 = COLOUR_RGB('',0.796078452645,0.823529417451,0.937254901616);
#2513 = CURVE_STYLE('',#2514,POSITIVE_LENGTH_MEASURE(0.1),#2515);
#2514 = DRAUGHTING_PRE_DEFINED_CURVE_FONT('continuous');
#2515 = COLOUR_RGB('',9.803921802644E-02,9.803921802644E-02,
  9.803921802644E-02);
#2516 = OVER_RIDING_STYLED_ITEM('overriding color',(#2517),#1997,#2468);
#2517 = PRESENTATION_STYLE_BY_CONTEXT((#2518,#2523),#2441);
#2518 = SURFACE_STYLE_USAGE(.BOTH.,#2519);
#2519 = SURFACE_SIDE_STYLE('',(#2520));
#2520 = SURFACE_STYLE_FILL_AREA(#2521);
#2521 = FILL_AREA_STYLE('',(#2522));
#2522 = FILL_AREA_STYLE_COLOUR('',#2512);
#2523 = CURVE_STYLE('',#2524,POSITIVE_LENGTH_MEASURE(0.1),#2515);
#2524 = DRAUGHTING_PRE_DEFINED_CURVE_FONT('continuous');
#2525 = OVER_RIDING_STYLED_ITEM('overriding color',(#2526),#1997,#2468);
#2526 = PRESENTATION_STYLE_BY_CONTEXT((#2527,#2532),#2443);
#2527 = SURFACE_STYLE_USAGE(.BOTH.,#2528);
#2528 = SURFACE_SIDE_STYLE('',(#2529));
#2529 = SURFACE_STYLE_FILL_AREA(#2530);
#2530 = FILL_AREA_STYLE('',(#2531));
#2531 = FILL_AREA_STYLE_COLOUR('',#2512);
#2532 = CURVE_STYLE('',#2533,POSITIVE_LENGTH_MEASURE(0.1),#2515);
#2533 = DRAUGHTING_PRE_DEFINED_CURVE_FONT('continuous');
#2534 = MECHANICAL_DESIGN_GEOMETRIC_PRESENTATION_REPRESENTATION('',(
    #2535),#2333);
#2535 = STYLED_ITEM('color',(#2536),#2183);
#2536 = PRESENTATION_STYLE_ASSIGNMENT((#2537,#2542));
#2537 = SURFACE_STYLE_USAGE(.BOTH.,#2538);
#2538 = SURFACE_SIDE_STYLE('',(#2539));
#2539 = SURFACE_STYLE_FILL_AREA(#2540);
#2540 = FILL_AREA_STYLE('',(#2541));
#2541 = FILL_AREA_STYLE_COLOUR('',#2475);
#2542 = CURVE_STYLE('',#2543,POSITIVE_LENGTH_MEASURE(0.1),#2455);
#2543 = DRAUGHTING_PRE_DEFINED_CURVE_FONT('continuous');
#2544 = MECHANICAL_DESIGN_GEOMETRIC_PRESENTATION_REPRESENTATION('',(
    #2545),#1787);
#2545 = STYLED_ITEM('color',(#2546),#1635);
#2546 = PRESENTATION_STYLE_ASSIGNMENT((#2547,#2552));
#2547 = SURFACE_STYLE_USAGE(.BOTH.,#2548);
#2548 = SURFACE_SIDE_STYLE('',(#2549));
#2549 = SURFACE_STYLE_FILL_AREA(#2550);
#2550 = FILL_AREA_STYLE('',(#2551));
#2551 = FILL_AREA_STYLE_COLOUR('',#2475);
#2552 = CURVE_STYLE('',#2553,POSITIVE_LENGTH_MEASURE(0.1),#2455);
#2553 = DRAUGHTING_PRE_DEFINED_CURVE_FONT('continuous');
#2554 = MECHANICAL_DESIGN_GEOMETRIC_PRESENTATION_REPRESENTATION('',(
    #2555,#2564,#2573,#2582,#2591,#2600,#2609,#2618,#2627),#1958);
#2555 = STYLED_ITEM('color',(#2556),#1806);
#2556 = PRESENTATION_STYLE_ASSIGNMENT((#2557,#2562));
#2557 = SURFACE_STYLE_USAGE(.BOTH.,#2558);
#2558 = SURFACE_SIDE_STYLE('',(#2559));
#2559 = SURFACE_STYLE_FILL_AREA(#2560);
#2560 = FILL_AREA_STYLE('',(#2561));
#2561 = FILL_AREA_STYLE_COLOUR('',#2475);
#2562 = CURVE_STYLE('',#2563,POSITIVE_LENGTH_MEASURE(0.1),#2455);
#2563 = DRAUGHTING_PRE_DEFINED_CURVE_FONT('continuous');
#2564 = OVER_RIDING_STYLED_ITEM('overriding color',(#2565),#1806,#2555);
#2565 = PRESENTATION_STYLE_BY_CONTEXT((#2566,#2571),#2417);
#2566 = SURFACE_STYLE_USAGE(.BOTH.,#2567);
#2567 = SURFACE_SIDE_STYLE('',(#2568));
#2568 = SURFACE_STYLE_FILL_AREA(#2569);
#2569 = FILL_AREA_STYLE('',(#2570));
#2570 = FILL_AREA_STYLE_COLOUR('',#2475);
#2571 = CURVE_STYLE('',#2572,POSITIVE_LENGTH_MEASURE(0.1),#2455);
#2572 = DRAUGHTING_PRE_DEFINED_CURVE_FONT('continuous');
#2573 = OVER_RIDING_STYLED_ITEM('overriding color',(#2574),#1806,#2555);
#2574 = PRESENTATION_STYLE_BY_CONTEXT((#2575,#2580),#2419);
#2575 = SURFACE_STYLE_USAGE(.BOTH.,#2576);
#2576 = SURFACE_SIDE_STYLE('',(#2577));
#2577 = SURFACE_STYLE_FILL_AREA(#2578);
#2578 = FILL_AREA_STYLE('',(#2579));
#2579 = FILL_AREA_STYLE_COLOUR('',#2475);
#2580 = CURVE_STYLE('',#2581,POSITIVE_LENGTH_MEASURE(0.1),#2455);
#2581 = DRAUGHTING_PRE_DEFINED_CURVE_FONT('continuous');
#2582 = OVER_RIDING_STYLED_ITEM('overriding color',(#2583),#1806,#2555);
#2583 = PRESENTATION_STYLE_BY_CONTEXT((#2584,#2589),#2421);
#2584 = SURFACE_STYLE_USAGE(.BOTH.,#2585);
#2585 = SURFACE_SIDE_STYLE('',(#2586));
#2586 = SURFACE_STYLE_FILL_AREA(#2587);
#2587 = FILL_AREA_STYLE('',(#2588));
#2588 = FILL_AREA_STYLE_COLOUR('',#2475);
#2589 = CURVE_STYLE('',#2590,POSITIVE_LENGTH_MEASURE(0.1),#2455);
#2590 = DRAUGHTING_PRE_DEFINED_CURVE_FONT('continuous');
#2591 = OVER_RIDING_STYLED_ITEM('overriding color',(#2592),#1806,#2555);
#2592 = PRESENTATION_STYLE_BY_CONTEXT((#2593,#2598),#2423);
#2593 = SURFACE_STYLE_USAGE(.BOTH.,#2594);
#2594 = SURFACE_SIDE_STYLE('',(#2595));
#2595 = SURFACE_STYLE_FILL_AREA(#2596);
#2596 = FILL_AREA_STYLE('',(#2597));
#2597 = FILL_AREA_STYLE_COLOUR('',#2475);
#2598 = CURVE_STYLE('',#2599,POSITIVE_LENGTH_MEASURE(0.1),#2455);
#2599 = DRAUGHTING_PRE_DEFINED_CURVE_FONT('continuous');
#2600 = OVER_RIDING_STYLED_ITEM('overriding color',(#2601),#1806,#2555);
#2601 = PRESENTATION_STYLE_BY_CONTEXT((#2602,#2607),#2431);
#2602 = SURFACE_STYLE_USAGE(.BOTH.,#2603);
#2603 = SURFACE_SIDE_STYLE('',(#2604));
#2604 = SURFACE_STYLE_FILL_AREA(#2605);
#2605 = FILL_AREA_STYLE('',(#2606));
#2606 = FILL_AREA_STYLE_COLOUR('',#2512);
#2607 = CURVE_STYLE('',#2608,POSITIVE_LENGTH_MEASURE(0.1),#2515);
#2608 = DRAUGHTING_PRE_DEFINED_CURVE_FONT('continuous');
#2609 = OVER_RIDING_STYLED_ITEM('overriding color',(#2610),#1806,#2555);
#2610 = PRESENTATION_STYLE_BY_CONTEXT((#2611,#2616),#2433);
#2611 = SURFACE_STYLE_USAGE(.BOTH.,#2612);
#2612 = SURFACE_SIDE_STYLE('',(#2613));
#2613 = SURFACE_STYLE_FILL_AREA(#2614);
#2614 = FILL_AREA_STYLE('',(#2615));
#2615 = FILL_AREA_STYLE_COLOUR('',#2512);
#2616 = CURVE_STYLE('',#2617,POSITIVE_LENGTH_MEASURE(0.1),#2515);
#2617 = DRAUGHTING_PRE_DEFINED_CURVE_FONT('continuous');
#2618 = OVER_RIDING_STYLED_ITEM('overriding color',(#2619),#1806,#2555);
#2619 = PRESENTATION_STYLE_BY_CONTEXT((#2620,#2625),#2435);
#2620 = SURFACE_STYLE_USAGE(.BOTH.,#2621);
#2621 = SURFACE_SIDE_STYLE('',(#2622));
#2622 = SURFACE_STYLE_FILL_AREA(#2623);
#2623 = FILL_AREA_STYLE('',(#2624));
#2624 = FILL_AREA_STYLE_COLOUR('',#2512);
#2625 = CURVE_STYLE('',#2626,POSITIVE_LENGTH_MEASURE(0.1),#2515);
#2626 = DRAUGHTING_PRE_DEFINED_CURVE_FONT('continuous');
#2627 = OVER_RIDING_STYLED_ITEM('overriding color',(#2628),#1806,#2555);
#2628 = PRESENTATION_STYLE_BY_CONTEXT((#2629,#2634),#2437);
#2629 = SURFACE_STYLE_USAGE(.BOTH.,#2630);
#2630 = SURFACE_SIDE_STYLE('',(#2631));
#2631 = SURFACE_STYLE_FILL_AREA(#2632);
#2632 = FILL_AREA_STYLE('',(#2633));
#2633 = FILL_AREA_STYLE_COLOUR('',#2512);
#2634 = CURVE_STYLE('',#2635,POSITIVE_LENGTH_MEASURE(0.1),#2515);
#2635 = DRAUGHTING_PRE_DEFINED_CURVE_FONT('continuous');
ENDSEC;
END-ISO-10303-21;
