ISO-10303-21;
HEADER;
FILE_DESCRIPTION (( 'STEP AP214' ),
    '1' );
FILE_NAME ('CCS_CCSTD_1210_L3.6W2.8T2.8B0.5.STEP',
    '2024-09-06T12:56:34',
    ( '' ),
    ( '' ),
    'SwSTEP 2.0',
    'SolidWorks 2021',
    '' );
FILE_SCHEMA (( 'AUTOMOTIVE_DESIGN' ));
ENDSEC;

DATA;
#1 = FACE_OUTER_BOUND ( 'NONE', #49, .T. ) ;
#2 = PRESENTATION_LAYER_ASSIGNMENT (  '', '', ( #683 ) ) ;
#3 = SURFACE_STYLE_USAGE ( .BOTH. , #349 ) ;
#4 = EDGE_CURVE ( 'NONE', #217, #4442, #395, .T. ) ;
#5 = AXIS2_PLACEMENT_3D ( 'NONE', #1885, #1909, #4421 ) ;
#6 = EDGE_LOOP ( 'NONE', ( #3400, #1721, #461, #2335 ) ) ;
#7 = CARTESIAN_POINT ( 'NONE',  ( 2.850000000000000089, 2.741759999999999753, -0.1100196155029169176 ) ) ;
#8 = LINE ( 'NONE', #4609, #4259 ) ;
#9 = SURFACE_SIDE_STYLE ('',( #2180 ) ) ;
#10 = EDGE_CURVE ( 'NONE', #3811, #3953, #3527, .T. ) ;
#11 = DIRECTION ( 'NONE',  ( 1.000000000000000000, 3.723221746172723248E-15, 0.000000000000000000 ) ) ;
#12 = ORIENTED_EDGE ( 'NONE', *, *, #4161, .F. ) ;
#13 = DIRECTION ( 'NONE',  ( 0.9611542233438713501, 0.000000000000000000, 0.2760118818968482768 ) ) ;
#14 = DIRECTION ( 'NONE',  ( -0.9601763114327565019, 0.000000000000000000, -0.2793947940878392933 ) ) ;
#15 =( NAMED_UNIT ( * ) SI_UNIT ( $, .STERADIAN. ) SOLID_ANGLE_UNIT ( ) );
#16 = PLANE ( 'NONE',  #3678 ) ;
#17 = CARTESIAN_POINT ( 'NONE',  ( 2.851363589254264586, 0.07076882678794725601, -2.719608588827739926 ) ) ;
#18 = FACE_OUTER_BOUND ( 'NONE', #1372, .T. ) ;
#19 = CARTESIAN_POINT ( 'NONE',  ( 0.7500000000000000000, 2.741759999999999753, -2.683520000000000127 ) ) ;
#20 = CARTESIAN_POINT ( 'NONE',  ( 0.6917600000000100335, 0.05823999999999999316, 0.000000000000000000 ) ) ;
#21 = CARTESIAN_POINT ( 'NONE',  ( 1.577535811012221290, 2.741759999999999753, -1.340669888712066493 ) ) ;
#22 = ORIENTED_EDGE ( 'NONE', *, *, #4137, .F. ) ;
#23 = CARTESIAN_POINT ( 'NONE',  ( 0.7500000000000000000, 2.741759999999999753, -2.683520000000000127 ) ) ;
#24 = EDGE_CURVE ( 'NONE', #4141, #2280, #2477, .T. ) ;
#25 = ORIENTED_EDGE ( 'NONE', *, *, #4161, .T. ) ;
#26 = CARTESIAN_POINT ( 'NONE',  ( 1.611847357580686646, 2.741759999999999753, -2.316306086614288606 ) ) ;
#27 = ORIENTED_EDGE ( 'NONE', *, *, #4394, .F. ) ;
#28 =( NAMED_UNIT ( * ) SI_UNIT ( $, .STERADIAN. ) SOLID_ANGLE_UNIT ( ) );
#29 = AXIS2_PLACEMENT_3D ( 'NONE', #3404, #82, #1510 ) ;
#30 = CARTESIAN_POINT ( 'NONE',  ( 1.532369079381479704, 2.741759999999999753, -1.214544228466160281 ) ) ;
#31 = UNCERTAINTY_MEASURE_WITH_UNIT (LENGTH_MEASURE( 1.000000000000000082E-05 ), #1786, 'distance_accuracy_value', 'NONE');
#32 = VECTOR ( 'NONE', #2025, 1000.000000000000227 ) ;
#33 = ORIENTED_EDGE ( 'NONE', *, *, #139, .F. ) ;
#34 = DIRECTION ( 'NONE',  ( 1.000000000000000000, 0.000000000000000000, 0.000000000000000000 ) ) ;
#35 =( NAMED_UNIT ( * ) PLANE_ANGLE_UNIT ( ) SI_UNIT ( $, .RADIAN. ) );
#36 = DIRECTION ( 'NONE',  ( -1.000000000000000000, 0.000000000000000000, 0.000000000000000000 ) ) ;
#37 =( GEOMETRIC_REPRESENTATION_CONTEXT ( 3 ) GLOBAL_UNCERTAINTY_ASSIGNED_CONTEXT ( ( #2562 ) ) GLOBAL_UNIT_ASSIGNED_CONTEXT ( ( #3117, #629, #3451 ) ) REPRESENTATION_CONTEXT ( 'NONE', 'WORKASPACE' ) );
#38 = LINE ( 'NONE', #4670, #1927 ) ;
#39 = VECTOR ( 'NONE', #3571, 1000.000000000000114 ) ;
#40 = FACE_OUTER_BOUND ( 'NONE', #594, .T. ) ;
#41 =( LENGTH_UNIT ( ) NAMED_UNIT ( * ) SI_UNIT ( .MILLI., .METRE. ) );
#42 = ORIENTED_EDGE ( 'NONE', *, *, #1461, .T. ) ;
#43 = LINE ( 'NONE', #2951, #405 ) ;
#44 = VECTOR ( 'NONE', #3730, 1000.000000000000000 ) ;
#45 = VERTEX_POINT ( 'NONE', #4217 ) ;
#46 = LINE ( 'NONE', #4337, #2221 ) ;
#47 = AXIS2_PLACEMENT_3D ( 'NONE', #328, #283, #4293 ) ;
#48 = ORIENTED_EDGE ( 'NONE', *, *, #300, .F. ) ;
#49 = EDGE_LOOP ( 'NONE', ( #331, #94, #3813, #1119, #1544, #3929 ) ) ;
#50 = DIRECTION ( 'NONE',  ( 0.000000000000000000, 1.000000000000000000, 0.000000000000000000 ) ) ;
#51 = DIRECTION ( 'NONE',  ( 0.000000000000000000, 0.000000000000000000, 1.000000000000000000 ) ) ;
#52 = EDGE_CURVE ( 'NONE', #2892, #2936, #3555, .T. ) ;
#53 = STYLED_ITEM ( 'NONE', ( #4455 ), #2355 ) ;
#54 = DIRECTION ( 'NONE',  ( -1.000000000000000000, -0.000000000000000000, 0.000000000000000000 ) ) ;
#55 = ORIENTED_EDGE ( 'NONE', *, *, #1666, .T. ) ;
#56 = CARTESIAN_POINT ( 'NONE',  ( 1.532369079381479704, 2.746759999999999646, -1.255601935242362188 ) ) ;
#57 = CARTESIAN_POINT ( 'NONE',  ( 0.7500000000000098810, 0.06403198713132469966, -2.735968012868675636 ) ) ;
#58 = AXIS2_PLACEMENT_3D ( 'NONE', #1520, #1865, #2929 ) ;
#59 = DIRECTION ( 'NONE',  ( 0.8958676361826827250, 0.000000000000000000, 0.4443210308329466618 ) ) ;
#60 = AXIS2_PLACEMENT_3D ( 'NONE', #3841, #4270, #672 ) ;
#61 = CARTESIAN_POINT ( 'NONE',  ( 3.541759999999999575, 2.741759999999999753, -0.05823999999999999316 ) ) ;
#62 = PRESENTATION_STYLE_ASSIGNMENT (( #3288 ) ) ;
#63 = DIRECTION ( 'NONE',  ( -0.2740217765953968376, 0.000000000000000000, 0.9617234872620624708 ) ) ;
#64 = DIRECTION ( 'NONE',  ( 0.000000000000000000, 0.000000000000000000, 1.000000000000000000 ) ) ;
#65 = LINE ( 'NONE', #2551, #4079 ) ;
#66 = FILL_AREA_STYLE ('',( #113 ) ) ;
#67 = B_SPLINE_CURVE_WITH_KNOTS ( 'NONE', 3,
 ( #294, #3553, #1010, #2522, #724, #2454, #17, #312, #1734, #1371 ),
 .UNSPECIFIED., .F., .F.,
 ( 4, 3, 3, 4 ),
 ( 0.000000000000000000, 1.938115349126056766E-05, 3.880233050466063913E-05, 4.563224590952793565E-05 ),
 .UNSPECIFIED. ) ;
#68 = PRESENTATION_LAYER_ASSIGNMENT (  '', '', ( #2384 ) ) ;
#69 = EDGE_LOOP ( 'NONE', ( #141, #1847, #3462 ) ) ;
#70 = CARTESIAN_POINT ( 'NONE',  ( 0.7500000000000099920, 0.05823999999999999316, 0.000000000000000000 ) ) ;
#71 = ORIENTED_EDGE ( 'NONE', *, *, #4674, .T. ) ;
#72 = CIRCLE ( 'NONE', #2085, 0.05824000000000020133 ) ;
#73 = AXIS2_PLACEMENT_3D ( 'NONE', #2494, #1808, #4322 ) ;
#74 = VECTOR ( 'NONE', #924, 1000.000000000000000 ) ;
#75 = ORIENTED_EDGE ( 'NONE', *, *, #3696, .T. ) ;
#76 = CYLINDRICAL_SURFACE ( 'NONE', #3611, 0.05824000000000020133 ) ;
#77 = ADVANCED_FACE ( 'NONE', ( #2834 ), #3827, .F. ) ;
#78 = SURFACE_SIDE_STYLE ('',( #3637 ) ) ;
#79 = CARTESIAN_POINT ( 'NONE',  ( 0.7499999999999997780, 2.683519999999999683, -2.683520000000000127 ) ) ;
#80 = UNCERTAINTY_MEASURE_WITH_UNIT (LENGTH_MEASURE( 1.000000000000000082E-05 ), #2393, 'distance_accuracy_value', 'NONE');
#81 = AXIS2_PLACEMENT_3D ( 'NONE', #1519, #1163, #2595 ) ;
#82 = DIRECTION ( 'NONE',  ( 1.000000000000000000, 0.000000000000000000, 0.000000000000000000 ) ) ;
#83 = VERTEX_POINT ( 'NONE', #3098 ) ;
#84 = SURFACE_SIDE_STYLE ('',( #530 ) ) ;
#85 = EDGE_CURVE ( 'NONE', #1511, #4001, #608, .T. ) ;
#86 = DIRECTION ( 'NONE',  ( -0.000000000000000000, 1.000000000000000000, -0.000000000000000000 ) ) ;
#87 =( BOUNDED_CURVE ( )  B_SPLINE_CURVE ( 3, ( #1020, #3930, #1380, #639 ),
 .UNSPECIFIED., .F., .T. ) 
 B_SPLINE_CURVE_WITH_KNOTS ( ( 4, 4 ),
 ( 1.570796326794898334, 1.868047688116104332 ),
 .UNSPECIFIED. ) 
 CURVE ( )  GEOMETRIC_REPRESENTATION_ITEM ( )  RATIONAL_B_SPLINE_CURVE ( ( 1.000000000000000000, 0.9926503465430338569, 0.9926503465430338569, 1.000000000000000000 ) ) 
 REPRESENTATION_ITEM ( '' )  );
#88 = DIRECTION ( 'NONE',  ( -0.8843386665637650301, 0.000000000000000000, -0.4668459304955137057 ) ) ;
#89 = DIRECTION ( 'NONE',  ( 0.000000000000000000, 0.000000000000000000, -1.000000000000000000 ) ) ;
#90 = PRESENTATION_STYLE_ASSIGNMENT (( #4306 ) ) ;
#91 =( GEOMETRIC_REPRESENTATION_CONTEXT ( 3 ) GLOBAL_UNCERTAINTY_ASSIGNED_CONTEXT ( ( #4668 ) ) GLOBAL_UNIT_ASSIGNED_CONTEXT ( ( #3264, #725, #2499 ) ) REPRESENTATION_CONTEXT ( 'NONE', 'WORKASPACE' ) );
#92 = ORIENTED_EDGE ( 'NONE', *, *, #2342, .F. ) ;
#93 = DIRECTION ( 'NONE',  ( -1.000000000000000000, 0.000000000000000000, 0.000000000000000000 ) ) ;
#94 = ORIENTED_EDGE ( 'NONE', *, *, #3118, .T. ) ;
#95 = DIRECTION ( 'NONE',  ( -0.000000000000000000, -1.000000000000000000, 0.000000000000000000 ) ) ;
#96 = VERTEX_POINT ( 'NONE', #4623 ) ;
#97 = EDGE_LOOP ( 'NONE', ( #1292, #1081, #4240, #2386 ) ) ;
#98 = CARTESIAN_POINT ( 'NONE',  ( 1.687297965358701246, 2.746759999999999646, -1.863024197635491763 ) ) ;
#99 = LINE ( 'NONE', #2982, #495 ) ;
#100 = DIRECTION ( 'NONE',  ( 0.2760118818968482768, 0.000000000000000000, -0.9611542233438713501 ) ) ;
#101 = FILL_AREA_STYLE ('',( #1224 ) ) ;
#102 = ORIENTED_EDGE ( 'NONE', *, *, #819, .F. ) ;
#103 = STYLED_ITEM ( 'NONE', ( #4651 ), #3438 ) ;
#104 = CARTESIAN_POINT ( 'NONE',  ( 0.7500000000000928146, 2.686559285007559694, -2.741760000000005526 ) ) ;
#105 = DIRECTION ( 'NONE',  ( 7.938847109757215918E-05, 0.000000000000000000, -0.9999999968487351953 ) ) ;
#106 = DIRECTION ( 'NONE',  ( 0.000000000000000000, 0.000000000000000000, -1.000000000000000000 ) ) ;
#107 = COLOUR_RGB ( '',0.7686274509803920907, 0.7686274509803920907, 0.7686274509803920907 ) ;
#108 = EDGE_CURVE ( 'NONE', #1019, #161, #2862, .T. ) ;
#109 = FACE_OUTER_BOUND ( 'NONE', #3315, .T. ) ;
#110 =( NAMED_UNIT ( * ) SI_UNIT ( $, .STERADIAN. ) SOLID_ANGLE_UNIT ( ) );
#111 = FILL_AREA_STYLE ('',( #2621 ) ) ;
#112 = STYLED_ITEM ( 'NONE', ( #4356 ), #3917 ) ;
#113 = FILL_AREA_STYLE_COLOUR ( '', #2376 ) ;
#114 = EDGE_CURVE ( 'NONE', #2838, #2734, #1055, .T. ) ;
#115 = VECTOR ( 'NONE', #14, 1000.000000000000114 ) ;
#116 = VERTEX_POINT ( 'NONE', #2026 ) ;
#117 = CARTESIAN_POINT ( 'NONE',  ( 0.05824000000000020133, 0.000000000000000000, -2.799999999999999822 ) ) ;
#118 = ORIENTED_EDGE ( 'NONE', *, *, #334, .F. ) ;
#119 = CIRCLE ( 'NONE', #3873, 0.05824000000000020133 ) ;
#120 = VERTEX_POINT ( 'NONE', #3476 ) ;
#121 = ORIENTED_EDGE ( 'NONE', *, *, #1866, .F. ) ;
#122 = FILL_AREA_STYLE_COLOUR ( '', #3156 ) ;
#123 = CARTESIAN_POINT ( 'NONE',  ( 1.944000000000006390, 2.746759999999999646, -2.220836029381371812 ) ) ;
#124 = SURFACE_SIDE_STYLE ('',( #2632 ) ) ;
#125 = AXIS2_PLACEMENT_3D ( 'NONE', #2159, #2065, #3615 ) ;
#126 = ORIENTED_EDGE ( 'NONE', *, *, #2286, .F. ) ;
#127 = FILL_AREA_STYLE ('',( #4415 ) ) ;
#128 = PLANE ( 'NONE',  #3731 ) ;
#129 = UNCERTAINTY_MEASURE_WITH_UNIT (LENGTH_MEASURE( 1.000000000000000082E-05 ), #1625, 'distance_accuracy_value', 'NONE');
#130 = STYLED_ITEM ( 'NONE', ( #2200 ), #2298 ) ;
#131 = CARTESIAN_POINT ( 'NONE',  ( 1.532369079381479704, 2.746759999999999646, -0.5855010684459950321 ) ) ;
#132 = CARTESIAN_POINT ( 'NONE',  ( 1.532369079381479704, 2.741759999999999753, -1.791051805255976292 ) ) ;
#133 = ADVANCED_FACE ( 'NONE', ( #245 ), #4596, .T. ) ;
#134 = FACE_OUTER_BOUND ( 'NONE', #453, .T. ) ;
#135 = VECTOR ( 'NONE', #1246, 1000.000000000000227 ) ;
#136 = ORIENTED_EDGE ( 'NONE', *, *, #2897, .T. ) ;
#137 = FACE_OUTER_BOUND ( 'NONE', #1594, .T. ) ;
#138 = ORIENTED_EDGE ( 'NONE', *, *, #1021, .F. ) ;
#139 = EDGE_CURVE ( 'NONE', #3953, #1166, #65, .T. ) ;
#140 = FILL_AREA_STYLE ('',( #898 ) ) ;
#141 = ORIENTED_EDGE ( 'NONE', *, *, #1262, .T. ) ;
#142 = AXIS2_PLACEMENT_3D ( 'NONE', #1602, #4501, #2779 ) ;
#143 = EDGE_LOOP ( 'NONE', ( #2505, #3317, #4639 ) ) ;
#144 = CARTESIAN_POINT ( 'NONE',  ( 3.600000000000000089, 0.000000000000000000, 0.000000000000000000 ) ) ;
#145 =( LENGTH_UNIT ( ) NAMED_UNIT ( * ) SI_UNIT ( .MILLI., .METRE. ) );
#146 = CARTESIAN_POINT ( 'NONE',  ( 2.908240000000000158, 2.741759999999999753, -2.741759999999999753 ) ) ;
#147 = COLOUR_RGB ( '',0.7686274509803920907, 0.7686274509803920907, 0.7686274509803920907 ) ;
#148 = ADVANCED_FACE ( 'NONE', ( #2903 ), #2928, .F. ) ;
#149 = VECTOR ( 'NONE', #2958, 1000.000000000000000 ) ;
#150 = ORIENTED_EDGE ( 'NONE', *, *, #1312, .T. ) ;
#151 = LINE ( 'NONE', #4391, #4130 ) ;
#152 = DIRECTION ( 'NONE',  ( 0.000000000000000000, -1.000000000000000000, 0.000000000000000000 ) ) ;
#153 = EDGE_CURVE ( 'NONE', #1145, #217, #2639, .T. ) ;
#154 = LINE ( 'NONE', #803, #3354 ) ;
#155 = STYLED_ITEM ( 'NONE', ( #3536 ), #1389 ) ;
#156 = CARTESIAN_POINT ( 'NONE',  ( 0.6917600000000000415, 2.799999999999999822, 0.000000000000000000 ) ) ;
#157 = CARTESIAN_POINT ( 'NONE',  ( 2.908240000000000158, 2.741759999999999753, -0.05824000000000020133 ) ) ;
#158 = FACE_OUTER_BOUND ( 'NONE', #4372, .T. ) ;
#159 = LINE ( 'NONE', #1583, #3382 ) ;
#160 =( NAMED_UNIT ( * ) PLANE_ANGLE_UNIT ( ) SI_UNIT ( $, .RADIAN. ) );
#161 = VERTEX_POINT ( 'NONE', #1498 ) ;
#162 = DIRECTION ( 'NONE',  ( -0.000000000000000000, -1.000000000000000000, 0.000000000000000000 ) ) ;
#163 = ORIENTED_EDGE ( 'NONE', *, *, #1628, .T. ) ;
#164 = PLANE ( 'NONE',  #2902 ) ;
#165 = ADVANCED_FACE ( 'NONE', ( #4305 ), #1063, .T. ) ;
#166 = EDGE_LOOP ( 'NONE', ( #617, #2131, #1978, #1868 ) ) ;
#167 = ORIENTED_EDGE ( 'NONE', *, *, #4212, .T. ) ;
#168 = DIRECTION ( 'NONE',  ( 1.000000000000000000, 0.000000000000000000, -0.000000000000000000 ) ) ;
#169 = FACE_OUTER_BOUND ( 'NONE', #1702, .T. ) ;
#170 =( NAMED_UNIT ( * ) SI_UNIT ( $, .STERADIAN. ) SOLID_ANGLE_UNIT ( ) );
#171 = EDGE_CURVE ( 'NONE', #3609, #4006, #4331, .T. ) ;
#172 = ORIENTED_EDGE ( 'NONE', *, *, #4167, .T. ) ;
#173 = PRESENTATION_STYLE_ASSIGNMENT (( #549 ) ) ;
#174 = DIRECTION ( 'NONE',  ( 0.000000000000000000, 0.000000000000000000, -1.000000000000000000 ) ) ;
#175 = DIRECTION ( 'NONE',  ( -0.000000000000000000, -1.000000000000000000, 0.000000000000000000 ) ) ;
#176 = EDGE_CURVE ( 'NONE', #116, #4586, #4250, .T. ) ;
#177 = VECTOR ( 'NONE', #3051, 1000.000000000000000 ) ;
#178 = CARTESIAN_POINT ( 'NONE',  ( 1.944000000000006390, 2.741759999999999753, -1.162178254662634913 ) ) ;
#179 = CYLINDRICAL_SURFACE ( 'NONE', #2616, 0.05823999999999999316 ) ;
#180 = CARTESIAN_POINT ( 'NONE',  ( 0.7500000000000000000, 0.1164800000000001806, -2.741759999999999753 ) ) ;
#181 = AXIS2_PLACEMENT_3D ( 'NONE', #3580, #3832, #611 ) ;
#182 = AXIS2_PLACEMENT_3D ( 'NONE', #2022, #4641, #1325 ) ;
#183 = ORIENTED_EDGE ( 'NONE', *, *, #2948, .T. ) ;
#184 = LINE ( 'NONE', #1936, #3024 ) ;
#185 = ORIENTED_EDGE ( 'NONE', *, *, #1644, .T. ) ;
#186 = CIRCLE ( 'NONE', #4327, 0.05823999999999999316 ) ;
#187 = ORIENTED_EDGE ( 'NONE', *, *, #4005, .F. ) ;
#188 = CARTESIAN_POINT ( 'NONE',  ( 1.763380634530516300, 2.746759999999999646, -2.017938064331727954 ) ) ;
#189 = ORIENTED_EDGE ( 'NONE', *, *, #206, .F. ) ;
#190 =( GEOMETRIC_REPRESENTATION_CONTEXT ( 3 ) GLOBAL_UNCERTAINTY_ASSIGNED_CONTEXT ( ( #220 ) ) GLOBAL_UNIT_ASSIGNED_CONTEXT ( ( #1075, #327, #28 ) ) REPRESENTATION_CONTEXT ( 'NONE', 'WORKASPACE' ) );
#191 = CARTESIAN_POINT ( 'NONE',  ( 3.600000000000000089, 0.05823999999999999316, -0.05823999999999999316 ) ) ;
#192 = EDGE_LOOP ( 'NONE', ( #2472, #1724, #3979, #1585 ) ) ;
#193 = DIRECTION ( 'NONE',  ( 0.000000000000000000, 0.000000000000000000, 1.000000000000000000 ) ) ;
#194 = CARTESIAN_POINT ( 'NONE',  ( 1.720495581945722385, 2.746759999999999646, -0.5311099949728128600 ) ) ;
#195 = CARTESIAN_POINT ( 'NONE',  ( 0.7500000000000000000, 0.05824000000000020133, -0.1164799999999999724 ) ) ;
#196 = ADVANCED_FACE ( 'NONE', ( #2823 ), #2400, .F. ) ;
#197 = VECTOR ( 'NONE', #1769, 1000.000000000000227 ) ;
#198 = DIRECTION ( 'NONE',  ( -1.000000000000000000, -0.000000000000000000, -0.000000000000000000 ) ) ;
#199 = DIRECTION ( 'NONE',  ( 0.000000000000000000, -1.000000000000000000, -0.000000000000000000 ) ) ;
#200 = CARTESIAN_POINT ( 'NONE',  ( 1.943999999999999506, 2.746759999999999646, -0.3499999999999999778 ) ) ;
#201 = COLOUR_RGB ( '',0.6470588235294117974, 0.5176470588235293491, 0.000000000000000000 ) ;
#202 = COLOUR_RGB ( '',0.7921568627450980005, 0.8196078431372548767, 0.9333333333333333481 ) ;
#203 = VERTEX_POINT ( 'NONE', #1708 ) ;
#204 = CARTESIAN_POINT ( 'NONE',  ( 1.532369079381479704, 2.746759999999999646, -0.4682956089486576823 ) ) ;
#205 = ORIENTED_EDGE ( 'NONE', *, *, #4118, .T. ) ;
#206 = EDGE_CURVE ( 'NONE', #1816, #1379, #72, .T. ) ;
#207 = FILL_AREA_STYLE ('',( #940 ) ) ;
#208 = PRESENTATION_LAYER_ASSIGNMENT (  '', '', ( #4424 ) ) ;
#209 = ORIENTED_EDGE ( 'NONE', *, *, #2171, .F. ) ;
#210 = MECHANICAL_DESIGN_GEOMETRIC_PRESENTATION_REPRESENTATION (  '', ( #3523 ), #2080 ) ;
#211 = ORIENTED_EDGE ( 'NONE', *, *, #3332, .T. ) ;
#212 = CARTESIAN_POINT ( 'NONE',  ( 2.849971806316263567, 0.1034708785317252633, -0.05934521978077483828 ) ) ;
#213 = PRODUCT_CONTEXT ( 'NONE', #3461, 'mechanical' ) ;
#214 =( NAMED_UNIT ( * ) SI_UNIT ( $, .STERADIAN. ) SOLID_ANGLE_UNIT ( ) );
#215 = CARTESIAN_POINT ( 'NONE',  ( 1.707904418361210430, 2.746759999999999646, -0.5351839751692804015 ) ) ;
#216 =( GEOMETRIC_REPRESENTATION_CONTEXT ( 3 ) GLOBAL_UNCERTAINTY_ASSIGNED_CONTEXT ( ( #2993 ) ) GLOBAL_UNIT_ASSIGNED_CONTEXT ( ( #3804, #3449, #1304 ) ) REPRESENTATION_CONTEXT ( 'NONE', 'WORKASPACE' ) );
#217 = VERTEX_POINT ( 'NONE', #1748 ) ;
#218 = CARTESIAN_POINT ( 'NONE',  ( 2.852554106022254565, 2.724701898936304101, -2.724701898936304101 ) ) ;
#219 = CARTESIAN_POINT ( 'NONE',  ( 2.850004373536457969, 2.692609876274625336, -0.05895372992004434959 ) ) ;
#220 = UNCERTAINTY_MEASURE_WITH_UNIT (LENGTH_MEASURE( 1.000000000000000082E-05 ), #1075, 'distance_accuracy_value', 'NONE');
#221 = VECTOR ( 'NONE', #3211, 1000.000000000000000 ) ;
#222 = EDGE_CURVE ( 'NONE', #2934, #2434, #4663, .T. ) ;
#223 = PRESENTATION_STYLE_ASSIGNMENT (( #4567 ) ) ;
#224 = FACE_OUTER_BOUND ( 'NONE', #3479, .T. ) ;
#225 = PRESENTATION_LAYER_ASSIGNMENT (  '', '', ( #1707 ) ) ;
#226 = VECTOR ( 'NONE', #4111, 1000.000000000000000 ) ;
#227 = ORIENTED_EDGE ( 'NONE', *, *, #3690, .F. ) ;
#228 = ORIENTED_EDGE ( 'NONE', *, *, #4456, .T. ) ;
#229 = CARTESIAN_POINT ( 'NONE',  ( 0.05824000000000020133, 0.05823999999999999316, 0.000000000000000000 ) ) ;
#230 = ORIENTED_EDGE ( 'NONE', *, *, #2226, .T. ) ;
#231 = CARTESIAN_POINT ( 'NONE',  ( 0.7500000000000000000, 2.741759999999999753, -0.1164799999999999724 ) ) ;
#232 = ORIENTED_EDGE ( 'NONE', *, *, #2720, .F. ) ;
#233 = CARTESIAN_POINT ( 'NONE',  ( 2.850488923835454269, 0.08542081144420761440, -0.06679815734959236584 ) ) ;
#234 = DIRECTION ( 'NONE',  ( 0.000000000000000000, 0.000000000000000000, -1.000000000000000000 ) ) ;
#235 = VECTOR ( 'NONE', #681, 1000.000000000000000 ) ;
#236 = EDGE_LOOP ( 'NONE', ( #2107, #2884, #1830, #2628 ) ) ;
#237 = LINE ( 'NONE', #860, #3903 ) ;
#238 =( LENGTH_UNIT ( ) NAMED_UNIT ( * ) SI_UNIT ( .MILLI., .METRE. ) );
#239 = LINE ( 'NONE', #1321, #1846 ) ;
#240 = DIRECTION ( 'NONE',  ( 0.000000000000000000, 0.000000000000000000, -1.000000000000000000 ) ) ;
#241 = LINE ( 'NONE', #625, #1268 ) ;
#242 = CARTESIAN_POINT ( 'NONE',  ( 1.687284197684115750, 2.746759999999999646, -0.9824688076061879327 ) ) ;
#243 = DIRECTION ( 'NONE',  ( -0.9610853065513847993, 0.000000000000000000, -0.2762517575166369421 ) ) ;
#244 = DIRECTION ( 'NONE',  ( 1.000000000000000000, 0.000000000000000000, 0.000000000000000000 ) ) ;
#245 = FACE_OUTER_BOUND ( 'NONE', #3059, .T. ) ;
#246 = PRESENTATION_LAYER_ASSIGNMENT (  '', '', ( #3820 ) ) ;
#247 = EDGE_CURVE ( 'NONE', #2606, #1379, #1848, .T. ) ;
#248 = COLOUR_RGB ( '',0.7686274509803920907, 0.7686274509803920907, 0.7686274509803920907 ) ;
#249 = ORIENTED_EDGE ( 'NONE', *, *, #3157, .T. ) ;
#250 = ORIENTED_EDGE ( 'NONE', *, *, #2151, .T. ) ;
#251 = CARTESIAN_POINT ( 'NONE',  ( 2.852065858225357520, 0.07689197806814195013, -0.07370422405897801565 ) ) ;
#252 = DIRECTION ( 'NONE',  ( 0.000000000000000000, 0.000000000000000000, 1.000000000000000000 ) ) ;
#253 = AXIS2_PLACEMENT_3D ( 'NONE', #1212, #4449, #4088 ) ;
#254 = ORIENTED_EDGE ( 'NONE', *, *, #3540, .T. ) ;
#255 = CARTESIAN_POINT ( 'NONE',  ( 3.600000000000000089, 2.799999999999999822, -0.05823999999999999316 ) ) ;
#256 = SURFACE_SIDE_STYLE ('',( #2769 ) ) ;
#257 = CARTESIAN_POINT ( 'NONE',  ( 0.7500000000000000000, 0.05824000000000020133, -0.1100196155029176670 ) ) ;
#258 = DIRECTION ( 'NONE',  ( 0.9610664548998939516, 0.000000000000000000, 0.2763173343569854667 ) ) ;
#259 = AXIS2_PLACEMENT_3D ( 'NONE', #1827, #2178, #3636 ) ;
#260 = UNCERTAINTY_MEASURE_WITH_UNIT (LENGTH_MEASURE( 1.000000000000000082E-05 ), #4536, 'distance_accuracy_value', 'NONE');
#261 = LINE ( 'NONE', #3417, #4431 ) ;
#262 = CARTESIAN_POINT ( 'NONE',  ( 1.763380634529654323, 2.746759999999999646, -1.137410209649718507 ) ) ;
#263 = FACE_OUTER_BOUND ( 'NONE', #1796, .T. ) ;
#264 = DIRECTION ( 'NONE',  ( 0.000000000000000000, 0.000000000000000000, -1.000000000000000000 ) ) ;
#265 = FILL_AREA_STYLE ('',( #3495 ) ) ;
#266 = EDGE_CURVE ( 'NONE', #4313, #3026, #1862, .T. ) ;
#267 = CARTESIAN_POINT ( 'NONE',  ( 3.541759999999999575, 0.05823999999999999316, -0.05823999999999999316 ) ) ;
#268 = FACE_OUTER_BOUND ( 'NONE', #820, .T. ) ;
#269 = MECHANICAL_DESIGN_GEOMETRIC_PRESENTATION_REPRESENTATION (  '', ( #3285 ), #1686 ) ;
#270 = ORIENTED_EDGE ( 'NONE', *, *, #1765, .T. ) ;
#271 = LINE ( 'NONE', #635, #400 ) ;
#272 = EDGE_CURVE ( 'NONE', #3001, #4192, #3140, .T. ) ;
#273 = ORIENTED_EDGE ( 'NONE', *, *, #108, .T. ) ;
#274 = SURFACE_STYLE_USAGE ( .BOTH. , #2168 ) ;
#275 = CARTESIAN_POINT ( 'NONE',  ( 3.541759999999999575, 2.741759999999999753, -2.799999999999999822 ) ) ;
#276 = AXIS2_PLACEMENT_3D ( 'NONE', #2170, #488, #2745 ) ;
#277 = VECTOR ( 'NONE', #2585, 1000.000000000000000 ) ;
#278 = COLOUR_RGB ( '',0.6470588235294117974, 0.5176470588235293491, 0.000000000000000000 ) ;
#279 = ADVANCED_FACE ( 'NONE', ( #306 ), #2423, .F. ) ;
#280 = EDGE_CURVE ( 'NONE', #493, #573, #1029, .T. ) ;
#281 = ORIENTED_EDGE ( 'NONE', *, *, #427, .F. ) ;
#282 = CARTESIAN_POINT ( 'NONE',  ( 2.850000000000000089, 2.683519999999998795, -0.05824000000000020133 ) ) ;
#283 = DIRECTION ( 'NONE',  ( -0.9999891854650022616, 0.000000000000000000, -0.004650693823668812857 ) ) ;
#284 = CARTESIAN_POINT ( 'NONE',  ( 0.7499999999999998890, 2.735968012868675192, -0.06403198713132488007 ) ) ;
#285 = COLOUR_RGB ( '',0.7686274509803920907, 0.7686274509803920907, 0.7686274509803920907 ) ;
#286 = SURFACE_STYLE_FILL_AREA ( #2796 ) ;
#287 = EDGE_CURVE ( 'NONE', #2111, #2734, #2471, .T. ) ;
#288 = CARTESIAN_POINT ( 'NONE',  ( 0.7474458939777457456, 2.724701898936303657, -2.724701898936304545 ) ) ;
#289 = CARTESIAN_POINT ( 'NONE',  ( 1.865671948376557809, 2.746759999999999646, -2.005877581997301817 ) ) ;
#290 = AXIS2_PLACEMENT_3D ( 'NONE', #157, #1518, #2662 ) ;
#291 = CARTESIAN_POINT ( 'NONE',  ( 0.7499999999999997780, 2.689980384497082433, -0.05824000000000020133 ) ) ;
#292 = STYLED_ITEM ( 'NONE', ( #555 ), #688 ) ;
#293 = VECTOR ( 'NONE', #1528, 1000.000000000000000 ) ;
#294 = CARTESIAN_POINT ( 'NONE',  ( 2.850000000000000089, 0.05824000000000020133, -2.683520000000000127 ) ) ;
#295 = CARTESIAN_POINT ( 'NONE',  ( 0.7493473067223133111, 0.08458201944690869889, -0.06737132831336720140 ) ) ;
#296 = DIRECTION ( 'NONE',  ( 0.000000000000000000, 0.000000000000000000, 1.000000000000000000 ) ) ;
#297 = ORIENTED_EDGE ( 'NONE', *, *, #604, .T. ) ;
#298 = ORIENTED_EDGE ( 'NONE', *, *, #3332, .F. ) ;
#299 = CARTESIAN_POINT ( 'NONE',  ( 0.7500000000000000000, 0.05824000000000020133, -2.741759999999999753 ) ) ;
#300 = EDGE_CURVE ( 'NONE', #217, #1587, #2848, .T. ) ;
#301 = ORIENTED_EDGE ( 'NONE', *, *, #222, .F. ) ;
#302 = PRESENTATION_STYLE_ASSIGNMENT (( #1385 ) ) ;
#303 = FILL_AREA_STYLE_COLOUR ( '', #4027 ) ;
#304 = CARTESIAN_POINT ( 'NONE',  ( 3.600000000000000089, 0.000000000000000000, 0.000000000000000000 ) ) ;
#305 = UNCERTAINTY_MEASURE_WITH_UNIT (LENGTH_MEASURE( 1.000000000000000082E-05 ), #321, 'distance_accuracy_value', 'NONE');
#306 = FACE_OUTER_BOUND ( 'NONE', #3481, .T. ) ;
#307 = PRESENTATION_STYLE_ASSIGNMENT (( #673 ) ) ;
#308 = ORIENTED_EDGE ( 'NONE', *, *, #3872, .T. ) ;
#309 = CARTESIAN_POINT ( 'NONE',  ( 1.577535811012221290, 2.746759999999999646, -1.340669888712066493 ) ) ;
#310 = CARTESIAN_POINT ( 'NONE',  ( 1.763380634529654323, 2.741759999999999753, -1.137410209649718507 ) ) ;
#311 = PLANE ( 'NONE',  #2294 ) ;
#312 = CARTESIAN_POINT ( 'NONE',  ( 2.851675510045258655, 0.07218483607029940741, -2.721402159806213028 ) ) ;
#313 = CARTESIAN_POINT ( 'NONE',  ( 0.7500014401605101799, 0.1103921568697333738, -0.05847937081738387166 ) ) ;
#314 = CARTESIAN_POINT ( 'NONE',  ( 1.944000000000006390, 2.746759999999999646, -1.672652312619159698 ) ) ;
#315 =( NAMED_UNIT ( * ) PLANE_ANGLE_UNIT ( ) SI_UNIT ( $, .RADIAN. ) );
#316 = MECHANICAL_DESIGN_GEOMETRIC_PRESENTATION_REPRESENTATION (  '', ( #4078 ), #2304 ) ;
#317 = PRESENTATION_LAYER_ASSIGNMENT (  '', '', ( #103 ) ) ;
#318 = VERTEX_POINT ( 'NONE', #3164 ) ;
#319 =( NAMED_UNIT ( * ) PLANE_ANGLE_UNIT ( ) SI_UNIT ( $, .RADIAN. ) );
#320 = ORIENTED_EDGE ( 'NONE', *, *, #4137, .T. ) ;
#321 =( LENGTH_UNIT ( ) NAMED_UNIT ( * ) SI_UNIT ( .MILLI., .METRE. ) );
#322 = DIRECTION ( 'NONE',  ( 1.000000000000000000, 0.000000000000000000, 0.000000000000000000 ) ) ;
#323 = VECTOR ( 'NONE', #4503, 1000.000000000000000 ) ;
#324 = ORIENTED_EDGE ( 'NONE', *, *, #3506, .F. ) ;
#325 = VECTOR ( 'NONE', #3041, 1000.000000000000000 ) ;
#326 = CARTESIAN_POINT ( 'NONE',  ( 0.05824000000000020133, 2.799999999999999822, -0.05823999999999999316 ) ) ;
#327 =( NAMED_UNIT ( * ) PLANE_ANGLE_UNIT ( ) SI_UNIT ( $, .RADIAN. ) );
#328 = CARTESIAN_POINT ( 'NONE',  ( 1.611265360455781170, 2.746759999999999646, -2.073934948893989105 ) ) ;
#329 = VECTOR ( 'NONE', #3212, 1000.000000000000000 ) ;
#330 = SURFACE_SIDE_STYLE ('',( #286 ) ) ;
#331 = ORIENTED_EDGE ( 'NONE', *, *, #2121, .T. ) ;
#332 = FACE_OUTER_BOUND ( 'NONE', #2755, .T. ) ;
#333 =( LENGTH_UNIT ( ) NAMED_UNIT ( * ) SI_UNIT ( .MILLI., .METRE. ) );
#334 = EDGE_CURVE ( 'NONE', #2576, #4168, #693, .T. ) ;
#335 = CARTESIAN_POINT ( 'NONE',  ( 0.7479341417746531162, 0.07689197806814286607, -2.726295775941022903 ) ) ;
#336 = CARTESIAN_POINT ( 'NONE',  ( 0.6917600000000100335, 0.000000000000000000, -0.05823999999999999316 ) ) ;
#337 = B_SPLINE_CURVE_WITH_KNOTS ( 'NONE', 3,
 ( #3431, #1963, #212, #1289, #3459, #233, #3027, #4485, #251, #1791 ),
 .UNSPECIFIED., .F., .F.,
 ( 4, 3, 3, 4 ),
 ( 2.793925047926170320E-20, 1.938115349126079466E-05, 3.880233050466138452E-05, 4.563224590952847097E-05 ),
 .UNSPECIFIED. ) ;
#338 = CARTESIAN_POINT ( 'NONE',  ( 1.944000000000006390, 2.741759999999999753, -1.983651549899683841 ) ) ;
#339 = FILL_AREA_STYLE_COLOUR ( '', #4170 ) ;
#340 = EDGE_CURVE ( 'NONE', #2049, #3859, #3940, .T. ) ;
#341 = DIRECTION ( 'NONE',  ( 0.9610029908221285888, 0.000000000000000000, 0.2765379750249931656 ) ) ;
#342 = COLOUR_RGB ( '',0.7686274509803920907, 0.7686274509803920907, 0.7686274509803920907 ) ;
#343 = B_SPLINE_CURVE_WITH_KNOTS ( 'NONE', 3,
 ( #3826, #3526, #295, #2104, #4622, #3554, #966, #313, #4595, #1735 ),
 .UNSPECIFIED., .F., .F.,
 ( 4, 3, 3, 4 ),
 ( 0.000000000000000000, 1.833143621111602033E-05, 3.656618479249304997E-05, 4.558081643555615876E-05 ),
 .UNSPECIFIED. ) ;
#344 = ORIENTED_EDGE ( 'NONE', *, *, #4312, .T. ) ;
#345 = SURFACE_STYLE_USAGE ( .BOTH. , #3502 ) ;
#346 = EDGE_CURVE ( 'NONE', #2789, #3044, #3304, .T. ) ;
#347 = ORIENTED_EDGE ( 'NONE', *, *, #1732, .F. ) ;
#348 = CARTESIAN_POINT ( 'NONE',  ( 2.850857672268034548, 2.730239879384714463, -0.06976012061528559516 ) ) ;
#349 = SURFACE_SIDE_STYLE ('',( #3583 ) ) ;
#350 = AXIS2_PLACEMENT_3D ( 'NONE', #1763, #682, #3120 ) ;
#351 =( LENGTH_UNIT ( ) NAMED_UNIT ( * ) SI_UNIT ( .MILLI., .METRE. ) );
#352 = MECHANICAL_DESIGN_GEOMETRIC_PRESENTATION_REPRESENTATION (  '', ( #2602 ), #1256 ) ;
#353 = EDGE_LOOP ( 'NONE', ( #3344, #3343, #1626 ) ) ;
#354 = PLANE ( 'NONE',  #2392 ) ;
#355 = PRESENTATION_STYLE_ASSIGNMENT (( #715 ) ) ;
#356 =( NAMED_UNIT ( * ) PLANE_ANGLE_UNIT ( ) SI_UNIT ( $, .RADIAN. ) );
#357 = UNCERTAINTY_MEASURE_WITH_UNIT (LENGTH_MEASURE( 1.000000000000000082E-05 ), #2914, 'distance_accuracy_value', 'NONE');
#358 = COLOUR_RGB ( '',0.7686274509803920907, 0.7686274509803920907, 0.7686274509803920907 ) ;
#359 = DIRECTION ( 'NONE',  ( 0.9610664548998939516, 0.000000000000000000, 0.2763173343569854667 ) ) ;
#360 = VERTEX_POINT ( 'NONE', #849 ) ;
#361 = CARTESIAN_POINT ( 'NONE',  ( 1.826443497879789213, 2.741759999999999753, -1.415070833206682366 ) ) ;
#362 = DIRECTION ( 'NONE',  ( 1.000000000000000000, -0.000000000000000000, -0.000000000000000000 ) ) ;
#363 =( NAMED_UNIT ( * ) PLANE_ANGLE_UNIT ( ) SI_UNIT ( $, .RADIAN. ) );
#364 = VECTOR ( 'NONE', #2325, 1000.000000000000000 ) ;
#365 = EDGE_CURVE ( 'NONE', #120, #1640, #3331, .T. ) ;
#366 = MECHANICAL_DESIGN_GEOMETRIC_PRESENTATION_REPRESENTATION (  '', ( #2003 ), #3441 ) ;
#367 = AXIS2_PLACEMENT_3D ( 'NONE', #2498, #4645, #3171 ) ;
#368 = DIRECTION ( 'NONE',  ( -0.000000000000000000, -1.000000000000000000, 0.000000000000000000 ) ) ;
#369 = DIRECTION ( 'NONE',  ( -0.000000000000000000, 1.000000000000000000, 0.000000000000000000 ) ) ;
#370 = CARTESIAN_POINT ( 'NONE',  ( 1.610720911532859345, 2.746759999999999646, -1.004747407186507457 ) ) ;
#371 = STYLED_ITEM ( 'NONE', ( #780 ), #897 ) ;
#372 = DIRECTION ( 'NONE',  ( 0.000000000000000000, 0.000000000000000000, 1.000000000000000000 ) ) ;
#373 = DIRECTION ( 'NONE',  ( 1.000000000000000000, 0.000000000000000000, 0.000000000000000000 ) ) ;
#374 = FACE_OUTER_BOUND ( 'NONE', #1605, .T. ) ;
#375 =( GEOMETRIC_REPRESENTATION_CONTEXT ( 3 ) GLOBAL_UNCERTAINTY_ASSIGNED_CONTEXT ( ( #2889 ) ) GLOBAL_UNIT_ASSIGNED_CONTEXT ( ( #2843, #690, #3232 ) ) REPRESENTATION_CONTEXT ( 'NONE', 'WORKASPACE' ) );
#376 = ORIENTED_EDGE ( 'NONE', *, *, #2029, .T. ) ;
#377 = CARTESIAN_POINT ( 'NONE',  ( 1.763380634530516300, 2.741759999999999753, -1.841313827505607126 ) ) ;
#378 = EDGE_LOOP ( 'NONE', ( #1916, #2410, #4321, #3386, #1477, #1535 ) ) ;
#379 = DIRECTION ( 'NONE',  ( 0.000000000000000000, -1.000000000000000000, 3.606871066604850718E-15 ) ) ;
#380 = ADVANCED_FACE ( 'NONE', ( #1184 ), #2033, .T. ) ;
#381 = AXIS2_PLACEMENT_3D ( 'NONE', #200, #4233, #1714 ) ;
#382 = ORIENTED_EDGE ( 'NONE', *, *, #1727, .F. ) ;
#383 = ORIENTED_EDGE ( 'NONE', *, *, #4456, .F. ) ;
#384 = CARTESIAN_POINT ( 'NONE',  ( 1.532369079381479704, 2.746759999999999646, -0.7101235493540221100 ) ) ;
#385 = CARTESIAN_POINT ( 'NONE',  ( 3.541759999999999575, 0.000000000000000000, -0.05823999999999999316 ) ) ;
#386 = FACE_OUTER_BOUND ( 'NONE', #769, .T. ) ;
#387 = ORIENTED_EDGE ( 'NONE', *, *, #1344, .F. ) ;
#388 = DIRECTION ( 'NONE',  ( -0.000000000000000000, -1.000000000000000000, 0.000000000000000000 ) ) ;
#389 = SURFACE_SIDE_STYLE ('',( #2163 ) ) ;
#390 = CARTESIAN_POINT ( 'NONE',  ( 2.850652693277696770, 0.08458201944690857399, -2.732628671686633037 ) ) ;
#391 = DIRECTION ( 'NONE',  ( -0.000000000000000000, -1.000000000000000000, 0.000000000000000000 ) ) ;
#392 = DIRECTION ( 'NONE',  ( -1.000000000000000000, 0.000000000000000000, 0.000000000000000000 ) ) ;
#393 =( LENGTH_UNIT ( ) NAMED_UNIT ( * ) SI_UNIT ( .MILLI., .METRE. ) );
#394 = CARTESIAN_POINT ( 'NONE',  ( 0.6917600000000100335, 0.05823999999999999316, -0.05823999999999999316 ) ) ;
#395 = CIRCLE ( 'NONE', #3556, 0.05823999999999999316 ) ;
#396 = ADVANCED_FACE ( 'NONE', ( #1651 ), #2429, .T. ) ;
#397 = EDGE_LOOP ( 'NONE', ( #2671, #2534, #770, #1669, #1502, #1488 ) ) ;
#398 = DIRECTION ( 'NONE',  ( 3.723221746172735870E-15, -1.000000000000000000, 0.000000000000000000 ) ) ;
#399 = ORIENTED_EDGE ( 'NONE', *, *, #2314, .T. ) ;
#400 = VECTOR ( 'NONE', #990, 1000.000000000000000 ) ;
#401 = ORIENTED_EDGE ( 'NONE', *, *, #2164, .F. ) ;
#402 = EDGE_LOOP ( 'NONE', ( #850, #793, #561, #2842 ) ) ;
#403 = LINE ( 'NONE', #98, #293 ) ;
#404 = ADVANCED_FACE ( 'NONE', ( #4234 ), #1257, .T. ) ;
#405 = VECTOR ( 'NONE', #4335, 1000.000000000000000 ) ;
#406 =( NAMED_UNIT ( * ) PLANE_ANGLE_UNIT ( ) SI_UNIT ( $, .RADIAN. ) );
#407 = UNCERTAINTY_MEASURE_WITH_UNIT (LENGTH_MEASURE( 1.000000000000000082E-05 ), #1897, 'distance_accuracy_value', 'NONE');
#408 = PRESENTATION_LAYER_ASSIGNMENT (  '', '', ( #1971 ) ) ;
#409 = SURFACE_STYLE_FILL_AREA ( #2825 ) ;
#410 = ORIENTED_EDGE ( 'NONE', *, *, #2989, .F. ) ;
#411 = DIRECTION ( 'NONE',  ( 0.000000000000000000, 1.000000000000000000, 0.000000000000000000 ) ) ;
#412 = LINE ( 'NONE', #3945, #4021 ) ;
#413 = AXIS2_PLACEMENT_3D ( 'NONE', #2701, #4247, #4152 ) ;
#414 = CIRCLE ( 'NONE', #2129, 0.05823999999999999316 ) ;
#415 = CARTESIAN_POINT ( 'NONE',  ( 0.000000000000000000, 0.05823999999999999316, 0.000000000000000000 ) ) ;
#416 = PRESENTATION_STYLE_ASSIGNMENT (( #3645 ) ) ;
#417 = FACE_OUTER_BOUND ( 'NONE', #1241, .T. ) ;
#418 = PRESENTATION_STYLE_ASSIGNMENT (( #3849 ) ) ;
#419 = LINE ( 'NONE', #21, #1687 ) ;
#420 = ADVANCED_FACE ( 'NONE', ( #2706 ), #937, .T. ) ;
#421 = VERTEX_POINT ( 'NONE', #1399 ) ;
#422 = LINE ( 'NONE', #1144, #3784 ) ;
#423 = PRESENTATION_LAYER_ASSIGNMENT (  '', '', ( #4571 ) ) ;
#424 = EDGE_LOOP ( 'NONE', ( #729, #3894, #4280, #4139 ) ) ;
#425 = DIRECTION ( 'NONE',  ( 0.9237839814038673047, 0.000000000000000000, -0.3829140317376987235 ) ) ;
#426 = PRESENTATION_LAYER_ASSIGNMENT (  '', '', ( #1841 ) ) ;
#427 = EDGE_CURVE ( 'NONE', #3765, #4024, #1469, .T. ) ;
#428 = VERTEX_POINT ( 'NONE', #3974 ) ;
#429 = SURFACE_STYLE_USAGE ( .BOTH. , #2981 ) ;
#430 =( NAMED_UNIT ( * ) SI_UNIT ( $, .STERADIAN. ) SOLID_ANGLE_UNIT ( ) );
#431 = COLOUR_RGB ( '',0.7686274509803920907, 0.7686274509803920907, 0.7686274509803920907 ) ;
#432 = CYLINDRICAL_SURFACE ( 'NONE', #3745, 0.05824000000000020133 ) ;
#433 = PRESENTATION_LAYER_ASSIGNMENT (  '', '', ( #1016 ) ) ;
#434 = CARTESIAN_POINT ( 'NONE',  ( 2.908240000000000158, 2.799999999999999822, -0.05823999999999999316 ) ) ;
#435 = ORIENTED_EDGE ( 'NONE', *, *, #3473, .F. ) ;
#436 = DIRECTION ( 'NONE',  ( 0.000000000000000000, 0.000000000000000000, -1.000000000000000000 ) ) ;
#437 = DIRECTION ( 'NONE',  ( 0.000000000000000000, 0.000000000000000000, 1.000000000000000000 ) ) ;
#438 = PRESENTATION_LAYER_ASSIGNMENT (  '', '', ( #4354 ) ) ;
#439 = VECTOR ( 'NONE', #3866, 1000.000000000000000 ) ;
#440 = ADVANCED_FACE ( 'NONE', ( #40 ), #703, .T. ) ;
#441 = DIRECTION ( 'NONE',  ( 1.000000000000000000, 0.000000000000000000, 0.000000000000000000 ) ) ;
#442 = COLOUR_RGB ( '',0.7686274509803920907, 0.7686274509803920907, 0.7686274509803920907 ) ;
#443 = DIRECTION ( 'NONE',  ( 0.9280290862136694185, 0.000000000000000000, -0.3725077383644824769 ) ) ;
#444 = SURFACE_STYLE_FILL_AREA ( #4377 ) ;
#445 = VECTOR ( 'NONE', #3910, 1000.000000000000000 ) ;
#446 = AXIS2_PLACEMENT_3D ( 'NONE', #1162, #511, #4017 ) ;
#447 = ORIENTED_EDGE ( 'NONE', *, *, #2427, .F. ) ;
#448 = DIRECTION ( 'NONE',  ( 1.000000000000000000, -0.000000000000000000, 0.000000000000000000 ) ) ;
#449 = ORIENTED_EDGE ( 'NONE', *, *, #3058, .T. ) ;
#450 = CIRCLE ( 'NONE', #4283, 0.05824000000000020133 ) ;
#451 = ORIENTED_EDGE ( 'NONE', *, *, #4064, .F. ) ;
#452 = VECTOR ( 'NONE', #3485, 1000.000000000000000 ) ;
#453 = EDGE_LOOP ( 'NONE', ( #2952, #4516, #3154, #3050 ) ) ;
#454 = CARTESIAN_POINT ( 'NONE',  ( 1.707904418361210430, 2.746759999999999646, -0.5351839751692804015 ) ) ;
#455 = DIRECTION ( 'NONE',  ( 0.000000000000000000, 0.000000000000000000, 1.000000000000000000 ) ) ;
#456 = SPHERICAL_SURFACE ( 'NONE', #3589, 0.05823999999999999316 ) ;
#457 = EDGE_CURVE ( 'NONE', #731, #428, #2123, .T. ) ;
#458 =( LENGTH_UNIT ( ) NAMED_UNIT ( * ) SI_UNIT ( .MILLI., .METRE. ) );
#459 = VECTOR ( 'NONE', #1266, 1000.000000000000227 ) ;
#460 = LINE ( 'NONE', #2367, #177 ) ;
#461 = ORIENTED_EDGE ( 'NONE', *, *, #3445, .F. ) ;
#462 = CARTESIAN_POINT ( 'NONE',  ( 1.944000000000006390, 2.746759999999999646, -0.4670490083270785187 ) ) ;
#463 = FACE_OUTER_BOUND ( 'NONE', #4162, .T. ) ;
#464 = ADVANCED_FACE ( 'NONE', ( #1759 ), #2873, .F. ) ;
#465 = LINE ( 'NONE', #825, #3897 ) ;
#466 = CARTESIAN_POINT ( 'NONE',  ( 1.944000000000006390, 2.741759999999999753, -2.220836029381371812 ) ) ;
#467 =( NAMED_UNIT ( * ) PLANE_ANGLE_UNIT ( ) SI_UNIT ( $, .RADIAN. ) );
#468 = LINE ( 'NONE', #2265, #2622 ) ;
#469 = AXIS2_PLACEMENT_3D ( 'NONE', #267, #4550, #2728 ) ;
#470 = VERTEX_POINT ( 'NONE', #3624 ) ;
#471 = FACE_OUTER_BOUND ( 'NONE', #1962, .T. ) ;
#472 = ORIENTED_EDGE ( 'NONE', *, *, #3286, .T. ) ;
#473 = SURFACE_STYLE_USAGE ( .BOTH. , #1547 ) ;
#474 = VERTEX_POINT ( 'NONE', #2103 ) ;
#475 = ORIENTED_EDGE ( 'NONE', *, *, #3420, .T. ) ;
#476 = DIRECTION ( 'NONE',  ( -0.000000000000000000, -1.000000000000000000, 0.000000000000000000 ) ) ;
#477 = LINE ( 'NONE', #1895, #923 ) ;
#478 = ORIENTED_EDGE ( 'NONE', *, *, #564, .T. ) ;
#479 = COLOUR_RGB ( '',0.6470588235294117974, 0.5176470588235293491, 0.000000000000000000 ) ;
#480 = CARTESIAN_POINT ( 'NONE',  ( 1.763380634530516300, 2.746759999999999646, -1.841313827505607126 ) ) ;
#481 =( NAMED_UNIT ( * ) SI_UNIT ( $, .STERADIAN. ) SOLID_ANGLE_UNIT ( ) );
#482 = CARTESIAN_POINT ( 'NONE',  ( 2.849999999999907274, 0.05823999999999501104, -0.1134407149924400587 ) ) ;
#483 =( GEOMETRIC_REPRESENTATION_CONTEXT ( 3 ) GLOBAL_UNCERTAINTY_ASSIGNED_CONTEXT ( ( #1000 ) ) GLOBAL_UNIT_ASSIGNED_CONTEXT ( ( #2380, #3496, #1690 ) ) REPRESENTATION_CONTEXT ( 'NONE', 'WORKASPACE' ) );
#484 = ADVANCED_FACE ( 'NONE', ( #1811 ), #4303, .T. ) ;
#485 = CARTESIAN_POINT ( 'NONE',  ( 0.7500000000000000000, 0.05824000000000020133, -2.799999999999999822 ) ) ;
#486 = CARTESIAN_POINT ( 'NONE',  ( 1.687297965358701246, 2.741759999999999753, -1.863024197635491763 ) ) ;
#487 = MECHANICAL_DESIGN_GEOMETRIC_PRESENTATION_REPRESENTATION (  '', ( #1971 ), #558 ) ;
#488 = DIRECTION ( 'NONE',  ( -0.000000000000000000, -0.000000000000000000, -1.000000000000000000 ) ) ;
#489 = EDGE_CURVE ( 'NONE', #1283, #360, #2855, .T. ) ;
#490 = EDGE_CURVE ( 'NONE', #3612, #2323, #67, .T. ) ;
#491 = ORIENTED_EDGE ( 'NONE', *, *, #4, .T. ) ;
#492 = DIRECTION ( 'NONE',  ( -0.9620200793798762140, 0.000000000000000000, -0.2729786930695082825 ) ) ;
#493 = VERTEX_POINT ( 'NONE', #2166 ) ;
#494 = PRESENTATION_STYLE_ASSIGNMENT (( #3654 ) ) ;
#495 = VECTOR ( 'NONE', #4437, 1000.000000000000000 ) ;
#496 = EDGE_CURVE ( 'NONE', #1943, #630, #4355, .T. ) ;
#497 = ORIENTED_EDGE ( 'NONE', *, *, #1757, .T. ) ;
#498 = VERTEX_POINT ( 'NONE', #3378 ) ;
#499 = PRESENTATION_STYLE_ASSIGNMENT (( #2652 ) ) ;
#500 =( LENGTH_UNIT ( ) NAMED_UNIT ( * ) SI_UNIT ( .MILLI., .METRE. ) );
#501 =( NAMED_UNIT ( * ) PLANE_ANGLE_UNIT ( ) SI_UNIT ( $, .RADIAN. ) );
#502 = MECHANICAL_DESIGN_GEOMETRIC_PRESENTATION_REPRESENTATION (  '', ( #3500 ), #2891 ) ;
#503 = VECTOR ( 'NONE', #4487, 1000.000000000000227 ) ;
#504 = ORIENTED_EDGE ( 'NONE', *, *, #1484, .F. ) ;
#505 = CARTESIAN_POINT ( 'NONE',  ( 0.7500014401605001879, 2.689607843130265685, -2.741520629182616631 ) ) ;
#506 = LINE ( 'NONE', #1208, #2580 ) ;
#507 = CARTESIAN_POINT ( 'NONE',  ( 2.852554106022254565, 0.07529810106369556888, -0.07529810106369576317 ) ) ;
#508 = UNCERTAINTY_MEASURE_WITH_UNIT (LENGTH_MEASURE( 1.000000000000000082E-05 ), #351, 'distance_accuracy_value', 'NONE');
#509 = AXIS2_PLACEMENT_3D ( 'NONE', #3270, #2270, #4363 ) ;
#510 = LINE ( 'NONE', #3757, #2533 ) ;
#511 = DIRECTION ( 'NONE',  ( 0.000000000000000000, 0.000000000000000000, 1.000000000000000000 ) ) ;
#512 = LINE ( 'NONE', #3018, #1662 ) ;
#513 = MECHANICAL_DESIGN_GEOMETRIC_PRESENTATION_REPRESENTATION (  '', ( #1922 ), #516 ) ;
#514 = CARTESIAN_POINT ( 'NONE',  ( 1.610734679207226794, 2.746759999999999646, -1.885302797215325343 ) ) ;
#515 = EDGE_CURVE ( 'NONE', #3340, #4534, #2840, .T. ) ;
#516 =( GEOMETRIC_REPRESENTATION_CONTEXT ( 3 ) GLOBAL_UNCERTAINTY_ASSIGNED_CONTEXT ( ( #3138 ) ) GLOBAL_UNIT_ASSIGNED_CONTEXT ( ( #1728, #406, #3590 ) ) REPRESENTATION_CONTEXT ( 'NONE', 'WORKASPACE' ) );
#517 = ORIENTED_EDGE ( 'NONE', *, *, #864, .T. ) ;
#518 = DIRECTION ( 'NONE',  ( 0.000000000000000000, 0.000000000000000000, -1.000000000000000000 ) ) ;
#519 = EDGE_LOOP ( 'NONE', ( #4483, #1961, #2139, #3391 ) ) ;
#520 = CYLINDRICAL_SURFACE ( 'NONE', #4655, 0.05823999999999998622 ) ;
#521 = MECHANICAL_DESIGN_GEOMETRIC_PRESENTATION_REPRESENTATION (  '', ( #2155 ), #671 ) ;
#522 = VERTEX_POINT ( 'NONE', #466 ) ;
#523 = STYLED_ITEM ( 'NONE', ( #1581 ), #547 ) ;
#524 = EDGE_LOOP ( 'NONE', ( #2693, #1194, #1654, #249 ) ) ;
#525 = LINE ( 'NONE', #2232, #4333 ) ;
#526 = DIRECTION ( 'NONE',  ( 1.000000000000000000, 0.000000000000000000, 0.000000000000000000 ) ) ;
#527 = VECTOR ( 'NONE', #2351, 1000.000000000000000 ) ;
#528 = ORIENTED_EDGE ( 'NONE', *, *, #1108, .F. ) ;
#529 =( LENGTH_UNIT ( ) NAMED_UNIT ( * ) SI_UNIT ( .MILLI., .METRE. ) );
#530 = SURFACE_STYLE_FILL_AREA ( #3014 ) ;
#531 = CARTESIAN_POINT ( 'NONE',  ( 0.7500281936837465135, 0.05934521978077467869, -0.1034708785317262486 ) ) ;
#532 = LINE ( 'NONE', #4396, #1110 ) ;
#533 = FILL_AREA_STYLE ('',( #3758 ) ) ;
#534 = DIRECTION ( 'NONE',  ( 0.000000000000000000, 0.000000000000000000, 1.000000000000000000 ) ) ;
#535 = PRESENTATION_STYLE_ASSIGNMENT (( #3761 ) ) ;
#536 = ORIENTED_EDGE ( 'NONE', *, *, #4343, .T. ) ;
#537 = LINE ( 'NONE', #4114, #1373 ) ;
#538 = EDGE_CURVE ( 'NONE', #203, #3044, #2460, .T. ) ;
#539 = ORIENTED_EDGE ( 'NONE', *, *, #2371, .F. ) ;
#540 = DIRECTION ( 'NONE',  ( 1.000000000000000000, -0.000000000000000000, 0.000000000000000000 ) ) ;
#541 = ORIENTED_EDGE ( 'NONE', *, *, #1938, .T. ) ;
#542 = CARTESIAN_POINT ( 'NONE',  ( 1.687284197684115750, 2.741759999999999753, -0.9824688076061879327 ) ) ;
#543 = EDGE_CURVE ( 'NONE', #421, #2576, #866, .T. ) ;
#544 = ORIENTED_EDGE ( 'NONE', *, *, #3633, .F. ) ;
#545 = SURFACE_SIDE_STYLE ('',( #2672 ) ) ;
#546 =( NAMED_UNIT ( * ) PLANE_ANGLE_UNIT ( ) SI_UNIT ( $, .RADIAN. ) );
#547 = ADVANCED_FACE ( 'NONE', ( #2244 ), #4470, .T. ) ;
#548 = ORIENTED_EDGE ( 'NONE', *, *, #4401, .F. ) ;
#549 = SURFACE_STYLE_USAGE ( .BOTH. , #4465 ) ;
#550 =( NAMED_UNIT ( * ) PLANE_ANGLE_UNIT ( ) SI_UNIT ( $, .RADIAN. ) );
#551 = LINE ( 'NONE', #2656, #1974 ) ;
#552 = CIRCLE ( 'NONE', #2271, 0.05824000000000020133 ) ;
#553 = CARTESIAN_POINT ( 'NONE',  ( 0.7474458939777457456, 2.724701898936303657, -2.724701898936304545 ) ) ;
#554 = EDGE_CURVE ( 'NONE', #4339, #610, #1928, .T. ) ;
#555 = PRESENTATION_STYLE_ASSIGNMENT (( #3777 ) ) ;
#556 = CARTESIAN_POINT ( 'NONE',  ( -0.8184128072525136410, 2.746759999999998758, 0.006335664914779973525 ) ) ;
#557 = CARTESIAN_POINT ( 'NONE',  ( 0.05824000000000020133, 0.05823999999999999316, 0.000000000000000000 ) ) ;
#558 =( GEOMETRIC_REPRESENTATION_CONTEXT ( 3 ) GLOBAL_UNCERTAINTY_ASSIGNED_CONTEXT ( ( #600 ) ) GLOBAL_UNIT_ASSIGNED_CONTEXT ( ( #1254, #467, #110 ) ) REPRESENTATION_CONTEXT ( 'NONE', 'WORKASPACE' ) );
#559 = ORIENTED_EDGE ( 'NONE', *, *, #1960, .F. ) ;
#560 = CARTESIAN_POINT ( 'NONE',  ( 2.850857672268034548, 2.730239879384714463, -2.730239879384714463 ) ) ;
#561 = ORIENTED_EDGE ( 'NONE', *, *, #3652, .F. ) ;
#562 = CARTESIAN_POINT ( 'NONE',  ( 1.865671948376557809, 2.746759999999999646, -1.812111339561971679 ) ) ;
#563 = AXIS2_PLACEMENT_3D ( 'NONE', #1107, #3993, #762 ) ;
#564 = EDGE_CURVE ( 'NONE', #3022, #4338, #1233, .T. ) ;
#565 =( BOUNDED_CURVE ( )  B_SPLINE_CURVE ( 3, ( #3513, #284, #2266, #2514 ),
 .UNSPECIFIED., .F., .T. ) 
 B_SPLINE_CURVE_WITH_KNOTS ( ( 4, 4 ),
 ( 4.712388980384692339, 5.009640341705900113 ),
 .UNSPECIFIED. ) 
 CURVE ( )  GEOMETRIC_REPRESENTATION_ITEM ( )  RATIONAL_B_SPLINE_CURVE ( ( 1.000000000000000000, 0.9926503465430337458, 0.9926503465430337458, 1.000000000000000000 ) ) 
 REPRESENTATION_ITEM ( '' )  );
#566 = ORIENTED_EDGE ( 'NONE', *, *, #1516, .T. ) ;
#567 =( NAMED_UNIT ( * ) PLANE_ANGLE_UNIT ( ) SI_UNIT ( $, .RADIAN. ) );
#568 = ORIENTED_EDGE ( 'NONE', *, *, #1644, .F. ) ;
#569 = LINE ( 'NONE', #3790, #814 ) ;
#570 = SURFACE_STYLE_USAGE ( .BOTH. , #4147 ) ;
#571 = LINE ( 'NONE', #3482, #1183 ) ;
#572 = ADVANCED_FACE ( 'NONE', ( #109 ), #2216, .T. ) ;
#573 = VERTEX_POINT ( 'NONE', #262 ) ;
#574 = DIRECTION ( 'NONE',  ( 1.000000000000000000, 0.000000000000000000, 0.000000000000000000 ) ) ;
#575 = DIRECTION ( 'NONE',  ( 0.9620200793798762140, 0.000000000000000000, 0.2729786930695083380 ) ) ;
#576 = SURFACE_STYLE_USAGE ( .BOTH. , #4544 ) ;
#577 = VECTOR ( 'NONE', #2590, 1000.000000000000000 ) ;
#578 = COLOUR_RGB ( '',0.7686274509803920907, 0.7686274509803920907, 0.7686274509803920907 ) ;
#579 = DIRECTION ( 'NONE',  ( -1.000000000000000000, -0.000000000000000000, -0.000000000000000000 ) ) ;
#580 = CARTESIAN_POINT ( 'NONE',  ( 1.944000000000006390, 2.746759999999999646, -2.220836029381371812 ) ) ;
#581 = MECHANICAL_DESIGN_GEOMETRIC_PRESENTATION_REPRESENTATION (  '', ( #53 ), #1400 ) ;
#582 = VERTEX_POINT ( 'NONE', #602 ) ;
#583 = DIRECTION ( 'NONE',  ( -0.9611638845408968512, 0.000000000000000000, -0.2759782365590690012 ) ) ;
#584 = ORIENTED_EDGE ( 'NONE', *, *, #171, .T. ) ;
#585 = DIRECTION ( 'NONE',  ( 0.000000000000000000, 0.000000000000000000, -1.000000000000000000 ) ) ;
#586 = ORIENTED_EDGE ( 'NONE', *, *, #24, .T. ) ;
#587 = CARTESIAN_POINT ( 'NONE',  ( 1.611847357579664575, 2.741759999999999753, -2.199075594982799142 ) ) ;
#588 = VECTOR ( 'NONE', #3394, 1000.000000000000000 ) ;
#589 = ORIENTED_EDGE ( 'NONE', *, *, #2029, .F. ) ;
#590 = DIRECTION ( 'NONE',  ( 1.000000000000000000, 0.000000000000000000, 0.000000000000000000 ) ) ;
#591 = DIRECTION ( 'NONE',  ( 0.000000000000000000, -1.000000000000000000, 0.000000000000000000 ) ) ;
#592 =( BOUNDED_CURVE ( )  B_SPLINE_CURVE ( 3, ( #2861, #3582, #348, #4310 ),
 .UNSPECIFIED., .F., .T. ) 
 B_SPLINE_CURVE_WITH_KNOTS ( ( 4, 4 ),
 ( 1.570796326794896558, 1.868047688116104110 ),
 .UNSPECIFIED. ) 
 CURVE ( )  GEOMETRIC_REPRESENTATION_ITEM ( )  RATIONAL_B_SPLINE_CURVE ( ( 1.000000000000000000, 0.9926503465430337458, 0.9926503465430337458, 1.000000000000000000 ) ) 
 REPRESENTATION_ITEM ( '' )  );
#593 =( GEOMETRIC_REPRESENTATION_CONTEXT ( 3 ) GLOBAL_UNCERTAINTY_ASSIGNED_CONTEXT ( ( #2285 ) ) GLOBAL_UNIT_ASSIGNED_CONTEXT ( ( #3356, #3311, #2263 ) ) REPRESENTATION_CONTEXT ( 'NONE', 'WORKASPACE' ) );
#594 = EDGE_LOOP ( 'NONE', ( #3080, #3174, #754, #435, #1376, #662, #612, #3201 ) ) ;
#595 = LINE ( 'NONE', #2014, #3447 ) ;
#596 = SURFACE_STYLE_FILL_AREA ( #929 ) ;
#597 = EDGE_CURVE ( 'NONE', #710, #4145, #3144, .T. ) ;
#598 = CARTESIAN_POINT ( 'NONE',  ( 2.850000000000000089, 0.1164800000000001529, -0.05824000000000020133 ) ) ;
#599 = DIRECTION ( 'NONE',  ( 1.000000000000000000, -0.000000000000000000, 0.000000000000000000 ) ) ;
#600 = UNCERTAINTY_MEASURE_WITH_UNIT (LENGTH_MEASURE( 1.000000000000000082E-05 ), #1254, 'distance_accuracy_value', 'NONE');
#601 = CARTESIAN_POINT ( 'NONE',  ( 1.532369079381479704, 2.746759999999999646, -1.255601935242362188 ) ) ;
#602 = CARTESIAN_POINT ( 'NONE',  ( 1.944000000000006390, 2.741759999999999753, -1.235447311932450276 ) ) ;
#603 = DIRECTION ( 'NONE',  ( 1.000000000000000000, 0.000000000000000000, -0.000000000000000000 ) ) ;
#604 = EDGE_CURVE ( 'NONE', #3032, #3811, #3418, .T. ) ;
#605 = FACE_OUTER_BOUND ( 'NONE', #3020, .T. ) ;
#606 = CARTESIAN_POINT ( 'NONE',  ( 0.6917599999999998195, 2.799999999999999822, -0.05824000000000020133 ) ) ;
#607 = EDGE_CURVE ( 'NONE', #2734, #3249, #241, .T. ) ;
#608 = LINE ( 'NONE', #1717, #616 ) ;
#609 = LINE ( 'NONE', #3901, #1479 ) ;
#610 = VERTEX_POINT ( 'NONE', #3490 ) ;
#611 = DIRECTION ( 'NONE',  ( 1.000000000000000000, 3.723221746172749281E-15, 0.000000000000000000 ) ) ;
#612 = ORIENTED_EDGE ( 'NONE', *, *, #3684, .F. ) ;
#613 = DIRECTION ( 'NONE',  ( 0.002813301676014988168, 0.000000000000000000, -0.9999960426590095430 ) ) ;
#614 = SURFACE_STYLE_FILL_AREA ( #883 ) ;
#615 = CARTESIAN_POINT ( 'NONE',  ( 3.541759999999999575, 0.05823999999999999316, -0.05823999999999999316 ) ) ;
#616 = VECTOR ( 'NONE', #3172, 1000.000000000000000 ) ;
#617 = ORIENTED_EDGE ( 'NONE', *, *, #3302, .T. ) ;
#618 = CARTESIAN_POINT ( 'NONE',  ( 1.865686967656117190, 2.741759999999999753, -0.9316085170136499949 ) ) ;
#619 = DIRECTION ( 'NONE',  ( -0.9612934544747571142, 0.000000000000000000, -0.2755265765475047868 ) ) ;
#620 = CARTESIAN_POINT ( 'NONE',  ( 0.7483244899547516482, 0.07218483607029831106, -0.07859784019378837638 ) ) ;
#621 = PLANE ( 'NONE',  #1555 ) ;
#622 = ADVANCED_FACE ( 'NONE', ( #224 ), #179, .T. ) ;
#623 = DIRECTION ( 'NONE',  ( 0.000000000000000000, 0.000000000000000000, -1.000000000000000000 ) ) ;
#624 = FILL_AREA_STYLE_COLOUR ( '', #4053 ) ;
#625 = CARTESIAN_POINT ( 'NONE',  ( 3.541759999999999575, 0.000000000000000000, 0.000000000000000000 ) ) ;
#626 = DIRECTION ( 'NONE',  ( 0.000000000000000000, -1.000000000000000000, -0.000000000000000000 ) ) ;
#627 = DIRECTION ( 'NONE',  ( -1.000000000000000000, 0.000000000000000000, 0.000000000000000000 ) ) ;
#628 = ADVANCED_FACE ( 'NONE', ( #2021 ), #4497, .F. ) ;
#629 =( NAMED_UNIT ( * ) PLANE_ANGLE_UNIT ( ) SI_UNIT ( $, .RADIAN. ) );
#630 = VERTEX_POINT ( 'NONE', #4132 ) ;
#631 = COLOUR_RGB ( '',0.7686274509803920907, 0.7686274509803920907, 0.7686274509803920907 ) ;
#632 = SURFACE_SIDE_STYLE ('',( #2500 ) ) ;
#633 = STYLED_ITEM ( 'NONE', ( #1018 ), #3531 ) ;
#634 = ORIENTED_EDGE ( 'NONE', *, *, #1431, .T. ) ;
#635 = CARTESIAN_POINT ( 'NONE',  ( 3.600000000000000089, 0.05823999999999999316, -2.799999999999999822 ) ) ;
#636 = VERTEX_POINT ( 'NONE', #1683 ) ;
#637 = CARTESIAN_POINT ( 'NONE',  ( 0.7474458939777457456, 2.724701898936303657, -2.724701898936304545 ) ) ;
#638 =( NAMED_UNIT ( * ) SI_UNIT ( $, .STERADIAN. ) SOLID_ANGLE_UNIT ( ) );
#639 = CARTESIAN_POINT ( 'NONE',  ( 2.852554106022254565, 0.07529810106369545786, -2.724701898936304101 ) ) ;
#640 = VECTOR ( 'NONE', #3997, 1000.000000000000000 ) ;
#641 = CARTESIAN_POINT ( 'NONE',  ( 1.611265360455781170, 2.746759999999999646, -2.073934948893989105 ) ) ;
#642 = EDGE_CURVE ( 'NONE', #1937, #3320, #4568, .T. ) ;
#643 = COLOUR_RGB ( '',0.6470588235294117974, 0.5176470588235293491, 0.000000000000000000 ) ;
#644 = ORIENTED_EDGE ( 'NONE', *, *, #4287, .F. ) ;
#645 = CARTESIAN_POINT ( 'NONE',  ( 2.850000000000000089, 2.683519999999998795, -2.741759999999999753 ) ) ;
#646 = DIRECTION ( 'NONE',  ( -0.000000000000000000, -1.000000000000000000, 0.000000000000000000 ) ) ;
#647 = DIRECTION ( 'NONE',  ( 0.000000000000000000, 0.000000000000000000, -1.000000000000000000 ) ) ;
#648 = LINE ( 'NONE', #4228, #3892 ) ;
#649 = UNCERTAINTY_MEASURE_WITH_UNIT (LENGTH_MEASURE( 1.000000000000000082E-05 ), #333, 'distance_accuracy_value', 'NONE');
#650 = DIRECTION ( 'NONE',  ( 0.000000000000000000, 0.000000000000000000, -1.000000000000000000 ) ) ;
#651 = FACE_OUTER_BOUND ( 'NONE', #880, .T. ) ;
#652 = CARTESIAN_POINT ( 'NONE',  ( 3.600000000000000089, 2.741759999999999753, 0.000000000000000000 ) ) ;
#653 = PRESENTATION_STYLE_ASSIGNMENT (( #3146 ) ) ;
#654 = PRESENTATION_LAYER_ASSIGNMENT (  '', '', ( #858 ) ) ;
#655 = DIRECTION ( 'NONE',  ( 0.000000000000000000, 1.000000000000000000, 0.000000000000000000 ) ) ;
#656 =( GEOMETRIC_REPRESENTATION_CONTEXT ( 3 ) GLOBAL_UNCERTAINTY_ASSIGNED_CONTEXT ( ( #1747 ) ) GLOBAL_UNIT_ASSIGNED_CONTEXT ( ( #3407, #1984, #3769 ) ) REPRESENTATION_CONTEXT ( 'NONE', 'WORKASPACE' ) );
#657 = ORIENTED_EDGE ( 'NONE', *, *, #4610, .T. ) ;
#658 = EDGE_CURVE ( 'NONE', #4336, #1511, #813, .T. ) ;
#659 = DIRECTION ( 'NONE',  ( 0.000000000000000000, 0.000000000000000000, 1.000000000000000000 ) ) ;
#660 = ORIENTED_EDGE ( 'NONE', *, *, #1628, .F. ) ;
#661 = LINE ( 'NONE', #2733, #1147 ) ;
#662 = ORIENTED_EDGE ( 'NONE', *, *, #1757, .F. ) ;
#663 = FACE_OUTER_BOUND ( 'NONE', #3187, .T. ) ;
#664 = EDGE_CURVE ( 'NONE', #710, #4664, #4231, .T. ) ;
#665 = STYLED_ITEM ( 'NONE', ( #1014 ), #2484 ) ;
#666 = PRESENTATION_LAYER_ASSIGNMENT (  '', '', ( #4662 ) ) ;
#667 = ORIENTED_EDGE ( 'NONE', *, *, #3679, .T. ) ;
#668 = CARTESIAN_POINT ( 'NONE',  ( 2.850000000000000089, 2.741759999999999753, -0.1164799999999999724 ) ) ;
#669 = CARTESIAN_POINT ( 'NONE',  ( 1.826443497879789213, 2.741759999999999753, -1.415070833206682366 ) ) ;
#670 = FILL_AREA_STYLE ('',( #2114 ) ) ;
#671 =( GEOMETRIC_REPRESENTATION_CONTEXT ( 3 ) GLOBAL_UNCERTAINTY_ASSIGNED_CONTEXT ( ( #1853 ) ) GLOBAL_UNIT_ASSIGNED_CONTEXT ( ( #1070, #687, #1771 ) ) REPRESENTATION_CONTEXT ( 'NONE', 'WORKASPACE' ) );
#672 = DIRECTION ( 'NONE',  ( 0.000000000000000000, -0.000000000000000000, -1.000000000000000000 ) ) ;
#673 = SURFACE_STYLE_USAGE ( .BOTH. , #2541 ) ;
#674 = ORIENTED_EDGE ( 'NONE', *, *, #538, .F. ) ;
#675 = CARTESIAN_POINT ( 'NONE',  ( 1.611856304720737043, 2.741759999999999753, -2.429006833949353350 ) ) ;
#676 = AXIS2_PLACEMENT_3D ( 'NONE', #2490, #4591, #2068 ) ;
#677 = FACE_OUTER_BOUND ( 'NONE', #4072, .T. ) ;
#678 = VECTOR ( 'NONE', #839, 1000.000000000000000 ) ;
#679 = VECTOR ( 'NONE', #3413, 1000.000000000000000 ) ;
#680 = LINE ( 'NONE', #2476, #32 ) ;
#681 = DIRECTION ( 'NONE',  ( 0.000000000000000000, 0.000000000000000000, 1.000000000000000000 ) ) ;
#682 = DIRECTION ( 'NONE',  ( -0.2746459304917006072, 0.000000000000000000, 0.9615454294334448981 ) ) ;
#683 = STYLED_ITEM ( 'NONE', ( #535 ), #1509 ) ;
#684 = ORIENTED_EDGE ( 'NONE', *, *, #1447, .T. ) ;
#685 = ORIENTED_EDGE ( 'NONE', *, *, #1404, .T. ) ;
#686 = PRESENTATION_STYLE_ASSIGNMENT (( #3956 ) ) ;
#687 =( NAMED_UNIT ( * ) PLANE_ANGLE_UNIT ( ) SI_UNIT ( $, .RADIAN. ) );
#688 = ADVANCED_FACE ( 'NONE', ( #2775 ), #2311, .T. ) ;
#689 = ORIENTED_EDGE ( 'NONE', *, *, #2948, .F. ) ;
#690 =( NAMED_UNIT ( * ) PLANE_ANGLE_UNIT ( ) SI_UNIT ( $, .RADIAN. ) );
#691 = CARTESIAN_POINT ( 'NONE',  ( 3.600000000000000089, 2.741759999999999753, -2.741759999999999753 ) ) ;
#692 = UNCERTAINTY_MEASURE_WITH_UNIT (LENGTH_MEASURE( 1.000000000000000082E-05 ), #2870, 'distance_accuracy_value', 'NONE');
#693 = LINE ( 'NONE', #3567, #3902 ) ;
#694 = EDGE_CURVE ( 'NONE', #3249, #1511, #4439, .T. ) ;
#695 = PRESENTATION_LAYER_ASSIGNMENT (  '', '', ( #4149 ) ) ;
#696 = SURFACE_SIDE_STYLE ('',( #4320 ) ) ;
#697 = EDGE_LOOP ( 'NONE', ( #1526, #1646, #1917 ) ) ;
#698 = DIRECTION ( 'NONE',  ( 0.000000000000000000, 0.000000000000000000, -1.000000000000000000 ) ) ;
#699 = CARTESIAN_POINT ( 'NONE',  ( 0.7493473067223033190, 2.732628671686632593, -0.08458201944690869889 ) ) ;
#700 = DIRECTION ( 'NONE',  ( 0.000000000000000000, 1.000000000000000000, 0.000000000000000000 ) ) ;
#701 = EDGE_CURVE ( 'NONE', #1005, #3982, #4273, .T. ) ;
#702 = LINE ( 'NONE', #2568, #4429 ) ;
#703 = CYLINDRICAL_SURFACE ( 'NONE', #3898, 0.05823999999999999316 ) ;
#704 = PLANE ( 'NONE',  #4476 ) ;
#705 = DIRECTION ( 'NONE',  ( -1.000000000000000000, 0.000000000000000000, 0.000000000000000000 ) ) ;
#706 = LINE ( 'NONE', #3877, #2824 ) ;
#707 = CIRCLE ( 'NONE', #1225, 0.05824000000000020133 ) ;
#708 = ORIENTED_EDGE ( 'NONE', *, *, #2600, .F. ) ;
#709 = SPHERICAL_SURFACE ( 'NONE', #3258, 0.05823999999999999316 ) ;
#710 = VERTEX_POINT ( 'NONE', #3570 ) ;
#711 = VECTOR ( 'NONE', #4023, 1000.000000000000000 ) ;
#712 = ORIENTED_EDGE ( 'NONE', *, *, #2491, .T. ) ;
#713 = AXIS2_PLACEMENT_3D ( 'NONE', #1908, #3066, #2663 ) ;
#714 = LINE ( 'NONE', #2132, #1784 ) ;
#715 = SURFACE_STYLE_USAGE ( .BOTH. , #1413 ) ;
#716 = ADVANCED_FACE ( 'NONE', ( #332 ), #1421, .T. ) ;
#717 = PRESENTATION_STYLE_ASSIGNMENT (( #2444 ) ) ;
#718 = VECTOR ( 'NONE', #3372, 1000.000000000000000 ) ;
#719 = CARTESIAN_POINT ( 'NONE',  ( 1.610720911532859345, 2.746759999999999646, -1.192290661020161346 ) ) ;
#720 = FILL_AREA_STYLE ('',( #3918 ) ) ;
#721 = ORIENTED_EDGE ( 'NONE', *, *, #955, .T. ) ;
#722 = FACE_OUTER_BOUND ( 'NONE', #4359, .T. ) ;
#723 = CARTESIAN_POINT ( 'NONE',  ( 0.7499956264635423420, 2.741046270079955605, -0.1073901237253751806 ) ) ;
#724 = CARTESIAN_POINT ( 'NONE',  ( 2.850207013399459033, 0.06358659156683470204, -2.708738985336092586 ) ) ;
#725 =( NAMED_UNIT ( * ) PLANE_ANGLE_UNIT ( ) SI_UNIT ( $, .RADIAN. ) );
#726 = DIRECTION ( 'NONE',  ( 0.000000000000000000, -1.000000000000000000, 0.000000000000000000 ) ) ;
#727 = PRESENTATION_LAYER_ASSIGNMENT (  '', '', ( #2731 ) ) ;
#728 =( GEOMETRIC_REPRESENTATION_CONTEXT ( 3 ) GLOBAL_UNCERTAINTY_ASSIGNED_CONTEXT ( ( #738 ) ) GLOBAL_UNIT_ASSIGNED_CONTEXT ( ( #1612, #4513, #1650 ) ) REPRESENTATION_CONTEXT ( 'NONE', 'WORKASPACE' ) );
#729 = ORIENTED_EDGE ( 'NONE', *, *, #694, .T. ) ;
#730 = DIRECTION ( 'NONE',  ( 0.000000000000000000, 0.000000000000000000, 1.000000000000000000 ) ) ;
#731 = VERTEX_POINT ( 'NONE', #1753 ) ;
#732 = PRESENTATION_LAYER_ASSIGNMENT (  '', '', ( #3285 ) ) ;
#733 = VECTOR ( 'NONE', #1353, 1000.000000000000114 ) ;
#734 = VERTEX_POINT ( 'NONE', #3549 ) ;
#735 = PLANE ( 'NONE',  #1037 ) ;
#736 = FILL_AREA_STYLE_COLOUR ( '', #3577 ) ;
#737 =( NAMED_UNIT ( * ) SI_UNIT ( $, .STERADIAN. ) SOLID_ANGLE_UNIT ( ) );
#738 = UNCERTAINTY_MEASURE_WITH_UNIT (LENGTH_MEASURE( 1.000000000000000082E-05 ), #1612, 'distance_accuracy_value', 'NONE');
#739 = CARTESIAN_POINT ( 'NONE',  ( 2.908240000000000158, 2.741759999999999753, 0.000000000000000000 ) ) ;
#740 = EDGE_LOOP ( 'NONE', ( #4022, #2360, #2860, #4600 ) ) ;
#741 = DIRECTION ( 'NONE',  ( 0.05596501978067343341, 0.000000000000000000, -0.9984327301130251353 ) ) ;
#742 = CARTESIAN_POINT ( 'NONE',  ( 0.7474458939777458566, 2.724701898936304101, -0.07529810106369576317 ) ) ;
#743 = CARTESIAN_POINT ( 'NONE',  ( 1.687297965358701246, 2.746759999999999646, -1.863024197635491763 ) ) ;
#744 = STYLED_ITEM ( 'NONE', ( #1358 ), #2932 ) ;
#745 =( BOUNDED_CURVE ( )  B_SPLINE_CURVE ( 3, ( #953, #1294, #2352, #3889 ),
 .UNSPECIFIED., .F., .T. ) 
 B_SPLINE_CURVE_WITH_KNOTS ( ( 4, 4 ),
 ( 1.570796326794895670, 1.868047688116102778 ),
 .UNSPECIFIED. ) 
 CURVE ( )  GEOMETRIC_REPRESENTATION_ITEM ( )  RATIONAL_B_SPLINE_CURVE ( ( 1.000000000000000000, 0.9926503465430338569, 0.9926503465430338569, 1.000000000000000000 ) ) 
 REPRESENTATION_ITEM ( '' )  );
#746 = VECTOR ( 'NONE', #443, 1000.000000000000000 ) ;
#747 = EDGE_CURVE ( 'NONE', #45, #1576, #2851, .T. ) ;
#748 = DIRECTION ( 'NONE',  ( 3.723221746172735870E-15, -1.000000000000000000, 0.000000000000000000 ) ) ;
#749 = PRESENTATION_LAYER_ASSIGNMENT (  '', '', ( #1192 ) ) ;
#750 = LINE ( 'NONE', #3504, #1942 ) ;
#751 = DIRECTION ( 'NONE',  ( 0.4443210308329466063, 0.000000000000000000, -0.8958676361826828360 ) ) ;
#752 = ORIENTED_EDGE ( 'NONE', *, *, #1226, .T. ) ;
#753 = LINE ( 'NONE', #2908, #4164 ) ;
#754 = ORIENTED_EDGE ( 'NONE', *, *, #4521, .T. ) ;
#755 = CARTESIAN_POINT ( 'NONE',  ( 1.720495581945717278, 2.746759999999999646, -0.6534257646995780267 ) ) ;
#756 = STYLED_ITEM ( 'NONE', ( #1698 ), #1427 ) ;
#757 = ORIENTED_EDGE ( 'NONE', *, *, #1305, .F. ) ;
#758 =( NAMED_UNIT ( * ) PLANE_ANGLE_UNIT ( ) SI_UNIT ( $, .RADIAN. ) );
#759 = LINE ( 'NONE', #1776, #2452 ) ;
#760 = ORIENTED_EDGE ( 'NONE', *, *, #963, .F. ) ;
#761 = CARTESIAN_POINT ( 'NONE',  ( 2.850652693277696770, 2.732628671686633037, -2.715417980553090693 ) ) ;
#762 = DIRECTION ( 'NONE',  ( 0.000000000000000000, 0.000000000000000000, 1.000000000000000000 ) ) ;
#763 = LINE ( 'NONE', #743, #3958 ) ;
#764 = CARTESIAN_POINT ( 'NONE',  ( 1.532369079381479704, 2.746759999999999646, -1.560922121378591987 ) ) ;
#765 = ADVANCED_FACE ( 'NONE', ( #4299 ), #1058, .F. ) ;
#766 = CARTESIAN_POINT ( 'NONE',  ( 0.000000000000000000, 2.741759999999999753, -2.799999999999999822 ) ) ;
#767 = DIRECTION ( 'NONE',  ( 1.000000000000000000, -0.000000000000000000, -0.000000000000000000 ) ) ;
#768 = EDGE_CURVE ( 'NONE', #1892, #4314, #2473, .T. ) ;
#769 = EDGE_LOOP ( 'NONE', ( #4627, #919, #1807, #1957, #2417, #2867 ) ) ;
#770 = ORIENTED_EDGE ( 'NONE', *, *, #3095, .F. ) ;
#771 = STYLED_ITEM ( 'NONE', ( #1534 ), #3421 ) ;
#772 = ORIENTED_EDGE ( 'NONE', *, *, #3743, .F. ) ;
#773 = AXIS2_PLACEMENT_3D ( 'NONE', #1586, #3339, #1604 ) ;
#774 = SURFACE_STYLE_FILL_AREA ( #101 ) ;
#775 = EDGE_CURVE ( 'NONE', #1576, #3548, #3944, .T. ) ;
#776 = UNCERTAINTY_MEASURE_WITH_UNIT (LENGTH_MEASURE( 1.000000000000000082E-05 ), #822, 'distance_accuracy_value', 'NONE');
#777 = STYLED_ITEM ( 'NONE', ( #416 ), #3937 ) ;
#778 = CARTESIAN_POINT ( 'NONE',  ( 0.05823999999999999316, 0.05823999999999999316, -2.741759999999999753 ) ) ;
#779 = ORIENTED_EDGE ( 'NONE', *, *, #85, .F. ) ;
#780 = PRESENTATION_STYLE_ASSIGNMENT (( #3665 ) ) ;
#781 = CARTESIAN_POINT ( 'NONE',  ( 0.05824000000000020133, 0.05823999999999999316, -0.05823999999999999316 ) ) ;
#782 = LINE ( 'NONE', #1159, #2066 ) ;
#783 = CARTESIAN_POINT ( 'NONE',  ( 1.532369079381479704, 2.746759999999999646, -1.791051805255976292 ) ) ;
#784 = PRESENTATION_LAYER_ASSIGNMENT (  '', '', ( #2130 ) ) ;
#785 = FILL_AREA_STYLE_COLOUR ( '', #1125 ) ;
#786 = SURFACE_STYLE_FILL_AREA ( #1141 ) ;
#787 = EDGE_LOOP ( 'NONE', ( #250, #3267, #905, #3047 ) ) ;
#788 = PLANE ( 'NONE',  #3337 ) ;
#789 = ADVANCED_FACE ( 'NONE', ( #722 ), #2827, .F. ) ;
#790 = ORIENTED_EDGE ( 'NONE', *, *, #4674, .F. ) ;
#791 = FILL_AREA_STYLE ('',( #1478 ) ) ;
#792 = VECTOR ( 'NONE', #2233, 1000.000000000000000 ) ;
#793 = ORIENTED_EDGE ( 'NONE', *, *, #2115, .F. ) ;
#794 = ORIENTED_EDGE ( 'NONE', *, *, #3105, .F. ) ;
#795 = SURFACE_STYLE_USAGE ( .BOTH. , #1849 ) ;
#796 = FILL_AREA_STYLE ('',( #2582 ) ) ;
#797 = AXIS2_PLACEMENT_3D ( 'NONE', #973, #4653, #1046 ) ;
#798 = SURFACE_SIDE_STYLE ('',( #2937 ) ) ;
#799 = AXIS2_PLACEMENT_3D ( 'NONE', #2947, #4400, #3695 ) ;
#800 = EDGE_LOOP ( 'NONE', ( #136, #2555, #4261, #1242 ) ) ;
#801 = CARTESIAN_POINT ( 'NONE',  ( 0.7499999999999997780, 2.683519999999998795, -2.741759999999999753 ) ) ;
#802 = PLANE ( 'NONE',  #3871 ) ;
#803 = CARTESIAN_POINT ( 'NONE',  ( 0.7499999999999997780, 0.000000000000000000, -2.741759999999999753 ) ) ;
#804 = VECTOR ( 'NONE', #3749, 1000.000000000000000 ) ;
#805 = DIRECTION ( 'NONE',  ( 0.000000000000000000, 0.000000000000000000, 1.000000000000000000 ) ) ;
#806 = PLANE ( 'NONE',  #5 ) ;
#807 = PLANE ( 'NONE',  #3139 ) ;
#808 = VECTOR ( 'NONE', #240, 1000.000000000000000 ) ;
#809 = ORIENTED_EDGE ( 'NONE', *, *, #2342, .T. ) ;
#810 = CARTESIAN_POINT ( 'NONE',  ( 0.7487394622637567609, 0.07107526839561317811, -2.720479066268221668 ) ) ;
#811 = ORIENTED_EDGE ( 'NONE', *, *, #3599, .T. ) ;
#812 = LINE ( 'NONE', #4383, #1175 ) ;
#813 = CIRCLE ( 'NONE', #3376, 0.05824000000000020133 ) ;
#814 = VECTOR ( 'NONE', #1573, 1000.000000000000000 ) ;
#815 = ORIENTED_EDGE ( 'NONE', *, *, #903, .T. ) ;
#816 = DIRECTION ( 'NONE',  ( -0.000000000000000000, -1.000000000000000000, 0.000000000000000000 ) ) ;
#817 =( LENGTH_UNIT ( ) NAMED_UNIT ( * ) SI_UNIT ( .MILLI., .METRE. ) );
#818 = FILL_AREA_STYLE_COLOUR ( '', #1091 ) ;
#819 = EDGE_CURVE ( 'NONE', #1981, #1283, #4617, .T. ) ;
#820 = EDGE_LOOP ( 'NONE', ( #3075, #1215, #2863, #2655 ) ) ;
#821 = CARTESIAN_POINT ( 'NONE',  ( 0.7499839779386354710, 2.698624854025656994, -2.740095827725958166 ) ) ;
#822 =( LENGTH_UNIT ( ) NAMED_UNIT ( * ) SI_UNIT ( .MILLI., .METRE. ) );
#823 = CARTESIAN_POINT ( 'NONE',  ( 1.865671948376557809, 2.746759999999999646, -2.005877581997301817 ) ) ;
#824 = ADVANCED_FACE ( 'NONE', ( #651 ), #1781, .F. ) ;
#825 = CARTESIAN_POINT ( 'NONE',  ( 1.944000000000006390, 2.746759999999999646, -1.429865641467908510 ) ) ;
#826 = CARTESIAN_POINT ( 'NONE',  ( 1.763380634530516300, 2.741759999999999753, -1.841313827505607126 ) ) ;
#827 = DIRECTION ( 'NONE',  ( -0.9610992334305258344, 0.000000000000000000, -0.2762033010288897361 ) ) ;
#828 = EDGE_CURVE ( 'NONE', #3548, #2892, #2162, .T. ) ;
#829 = AXIS2_PLACEMENT_3D ( 'NONE', #2169, #3999, #3245 ) ;
#830 = VERTEX_POINT ( 'NONE', #1464 ) ;
#831 = CARTESIAN_POINT ( 'NONE',  ( 2.908240000000000158, 0.05823999999999999316, -0.05823999999999999316 ) ) ;
#832 = ORIENTED_EDGE ( 'NONE', *, *, #2371, .T. ) ;
#833 = ORIENTED_EDGE ( 'NONE', *, *, #1316, .F. ) ;
#834 = ORIENTED_EDGE ( 'NONE', *, *, #4249, .T. ) ;
#835 = CARTESIAN_POINT ( 'NONE',  ( 2.852065858225357076, 2.723108021931857969, -2.726295775941022015 ) ) ;
#836 = SURFACE_STYLE_USAGE ( .BOTH. , #4077 ) ;
#837 = ORIENTED_EDGE ( 'NONE', *, *, #4167, .F. ) ;
#838 = PRESENTATION_LAYER_ASSIGNMENT (  '', '', ( #771 ) ) ;
#839 = DIRECTION ( 'NONE',  ( 5.943634068010692500E-14, 0.000000000000000000, -1.000000000000000000 ) ) ;
#840 = PLANE ( 'NONE',  #3271 ) ;
#841 = EDGE_CURVE ( 'NONE', #1766, #2839, #982, .T. ) ;
#842 = LINE ( 'NONE', #156, #1624 ) ;
#843 = CARTESIAN_POINT ( 'NONE',  ( 1.944000000000006390, 2.746759999999999646, -0.6208239129099735187 ) ) ;
#844 = DIRECTION ( 'NONE',  ( 0.000000000000000000, 1.000000000000000000, 0.000000000000000000 ) ) ;
#845 = SURFACE_STYLE_USAGE ( .BOTH. , #2643 ) ;
#846 = AXIS2_PLACEMENT_3D ( 'NONE', #556, #844, #534 ) ;
#847 = CARTESIAN_POINT ( 'NONE',  ( 1.611847357579664575, 2.746759999999999646, -2.199075594982799142 ) ) ;
#848 = COLOUR_RGB ( '',0.7686274509803920907, 0.7686274509803920907, 0.7686274509803920907 ) ;
#849 = CARTESIAN_POINT ( 'NONE',  ( 1.532369079381479704, 2.741759999999999753, -1.255601935242362188 ) ) ;
#850 = ORIENTED_EDGE ( 'NONE', *, *, #819, .T. ) ;
#851 = LINE ( 'NONE', #2293, #1452 ) ;
#852 = VERTEX_POINT ( 'NONE', #3188 ) ;
#853 = ORIENTED_EDGE ( 'NONE', *, *, #3132, .F. ) ;
#854 = ORIENTED_EDGE ( 'NONE', *, *, #1453, .T. ) ;
#855 =( NAMED_UNIT ( * ) PLANE_ANGLE_UNIT ( ) SI_UNIT ( $, .RADIAN. ) );
#856 = SURFACE_SIDE_STYLE ('',( #774 ) ) ;
#857 = AXIS2_PLACEMENT_3D ( 'NONE', #3946, #1755, #36 ) ;
#858 = STYLED_ITEM ( 'NONE', ( #1267 ), #2087 ) ;
#859 = ORIENTED_EDGE ( 'NONE', *, *, #340, .T. ) ;
#860 = CARTESIAN_POINT ( 'NONE',  ( 0.000000000000000000, 0.000000000000000000, -2.741759999999999753 ) ) ;
#861 = PLANE ( 'NONE',  #2284 ) ;
#862 = CARTESIAN_POINT ( 'NONE',  ( 0.6917600000000100335, 0.000000000000000000, 0.000000000000000000 ) ) ;
#863 = PRESENTATION_LAYER_ASSIGNMENT (  '', '', ( #4418 ) ) ;
#864 = EDGE_CURVE ( 'NONE', #3257, #1527, #1959, .T. ) ;
#865 = SURFACE_STYLE_FILL_AREA ( #2967 ) ;
#866 = LINE ( 'NONE', #843, #746 ) ;
#867 = DIRECTION ( 'NONE',  ( 0.000000000000000000, 0.000000000000000000, 1.000000000000000000 ) ) ;
#868 = FACE_OUTER_BOUND ( 'NONE', #4220, .T. ) ;
#869 = COLOUR_RGB ( '',0.7921568627450980005, 0.8196078431372548767, 0.9333333333333333481 ) ;
#870 = AXIS2_PLACEMENT_3D ( 'NONE', #4603, #591, #2011 ) ;
#871 = EDGE_CURVE ( 'NONE', #944, #3765, #2211, .T. ) ;
#872 = COLOUR_RGB ( '',0.7686274509803920907, 0.7686274509803920907, 0.7686274509803920907 ) ;
#873 = ORIENTED_EDGE ( 'NONE', *, *, #3679, .F. ) ;
#874 = SURFACE_STYLE_FILL_AREA ( #1977 ) ;
#875 = ORIENTED_EDGE ( 'NONE', *, *, #922, .F. ) ;
#876 = SPHERICAL_SURFACE ( 'NONE', #2741, 0.05823999999999999316 ) ;
#877 = VECTOR ( 'NONE', #368, 1000.000000000000000 ) ;
#878 = COLOUR_RGB ( '',0.7686274509803920907, 0.7686274509803920907, 0.7686274509803920907 ) ;
#879 = ADVANCED_FACE ( 'NONE', ( #1577 ), #2940, .F. ) ;
#880 = EDGE_LOOP ( 'NONE', ( #2670, #33, #2152, #1982, #1966, #1603, #3746, #1384, #2700, #3768, #4097, #12, #27, #1546, #3274, #3125, #1842 ) ) ;
#881 = VECTOR ( 'NONE', #2806, 1000.000000000000000 ) ;
#882 = ORIENTED_EDGE ( 'NONE', *, *, #3473, .T. ) ;
#883 = FILL_AREA_STYLE ('',( #3748 ) ) ;
#884 =( GEOMETRIC_REPRESENTATION_CONTEXT ( 3 ) GLOBAL_UNCERTAINTY_ASSIGNED_CONTEXT ( ( #1486 ) ) GLOBAL_UNIT_ASSIGNED_CONTEXT ( ( #1133, #4013, #1857 ) ) REPRESENTATION_CONTEXT ( 'NONE', 'WORKASPACE' ) );
#885 = CARTESIAN_POINT ( 'NONE',  ( 1.944000000000006390, 2.746759999999999646, -1.672652312619159698 ) ) ;
#886 =( GEOMETRIC_REPRESENTATION_CONTEXT ( 3 ) GLOBAL_UNCERTAINTY_ASSIGNED_CONTEXT ( ( #3088 ) ) GLOBAL_UNIT_ASSIGNED_CONTEXT ( ( #529, #4151, #1318 ) ) REPRESENTATION_CONTEXT ( 'NONE', 'WORKASPACE' ) );
#887 = ORIENTED_EDGE ( 'NONE', *, *, #1593, .T. ) ;
#888 = DIRECTION ( 'NONE',  ( 0.000000000000000000, -1.000000000000000000, 0.000000000000000000 ) ) ;
#889 =( NAMED_UNIT ( * ) PLANE_ANGLE_UNIT ( ) SI_UNIT ( $, .RADIAN. ) );
#890 = CARTESIAN_POINT ( 'NONE',  ( 2.908240000000000158, 0.000000000000000000, -2.741759999999999753 ) ) ;
#891 = DIRECTION ( 'NONE',  ( -0.9610348236706638403, 0.000000000000000000, -0.2764273280489756290 ) ) ;
#892 = LINE ( 'NONE', #2642, #3865 ) ;
#893 = CARTESIAN_POINT ( 'NONE',  ( 3.541759999999999575, 2.799999999999999822, -0.05823999999999999316 ) ) ;
#894 = EDGE_CURVE ( 'NONE', #2606, #1816, #3070, .T. ) ;
#895 = ORIENTED_EDGE ( 'NONE', *, *, #346, .F. ) ;
#896 = ORIENTED_EDGE ( 'NONE', *, *, #1121, .F. ) ;
#897 = ADVANCED_FACE ( 'NONE', ( #3687 ), #3307, .T. ) ;
#898 = FILL_AREA_STYLE_COLOUR ( '', #3428 ) ;
#899 = ORIENTED_EDGE ( 'NONE', *, *, #4643, .T. ) ;
#900 = EDGE_LOOP ( 'NONE', ( #2224, #3786, #4334, #3697 ) ) ;
#901 = DIRECTION ( 'NONE',  ( -0.000000000000000000, -0.000000000000000000, 1.000000000000000000 ) ) ;
#902 = FILL_AREA_STYLE ('',( #3460 ) ) ;
#903 = EDGE_CURVE ( 'NONE', #4192, #972, #1207, .T. ) ;
#904 = CARTESIAN_POINT ( 'NONE',  ( 1.611265360455781170, 2.746759999999999646, -2.073934948893989105 ) ) ;
#905 = ORIENTED_EDGE ( 'NONE', *, *, #1749, .F. ) ;
#906 = DIRECTION ( 'NONE',  ( 0.000000000000000000, 1.000000000000000000, 0.000000000000000000 ) ) ;
#907 = CARTESIAN_POINT ( 'NONE',  ( 1.532369079381479704, 2.746759999999999646, -1.430900981354680468 ) ) ;
#908 =( GEOMETRIC_REPRESENTATION_CONTEXT ( 3 ) GLOBAL_UNCERTAINTY_ASSIGNED_CONTEXT ( ( #2847 ) ) GLOBAL_UNIT_ASSIGNED_CONTEXT ( ( #3547, #1105, #2849 ) ) REPRESENTATION_CONTEXT ( 'NONE', 'WORKASPACE' ) );
#909 = CARTESIAN_POINT ( 'NONE',  ( 0.7500000000000000000, 0.05824000000000020133, -0.1164799999999999724 ) ) ;
#910 = FACE_OUTER_BOUND ( 'NONE', #1844, .T. ) ;
#911 =( GEOMETRIC_REPRESENTATION_CONTEXT ( 3 ) GLOBAL_UNCERTAINTY_ASSIGNED_CONTEXT ( ( #1992 ) ) GLOBAL_UNIT_ASSIGNED_CONTEXT ( ( #1355, #319, #4285 ) ) REPRESENTATION_CONTEXT ( 'NONE', 'WORKASPACE' ) );
#912 = CIRCLE ( 'NONE', #3947, 0.05823999999999999316 ) ;
#913 = SURFACE_STYLE_USAGE ( .BOTH. , #3423 ) ;
#914 = EDGE_LOOP ( 'NONE', ( #2759, #3509, #2362, #2292, #167, #4096, #2251, #2032, #1094, #1955, #834, #536, #2647, #2222, #3306, #3532, #4272, #4414, #975, #2249, #1122, #3876, #712 ) ) ;
#915 = LINE ( 'NONE', #2974, #1231 ) ;
#916 = ORIENTED_EDGE ( 'NONE', *, *, #3369, .F. ) ;
#917 = CARTESIAN_POINT ( 'NONE',  ( 0.7499999999999997780, 0.1164800000000001529, -2.741759999999999753 ) ) ;
#918 = MECHANICAL_DESIGN_GEOMETRIC_PRESENTATION_REPRESENTATION (  '', ( #1079 ), #3649 ) ;
#919 = ORIENTED_EDGE ( 'NONE', *, *, #1044, .T. ) ;
#920 = LINE ( 'NONE', #188, #4163 ) ;
#921 = ORIENTED_EDGE ( 'NONE', *, *, #2151, .F. ) ;
#922 = EDGE_CURVE ( 'NONE', #1127, #3365, #151, .T. ) ;
#923 = VECTOR ( 'NONE', #4486, 1000.000000000000000 ) ;
#924 = DIRECTION ( 'NONE',  ( -0.000000000000000000, -1.000000000000000000, 0.000000000000000000 ) ) ;
#925 = FACE_OUTER_BOUND ( 'NONE', #1801, .T. ) ;
#926 = EDGE_CURVE ( 'NONE', #1566, #944, #4348, .T. ) ;
#927 = ORIENTED_EDGE ( 'NONE', *, *, #3948, .F. ) ;
#928 = CARTESIAN_POINT ( 'NONE',  ( 1.944000000000006390, 2.746759999999999646, -1.518511938874666178 ) ) ;
#929 = FILL_AREA_STYLE ('',( #4176 ) ) ;
#930 = PRESENTATION_STYLE_ASSIGNMENT (( #1990 ) ) ;
#931 = CARTESIAN_POINT ( 'NONE',  ( 1.944000000000006390, 2.746759999999999646, -0.6208239129099735187 ) ) ;
#932 = EDGE_CURVE ( 'NONE', #2610, #1448, #1536, .T. ) ;
#933 = DIRECTION ( 'NONE',  ( 0.000000000000000000, 0.000000000000000000, -1.000000000000000000 ) ) ;
#934 = FACE_OUTER_BOUND ( 'NONE', #524, .T. ) ;
#935 = AXIS2_PLACEMENT_3D ( 'NONE', #4142, #540, #585 ) ;
#936 = VECTOR ( 'NONE', #2017, 1000.000000000000000 ) ;
#937 = CYLINDRICAL_SURFACE ( 'NONE', #3524, 0.05824000000000020133 ) ;
#938 = FILL_AREA_STYLE ('',( #4187 ) ) ;
#939 = VERTEX_POINT ( 'NONE', #3351 ) ;
#940 = FILL_AREA_STYLE_COLOUR ( '', #201 ) ;
#941 = STYLED_ITEM ( 'NONE', ( #2234 ), #2782 ) ;
#942 = ORIENTED_EDGE ( 'NONE', *, *, #3622, .F. ) ;
#943 = DIRECTION ( 'NONE',  ( -0.000000000000000000, 1.000000000000000000, -0.000000000000000000 ) ) ;
#944 = VERTEX_POINT ( 'NONE', #2588 ) ;
#945 = DIRECTION ( 'NONE',  ( 1.000000000000000000, 0.000000000000000000, 0.000000000000000000 ) ) ;
#946 = LINE ( 'NONE', #2391, #3425 ) ;
#947 = EDGE_CURVE ( 'NONE', #2280, #3579, #4037, .T. ) ;
#948 = SURFACE_STYLE_USAGE ( .BOTH. , #1673 ) ;
#949 = AXIS2_PLACEMENT_3D ( 'NONE', #2723, #3843, #4180 ) ;
#950 = STYLED_ITEM ( 'NONE', ( #3874 ), #404 ) ;
#951 = ORIENTED_EDGE ( 'NONE', *, *, #1794, .F. ) ;
#952 = CARTESIAN_POINT ( 'NONE',  ( 3.541759999999999575, 0.05823999999999999316, -2.741759999999999753 ) ) ;
#953 = CARTESIAN_POINT ( 'NONE',  ( 0.7500000000000000000, 0.05824000000000020133, -0.05824000000000020133 ) ) ;
#954 = DIRECTION ( 'NONE',  ( 1.000000000000000000, 0.000000000000000000, 0.000000000000000000 ) ) ;
#955 = EDGE_CURVE ( 'NONE', #1040, #1943, #3319, .T. ) ;
#956 = LINE ( 'NONE', #847, #3971 ) ;
#957 = UNCERTAINTY_MEASURE_WITH_UNIT (LENGTH_MEASURE( 1.000000000000000082E-05 ), #145, 'distance_accuracy_value', 'NONE');
#958 = CARTESIAN_POINT ( 'NONE',  ( 1.865671948376557809, 2.746759999999999646, -1.812111339561971679 ) ) ;
#959 = CARTESIAN_POINT ( 'NONE',  ( 1.532369079381479704, 2.746759999999999646, -1.741460643546117293 ) ) ;
#960 = CYLINDRICAL_SURFACE ( 'NONE', #182, 0.05823999999999999316 ) ;
#961 = DIRECTION ( 'NONE',  ( 0.9601763114327565019, 0.000000000000000000, 0.2793947940878392933 ) ) ;
#962 = EDGE_CURVE ( 'NONE', #2606, #3022, #237, .T. ) ;
#963 = EDGE_CURVE ( 'NONE', #636, #830, #450, .T. ) ;
#964 = CIRCLE ( 'NONE', #3241, 0.05824000000000020133 ) ;
#965 = PRESENTATION_STYLE_ASSIGNMENT (( #4215 ) ) ;
#966 = CARTESIAN_POINT ( 'NONE',  ( 0.7499956264635522230, 0.1073901237253752222, -0.05895372992004446755 ) ) ;
#967 = DIRECTION ( 'NONE',  ( 0.000000000000000000, 0.000000000000000000, -1.000000000000000000 ) ) ;
#968 = EDGE_CURVE ( 'NONE', #1937, #120, #595, .T. ) ;
#969 = CARTESIAN_POINT ( 'NONE',  ( 0.7499999999999997780, 0.000000000000000000, -0.05824000000000020133 ) ) ;
#970 = ORIENTED_EDGE ( 'NONE', *, *, #4181, .T. ) ;
#971 = FACE_OUTER_BOUND ( 'NONE', #4403, .T. ) ;
#972 = VERTEX_POINT ( 'NONE', #1655 ) ;
#973 = CARTESIAN_POINT ( 'NONE',  ( 2.908240000000000158, 0.05823999999999999316, 0.000000000000000000 ) ) ;
#974 = LINE ( 'NONE', #1964, #3601 ) ;
#975 = ORIENTED_EDGE ( 'NONE', *, *, #3416, .T. ) ;
#976 = FACE_OUTER_BOUND ( 'NONE', #166, .T. ) ;
#977 = PRESENTATION_STYLE_ASSIGNMENT (( #576 ) ) ;
#978 = DIRECTION ( 'NONE',  ( -0.000000000000000000, -1.000000000000000000, 0.000000000000000000 ) ) ;
#979 = DIRECTION ( 'NONE',  ( 0.000000000000000000, 0.000000000000000000, 1.000000000000000000 ) ) ;
#980 = EDGE_CURVE ( 'NONE', #3364, #1511, #3033, .T. ) ;
#981 =( NAMED_UNIT ( * ) SI_UNIT ( $, .STERADIAN. ) SOLID_ANGLE_UNIT ( ) );
#982 = LINE ( 'NONE', #4253, #4364 ) ;
#983 =( NAMED_UNIT ( * ) SI_UNIT ( $, .STERADIAN. ) SOLID_ANGLE_UNIT ( ) );
#984 =( GEOMETRIC_REPRESENTATION_CONTEXT ( 3 ) GLOBAL_UNCERTAINTY_ASSIGNED_CONTEXT ( ( #2375 ) ) GLOBAL_UNIT_ASSIGNED_CONTEXT ( ( #2387, #3199, #4262 ) ) REPRESENTATION_CONTEXT ( 'NONE', 'WORKASPACE' ) );
#985 = CARTESIAN_POINT ( 'NONE',  ( 1.944000000000006390, 2.741759999999999753, -1.518511938874666178 ) ) ;
#986 = PRESENTATION_LAYER_ASSIGNMENT (  '', '', ( #4319 ) ) ;
#987 = DIRECTION ( 'NONE',  ( -0.000000000000000000, 0.000000000000000000, 1.000000000000000000 ) ) ;
#988 =( GEOMETRIC_REPRESENTATION_CONTEXT ( 3 ) GLOBAL_UNCERTAINTY_ASSIGNED_CONTEXT ( ( #4565 ) ) GLOBAL_UNIT_ASSIGNED_CONTEXT ( ( #3801, #2357, #4232 ) ) REPRESENTATION_CONTEXT ( 'NONE', 'WORKASPACE' ) );
#989 = EDGE_LOOP ( 'NONE', ( #228, #3881, #3751, #4094 ) ) ;
#990 = DIRECTION ( 'NONE',  ( -1.000000000000000000, -0.000000000000000000, 0.000000000000000000 ) ) ;
#991 = VERTEX_POINT ( 'NONE', #1616 ) ;
#992 = PLANE ( 'NONE',  #2394 ) ;
#993 = CARTESIAN_POINT ( 'NONE',  ( 1.944000000000006390, 2.741759999999999753, -1.518511938874666178 ) ) ;
#994 =( GEOMETRIC_REPRESENTATION_CONTEXT ( 3 ) GLOBAL_UNCERTAINTY_ASSIGNED_CONTEXT ( ( #1656 ) ) GLOBAL_UNIT_ASSIGNED_CONTEXT ( ( #817, #3010, #3300 ) ) REPRESENTATION_CONTEXT ( 'NONE', 'WORKASPACE' ) );
#995 = VERTEX_POINT ( 'NONE', #1988 ) ;
#996 = SURFACE_SIDE_STYLE ('',( #1412 ) ) ;
#997 = SURFACE_STYLE_USAGE ( .BOTH. , #256 ) ;
#998 = LINE ( 'NONE', #3254, #1240 ) ;
#999 =( LENGTH_UNIT ( ) NAMED_UNIT ( * ) SI_UNIT ( .MILLI., .METRE. ) );
#1000 = UNCERTAINTY_MEASURE_WITH_UNIT (LENGTH_MEASURE( 1.000000000000000082E-05 ), #2380, 'distance_accuracy_value', 'NONE');
#1001 =( NAMED_UNIT ( * ) SI_UNIT ( $, .STERADIAN. ) SOLID_ANGLE_UNIT ( ) );
#1002 = MANIFOLD_SOLID_BREP ( 'Scale1[2]', #4000 ) ;
#1003 = FILL_AREA_STYLE ('',( #624 ) ) ;
#1004 = MECHANICAL_DESIGN_GEOMETRIC_PRESENTATION_REPRESENTATION (  '', ( #4571 ), #3422 ) ;
#1005 = VERTEX_POINT ( 'NONE', #3752 ) ;
#1006 = DIRECTION ( 'NONE',  ( 3.723221746172735870E-15, -1.000000000000000000, 0.000000000000000000 ) ) ;
#1007 = CARTESIAN_POINT ( 'NONE',  ( 0.6917600000000000415, 2.741759999999999753, -0.05823999999999999316 ) ) ;
#1008 = SPHERICAL_SURFACE ( 'NONE', #2591, 0.05823999999999999316 ) ;
#1009 = EDGE_CURVE ( 'NONE', #3320, #4407, #2328, .T. ) ;
#1010 = CARTESIAN_POINT ( 'NONE',  ( 2.849971806316264011, 0.05934521978077482440, -2.696529121468274504 ) ) ;
#1011 = LINE ( 'NONE', #3193, #4473 ) ;
#1012 = AXIS2_PLACEMENT_3D ( 'NONE', #755, #1124, #425 ) ;
#1013 = DIRECTION ( 'NONE',  ( 3.723221746172735870E-15, 1.000000000000000000, 0.000000000000000000 ) ) ;
#1014 = PRESENTATION_STYLE_ASSIGNMENT (( #4258 ) ) ;
#1015 = EDGE_CURVE ( 'NONE', #2789, #1331, #1968, .T. ) ;
#1016 = STYLED_ITEM ( 'NONE', ( #1090 ), #2526 ) ;
#1017 = EDGE_LOOP ( 'NONE', ( #3294, #92, #3880, #528, #387, #1106 ) ) ;
#1018 = PRESENTATION_STYLE_ASSIGNMENT (( #2812 ) ) ;
#1019 = VERTEX_POINT ( 'NONE', #4517 ) ;
#1020 = CARTESIAN_POINT ( 'NONE',  ( 2.850000000000000089, 0.05824000000000020133, -2.741759999999999753 ) ) ;
#1021 = EDGE_CURVE ( 'NONE', #1780, #3501, #1948, .T. ) ;
#1022 = VECTOR ( 'NONE', #2215, 1000.000000000000000 ) ;
#1023 = ORIENTED_EDGE ( 'NONE', *, *, #206, .T. ) ;
#1024 = CARTESIAN_POINT ( 'NONE',  ( 3.541759999999999575, 2.741759999999999753, -0.05823999999999999316 ) ) ;
#1025 =( LENGTH_UNIT ( ) NAMED_UNIT ( * ) SI_UNIT ( .MILLI., .METRE. ) );
#1026 = PLANE ( 'NONE',  #1560 ) ;
#1027 = EDGE_CURVE ( 'NONE', #1379, #1145, #3837, .T. ) ;
#1028 = CIRCLE ( 'NONE', #1415, 0.05824000000000020133 ) ;
#1029 = LINE ( 'NONE', #1657, #4129 ) ;
#1030 = FACE_OUTER_BOUND ( 'NONE', #1480, .T. ) ;
#1031 = ORIENTED_EDGE ( 'NONE', *, *, #4281, .T. ) ;
#1032 = CARTESIAN_POINT ( 'NONE',  ( -0.8184128072525136410, 2.741759999999998865, 0.006335664914779973525 ) ) ;
#1033 = CARTESIAN_POINT ( 'NONE',  ( 1.944000000000006390, 2.741759999999999753, -1.320128519256672073 ) ) ;
#1034 = CARTESIAN_POINT ( 'NONE',  ( 2.850004373536457969, 0.1073901237253750696, -2.741046270079955605 ) ) ;
#1035 = VECTOR ( 'NONE', #2963, 1000.000000000000000 ) ;
#1036 = CARTESIAN_POINT ( 'NONE',  ( 1.865671948376557809, 2.746759999999999646, -1.812111339561971679 ) ) ;
#1037 = AXIS2_PLACEMENT_3D ( 'NONE', #2790, #2158, #3914 ) ;
#1038 = SURFACE_STYLE_FILL_AREA ( #1442 ) ;
#1039 = EDGE_CURVE ( 'NONE', #1780, #3727, #2320, .T. ) ;
#1040 = VERTEX_POINT ( 'NONE', #218 ) ;
#1041 = DIRECTION ( 'NONE',  ( -0.2762033010288897361, 0.000000000000000000, 0.9610992334305259455 ) ) ;
#1042 = VECTOR ( 'NONE', #1930, 1000.000000000000000 ) ;
#1043 = ORIENTED_EDGE ( 'NONE', *, *, #1015, .F. ) ;
#1044 = EDGE_CURVE ( 'NONE', #4159, #1527, #3085, .T. ) ;
#1045 = VERTEX_POINT ( 'NONE', #2718 ) ;
#1046 = DIRECTION ( 'NONE',  ( -1.000000000000000000, 0.000000000000000000, 0.000000000000000000 ) ) ;
#1047 = SURFACE_STYLE_USAGE ( .BOTH. , #4605 ) ;
#1048 = VERTEX_POINT ( 'NONE', #2743 ) ;
#1049 = FILL_AREA_STYLE_COLOUR ( '', #2010 ) ;
#1050 = LINE ( 'NONE', #1129, #1906 ) ;
#1051 = DIRECTION ( 'NONE',  ( -0.6995643972270459976, 0.000000000000000000, -0.7145695586381775044 ) ) ;
#1052 = DIRECTION ( 'NONE',  ( 0.000000000000000000, 1.000000000000000000, 0.000000000000000000 ) ) ;
#1053 = UNCERTAINTY_MEASURE_WITH_UNIT (LENGTH_MEASURE( 1.000000000000000082E-05 ), #4389, 'distance_accuracy_value', 'NONE');
#1054 = DIRECTION ( 'NONE',  ( -0.000000000000000000, -1.000000000000000000, 0.000000000000000000 ) ) ;
#1055 = CIRCLE ( 'NONE', #469, 0.05823999999999999316 ) ;
#1056 = CARTESIAN_POINT ( 'NONE',  ( 1.532369079381479704, 2.741759999999999753, -1.741460643546117293 ) ) ;
#1057 = EDGE_LOOP ( 'NONE', ( #3836, #1911, #3198, #1097 ) ) ;
#1058 = PLANE ( 'NONE',  #73 ) ;
#1059 = DIRECTION ( 'NONE',  ( 0.9610853065513847993, 0.000000000000000000, 0.2762517575166369976 ) ) ;
#1060 = CARTESIAN_POINT ( 'NONE',  ( 2.849999999999907274, 0.1134407149924399061, -2.741760000000005526 ) ) ;
#1061 = FACE_OUTER_BOUND ( 'NONE', #1168, .T. ) ;
#1062 = CARTESIAN_POINT ( 'NONE',  ( 3.541759999999999575, 0.000000000000000000, -2.741759999999999753 ) ) ;
#1063 = SPHERICAL_SURFACE ( 'NONE', #1285, 0.05823999999999999316 ) ;
#1064 = CARTESIAN_POINT ( 'NONE',  ( 1.865671948376557809, 2.746759999999999646, -2.005877581997301817 ) ) ;
#1065 = COLOUR_RGB ( '',0.7686274509803920907, 0.7686274509803920907, 0.7686274509803920907 ) ;
#1066 = ORIENTED_EDGE ( 'NONE', *, *, #4287, .T. ) ;
#1067 = CARTESIAN_POINT ( 'NONE',  ( 1.944000000000006390, 2.746759999999999646, -1.320128519256672073 ) ) ;
#1068 = ORIENTED_EDGE ( 'NONE', *, *, #2943, .F. ) ;
#1069 = DIRECTION ( 'NONE',  ( 3.723221746172750069E-15, -1.000000000000000000, 0.000000000000000000 ) ) ;
#1070 =( LENGTH_UNIT ( ) NAMED_UNIT ( * ) SI_UNIT ( .MILLI., .METRE. ) );
#1071 = COLOUR_RGB ( '',0.7686274509803920907, 0.7686274509803920907, 0.7686274509803920907 ) ;
#1072 = ORIENTED_EDGE ( 'NONE', *, *, #2578, .T. ) ;
#1073 = ORIENTED_EDGE ( 'NONE', *, *, #2142, .F. ) ;
#1074 = VECTOR ( 'NONE', #2751, 999.9999999999998863 ) ;
#1075 =( LENGTH_UNIT ( ) NAMED_UNIT ( * ) SI_UNIT ( .MILLI., .METRE. ) );
#1076 = LINE ( 'NONE', #1705, #2138 ) ;
#1077 = CARTESIAN_POINT ( 'NONE',  ( 3.541759999999999575, 0.05823999999999999316, 0.000000000000000000 ) ) ;
#1078 = EDGE_CURVE ( 'NONE', #3548, #2430, #4175, .T. ) ;
#1079 = STYLED_ITEM ( 'NONE', ( #1809 ), #4265 ) ;
#1080 = SURFACE_STYLE_USAGE ( .BOTH. , #696 ) ;
#1081 = ORIENTED_EDGE ( 'NONE', *, *, #287, .T. ) ;
#1082 = DIRECTION ( 'NONE',  ( -0.8843386665637650301, 0.000000000000000000, -0.4668459304955137057 ) ) ;
#1083 = LINE ( 'NONE', #2119, #115 ) ;
#1084 = CARTESIAN_POINT ( 'NONE',  ( 0.7499106531603719761, 0.09736921794456614154, -2.738535230702321854 ) ) ;
#1085 = MECHANICAL_DESIGN_GEOMETRIC_PRESENTATION_REPRESENTATION (  '', ( #1540 ), #994 ) ;
#1086 = CARTESIAN_POINT ( 'NONE',  ( 0.7499999999999997780, 2.683519999999999683, -2.741759999999999753 ) ) ;
#1087 = DIRECTION ( 'NONE',  ( 0.000000000000000000, 0.000000000000000000, 1.000000000000000000 ) ) ;
#1088 = DIRECTION ( 'NONE',  ( 1.000000000000000000, 0.000000000000000000, 0.000000000000000000 ) ) ;
#1089 = CARTESIAN_POINT ( 'NONE',  ( 1.944000000000006390, 2.746759999999999646, -1.672652312619159698 ) ) ;
#1090 = PRESENTATION_STYLE_ASSIGNMENT (( #2904 ) ) ;
#1091 = COLOUR_RGB ( '',0.7686274509803920907, 0.7686274509803920907, 0.7686274509803920907 ) ;
#1092 = ORIENTED_EDGE ( 'NONE', *, *, #3766, .F. ) ;
#1093 = CARTESIAN_POINT ( 'NONE',  ( 0.7500000000001028067, 0.05823999999999502492, -2.686559285007560582 ) ) ;
#1094 = ORIENTED_EDGE ( 'NONE', *, *, #3561, .T. ) ;
#1095 = MECHANICAL_DESIGN_GEOMETRIC_PRESENTATION_REPRESENTATION (  '', ( #130 ), #3360 ) ;
#1096 = CIRCLE ( 'NONE', #276, 0.05823999999999999316 ) ;
#1097 = ORIENTED_EDGE ( 'NONE', *, *, #3452, .T. ) ;
#1098 =( NAMED_UNIT ( * ) PLANE_ANGLE_UNIT ( ) SI_UNIT ( $, .RADIAN. ) );
#1099 = FILL_AREA_STYLE ('',( #303 ) ) ;
#1100 = EDGE_CURVE ( 'NONE', #96, #3385, #2374, .T. ) ;
#1101 = PLANE ( 'NONE',  #47 ) ;
#1102 = DIRECTION ( 'NONE',  ( 0.9612861490927337993, 0.000000000000000000, 0.2755520632520512270 ) ) ;
#1103 = UNCERTAINTY_MEASURE_WITH_UNIT (LENGTH_MEASURE( 1.000000000000000082E-05 ), #2057, 'distance_accuracy_value', 'NONE');
#1104 = COLOUR_RGB ( '',0.7686274509803920907, 0.7686274509803920907, 0.7686274509803920907 ) ;
#1105 =( NAMED_UNIT ( * ) PLANE_ANGLE_UNIT ( ) SI_UNIT ( $, .RADIAN. ) );
#1106 = ORIENTED_EDGE ( 'NONE', *, *, #4213, .F. ) ;
#1107 = CARTESIAN_POINT ( 'NONE',  ( 0.7500000000000000000, 0.1164800000000001806, -2.683520000000000127 ) ) ;
#1108 = EDGE_CURVE ( 'NONE', #630, #1694, #2302, .T. ) ;
#1109 =( NAMED_UNIT ( * ) PLANE_ANGLE_UNIT ( ) SI_UNIT ( $, .RADIAN. ) );
#1110 = VECTOR ( 'NONE', #2309, 1000.000000000000000 ) ;
#1111 = PRESENTATION_STYLE_ASSIGNMENT (( #3922 ) ) ;
#1112 = LINE ( 'NONE', #370, #640 ) ;
#1113 = AXIS2_PLACEMENT_3D ( 'NONE', #2801, #1006, #34 ) ;
#1114 = CARTESIAN_POINT ( 'NONE',  ( 0.7479341417746430132, 2.726295775941021571, -2.723108021931858413 ) ) ;
#1115 = EDGE_CURVE ( 'NONE', #2850, #3854, #4658, .T. ) ;
#1116 = DIRECTION ( 'NONE',  ( 0.000000000000000000, 0.000000000000000000, 1.000000000000000000 ) ) ;
#1117 = FACE_OUTER_BOUND ( 'NONE', #4125, .T. ) ;
#1118 = STYLED_ITEM ( 'NONE', ( #173 ), #1002 ) ;
#1119 = ORIENTED_EDGE ( 'NONE', *, *, #4620, .T. ) ;
#1120 = CARTESIAN_POINT ( 'NONE',  ( 0.6917599999999998195, 2.799999999999999822, -0.05824000000000020133 ) ) ;
#1121 = EDGE_CURVE ( 'NONE', #1566, #3101, #714, .T. ) ;
#1122 = ORIENTED_EDGE ( 'NONE', *, *, #775, .T. ) ;
#1123 = B_SPLINE_CURVE_WITH_KNOTS ( 'NONE', 3,
 ( #645, #1340, #1703, #3160, #1361, #3888, #2486, #4386, #835, #4340 ),
 .UNSPECIFIED., .F., .F.,
 ( 4, 3, 3, 4 ),
 ( 8.673617379884035472E-19, 1.938115349126057782E-05, 3.880233050466105925E-05, 4.563224590952841676E-05 ),
 .UNSPECIFIED. ) ;
#1124 = DIRECTION ( 'NONE',  ( 0.3829140317376987235, 0.000000000000000000, 0.9237839814038673047 ) ) ;
#1125 = COLOUR_RGB ( '',0.7686274509803920907, 0.7686274509803920907, 0.7686274509803920907 ) ;
#1126 = ADVANCED_BREP_SHAPE_REPRESENTATION ( 'CCS_CCSTD_1210_L3.6W2.8T2.8B0.5', ( #2572, #2617, #1002, #4081, #3349 ), #2359 ) ;
#1127 = VERTEX_POINT ( 'NONE', #3586 ) ;
#1128 = DIRECTION ( 'NONE',  ( -3.723221746172735870E-15, 0.000000000000000000, -1.000000000000000000 ) ) ;
#1129 = CARTESIAN_POINT ( 'NONE',  ( 1.944000000000006390, 2.746759999999999646, -0.7919942905095858077 ) ) ;
#1130 = PRESENTATION_STYLE_ASSIGNMENT (( #1485 ) ) ;
#1131 = DIRECTION ( 'NONE',  ( 0.7083077534944018927, 0.000000000000000000, 0.7059037656364454127 ) ) ;
#1132 = EDGE_LOOP ( 'NONE', ( #3103, #896, #1798, #3007 ) ) ;
#1133 =( LENGTH_UNIT ( ) NAMED_UNIT ( * ) SI_UNIT ( .MILLI., .METRE. ) );
#1134 = CARTESIAN_POINT ( 'NONE',  ( 0.7500000000000928146, 2.741760000000005082, -0.1134407149924398645 ) ) ;
#1135 = PRODUCT ( 'CCS_CCSTD_1210_L3.6W2.8T2.8B0.5', 'CCS_CCSTD_1210_L3.6W2.8T2.8B0.5', '', ( #213 ) ) ;
#1136 = CARTESIAN_POINT ( 'NONE',  ( 2.850016022061364840, 0.05990417227404230827, -0.1013751459743423705 ) ) ;
#1137 = ADVANCED_FACE ( 'NONE', ( #2089 ), #735, .F. ) ;
#1138 = FILL_AREA_STYLE_COLOUR ( '', #1333 ) ;
#1139 =( LENGTH_UNIT ( ) NAMED_UNIT ( * ) SI_UNIT ( .MILLI., .METRE. ) );
#1140 = DIRECTION ( 'NONE',  ( 0.000000000000000000, 0.000000000000000000, 1.000000000000000000 ) ) ;
#1141 = FILL_AREA_STYLE ('',( #2147 ) ) ;
#1142 = ADVANCED_FACE ( 'NONE', ( #976 ), #354, .F. ) ;
#1143 = EDGE_LOOP ( 'NONE', ( #772, #1802, #347 ) ) ;
#1144 = CARTESIAN_POINT ( 'NONE',  ( 3.600000000000000089, 0.000000000000000000, -0.05823999999999999316 ) ) ;
#1145 = VERTEX_POINT ( 'NONE', #326 ) ;
#1146 = DIRECTION ( 'NONE',  ( -0.9237839814038673047, 0.000000000000000000, 0.3829140317376986680 ) ) ;
#1147 = VECTOR ( 'NONE', #3853, 1000.000000000000000 ) ;
#1148 = EDGE_LOOP ( 'NONE', ( #449, #684, #3558 ) ) ;
#1149 = PLANE ( 'NONE',  #2763 ) ;
#1150 = CARTESIAN_POINT ( 'NONE',  ( 1.707904418361210430, 2.741759999999999753, -0.5351839751692804015 ) ) ;
#1151 =( LENGTH_UNIT ( ) NAMED_UNIT ( * ) SI_UNIT ( .MILLI., .METRE. ) );
#1152 = CIRCLE ( 'NONE', #773, 0.05823999999999999316 ) ;
#1153 = DIRECTION ( 'NONE',  ( 0.000000000000000000, 0.000000000000000000, -1.000000000000000000 ) ) ;
#1154 = UNCERTAINTY_MEASURE_WITH_UNIT (LENGTH_MEASURE( 1.000000000000000082E-05 ), #1829, 'distance_accuracy_value', 'NONE');
#1155 = AXIS2_PLACEMENT_3D ( 'NONE', #3379, #1582, #2264 ) ;
#1156 = CARTESIAN_POINT ( 'NONE',  ( 3.541759999999999575, 2.741759999999999753, -2.741759999999999753 ) ) ;
#1157 = EDGE_LOOP ( 'NONE', ( #1899, #4120, #2708, #1031 ) ) ;
#1158 = FACE_OUTER_BOUND ( 'NONE', #4502, .T. ) ;
#1159 = CARTESIAN_POINT ( 'NONE',  ( 1.687284197684115750, 2.741759999999999753, -1.159145611914445873 ) ) ;
#1160 = VECTOR ( 'NONE', #1996, 1000.000000000000114 ) ;
#1161 =( NAMED_UNIT ( * ) SI_UNIT ( $, .STERADIAN. ) SOLID_ANGLE_UNIT ( ) );
#1162 = CARTESIAN_POINT ( 'NONE',  ( 2.908240000000000158, 0.05823999999999999316, -2.741759999999999753 ) ) ;
#1163 = DIRECTION ( 'NONE',  ( 0.000000000000000000, 1.000000000000000000, 0.000000000000000000 ) ) ;
#1164 = ADVANCED_FACE ( 'NONE', ( #1434 ), #4607, .T. ) ;
#1165 =( LENGTH_UNIT ( ) NAMED_UNIT ( * ) SI_UNIT ( .MILLI., .METRE. ) );
#1166 = VERTEX_POINT ( 'NONE', #4587 ) ;
#1167 = CARTESIAN_POINT ( 'NONE',  ( 1.944000000000006390, 2.746759999999999646, -1.672652312619159698 ) ) ;
#1168 = EDGE_LOOP ( 'NONE', ( #3176, #3282, #916, #2156 ) ) ;
#1169 = EDGE_CURVE ( 'NONE', #4336, #3249, #4365, .T. ) ;
#1170 =( LENGTH_UNIT ( ) NAMED_UNIT ( * ) SI_UNIT ( .MILLI., .METRE. ) );
#1171 =( GEOMETRIC_REPRESENTATION_CONTEXT ( 3 ) GLOBAL_UNCERTAINTY_ASSIGNED_CONTEXT ( ( #2421 ) ) GLOBAL_UNIT_ASSIGNED_CONTEXT ( ( #1151, #2275, #2608 ) ) REPRESENTATION_CONTEXT ( 'NONE', 'WORKASPACE' ) );
#1172 = VERTEX_POINT ( 'NONE', #3861 ) ;
#1173 = ORIENTED_EDGE ( 'NONE', *, *, #2456, .T. ) ;
#1174 = LINE ( 'NONE', #384, #2545 ) ;
#1175 = VECTOR ( 'NONE', #1146, 1000.000000000000000 ) ;
#1176 = EDGE_CURVE ( 'NONE', #2531, #1040, #1123, .T. ) ;
#1177 = FILL_AREA_STYLE ('',( #1875 ) ) ;
#1178 =( NAMED_UNIT ( * ) PLANE_ANGLE_UNIT ( ) SI_UNIT ( $, .RADIAN. ) );
#1179 = VERTEX_POINT ( 'NONE', #3658 ) ;
#1180 = CARTESIAN_POINT ( 'NONE',  ( 0.7499956264635423420, 2.692609876274623559, -2.741046270079955605 ) ) ;
#1181 = FACE_OUTER_BOUND ( 'NONE', #900, .T. ) ;
#1182 = ADVANCED_FACE ( 'NONE', ( #2558 ), #76, .T. ) ;
#1183 = VECTOR ( 'NONE', #4148, 1000.000000000000000 ) ;
#1184 = FACE_OUTER_BOUND ( 'NONE', #6, .T. ) ;
#1185 = CARTESIAN_POINT ( 'NONE',  ( 1.943999999999999506, 2.741759999999999753, -0.3499999999999999778 ) ) ;
#1186 = AXIS2_PLACEMENT_3D ( 'NONE', #2437, #3884, #322 ) ;
#1187 = FILL_AREA_STYLE_COLOUR ( '', #2992 ) ;
#1188 = DIRECTION ( 'NONE',  ( -0.000000000000000000, -1.000000000000000000, 0.000000000000000000 ) ) ;
#1189 = CYLINDRICAL_SURFACE ( 'NONE', #4448, 0.05824000000000020133 ) ;
#1190 = PLANE ( 'NONE',  #4656 ) ;
#1191 = COLOUR_RGB ( '',0.7686274509803920907, 0.7686274509803920907, 0.7686274509803920907 ) ;
#1192 = STYLED_ITEM ( 'NONE', ( #3470 ), #622 ) ;
#1193 = ORIENTED_EDGE ( 'NONE', *, *, #4256, .F. ) ;
#1194 = ORIENTED_EDGE ( 'NONE', *, *, #841, .F. ) ;
#1195 = FILL_AREA_STYLE ('',( #4428 ) ) ;
#1196 = PRESENTATION_LAYER_ASSIGNMENT (  '', '', ( #1118 ) ) ;
#1197 = EDGE_CURVE ( 'NONE', #318, #470, #2177, .T. ) ;
#1198 = VERTEX_POINT ( 'NONE', #4367 ) ;
#1199 = COLOUR_RGB ( '',0.7686274509803920907, 0.7686274509803920907, 0.7686274509803920907 ) ;
#1200 = ORIENTED_EDGE ( 'NONE', *, *, #1467, .T. ) ;
#1201 = SURFACE_STYLE_FILL_AREA ( #3321 ) ;
#1202 = LINE ( 'NONE', #123, #3197 ) ;
#1203 = FILL_AREA_STYLE ('',( #818 ) ) ;
#1204 = FACE_OUTER_BOUND ( 'NONE', #378, .T. ) ;
#1205 = STYLED_ITEM ( 'NONE', ( #653 ), #1617 ) ;
#1206 = ORIENTED_EDGE ( 'NONE', *, *, #1818, .T. ) ;
#1207 = LINE ( 'NONE', #480, #1496 ) ;
#1208 = CARTESIAN_POINT ( 'NONE',  ( 1.611847357580686646, 2.741759999999999753, -2.316306086614288606 ) ) ;
#1209 = CARTESIAN_POINT ( 'NONE',  ( 1.865671948376557809, 2.746759999999999646, -2.005877581997301817 ) ) ;
#1210 = UNCERTAINTY_MEASURE_WITH_UNIT (LENGTH_MEASURE( 1.000000000000000082E-05 ), #2899, 'distance_accuracy_value', 'NONE');
#1211 = DIRECTION ( 'NONE',  ( -0.000000000000000000, -0.000000000000000000, -1.000000000000000000 ) ) ;
#1212 = CARTESIAN_POINT ( 'NONE',  ( 1.826443497879789213, 2.746759999999999646, -1.415070833206682366 ) ) ;
#1213 = FILL_AREA_STYLE ('',( #785 ) ) ;
#1214 = COLOUR_RGB ( '',0.7686274509803920907, 0.7686274509803920907, 0.7686274509803920907 ) ;
#1215 = ORIENTED_EDGE ( 'NONE', *, *, #287, .F. ) ;
#1216 = DIRECTION ( 'NONE',  ( -0.000000000000000000, -1.000000000000000000, 0.000000000000000000 ) ) ;
#1217 = ORIENTED_EDGE ( 'NONE', *, *, #3071, .T. ) ;
#1218 =( BOUNDED_CURVE ( )  B_SPLINE_CURVE ( 3, ( #2653, #3388, #2959, #1574 ),
 .UNSPECIFIED., .F., .T. ) 
 B_SPLINE_CURVE_WITH_KNOTS ( ( 4, 4 ),
 ( 4.712388980384691450, 5.009640341705899225 ),
 .UNSPECIFIED. ) 
 CURVE ( )  GEOMETRIC_REPRESENTATION_ITEM ( )  RATIONAL_B_SPLINE_CURVE ( ( 1.000000000000000000, 0.9926503465430337458, 0.9926503465430337458, 1.000000000000000000 ) ) 
 REPRESENTATION_ITEM ( '' )  );
#1219 = ORIENTED_EDGE ( 'NONE', *, *, #2192, .T. ) ;
#1220 = ORIENTED_EDGE ( 'NONE', *, *, #2771, .T. ) ;
#1221 =( NAMED_UNIT ( * ) SI_UNIT ( $, .STERADIAN. ) SOLID_ANGLE_UNIT ( ) );
#1222 = PRESENTATION_STYLE_ASSIGNMENT (( #836 ) ) ;
#1223 = ADVANCED_FACE ( 'NONE', ( #3635 ), #1149, .F. ) ;
#1224 = FILL_AREA_STYLE_COLOUR ( '', #872 ) ;
#1225 = AXIS2_PLACEMENT_3D ( 'NONE', #778, #3905, #2785 ) ;
#1226 = EDGE_CURVE ( 'NONE', #421, #4024, #4030, .T. ) ;
#1227 = VERTEX_POINT ( 'NONE', #2231 ) ;
#1228 = CARTESIAN_POINT ( 'NONE',  ( 2.849999999999907274, 2.741760000000005082, -2.686559285007560138 ) ) ;
#1229 = FACE_OUTER_BOUND ( 'NONE', #4454, .T. ) ;
#1230 = CARTESIAN_POINT ( 'NONE',  ( 0.6917600000000098115, 0.05823999999999999316, -2.799999999999999822 ) ) ;
#1231 = VECTOR ( 'NONE', #2780, 1000.000000000000000 ) ;
#1232 = FILL_AREA_STYLE_COLOUR ( '', #285 ) ;
#1233 = LINE ( 'NONE', #415, #3152 ) ;
#1234 = FILL_AREA_STYLE ('',( #4471 ) ) ;
#1235 =( NAMED_UNIT ( * ) PLANE_ANGLE_UNIT ( ) SI_UNIT ( $, .RADIAN. ) );
#1236 = VECTOR ( 'NONE', #2167, 1000.000000000000000 ) ;
#1237 = AXIS2_PLACEMENT_3D ( 'NONE', #1250, #2988, #3773 ) ;
#1238 = ORIENTED_EDGE ( 'NONE', *, *, #3048, .F. ) ;
#1239 = ORIENTED_EDGE ( 'NONE', *, *, #2496, .F. ) ;
#1240 = VECTOR ( 'NONE', #4315, 1000.000000000000000 ) ;
#1241 = EDGE_LOOP ( 'NONE', ( #3562, #2880, #1368, #472 ) ) ;
#1242 = ORIENTED_EDGE ( 'NONE', *, *, #4492, .T. ) ;
#1243 = B_SPLINE_CURVE_WITH_KNOTS ( 'NONE', 3,
 ( #742, #1858, #699, #1465, #3620, #2828, #723, #4300, #1134, #2894 ),
 .UNSPECIFIED., .F., .F.,
 ( 4, 3, 3, 4 ),
 ( 0.000000000000000000, 1.833143621111569169E-05, 3.656618479249281280E-05, 4.558081643555574541E-05 ),
 .UNSPECIFIED. ) ;
#1244 = CARTESIAN_POINT ( 'NONE',  ( 3.600000000000000089, 2.741759999999999753, -0.05823999999999999316 ) ) ;
#1245 = PRESENTATION_STYLE_ASSIGNMENT (( #570 ) ) ;
#1246 = DIRECTION ( 'NONE',  ( 0.004650693823668813724, 0.000000000000000000, -0.9999891854650021505 ) ) ;
#1247 = STYLED_ITEM ( 'NONE', ( #1245 ), #2098 ) ;
#1248 = VERTEX_POINT ( 'NONE', #454 ) ;
#1249 = CARTESIAN_POINT ( 'NONE',  ( 0.05824000000000020133, 2.799999999999999822, 0.000000000000000000 ) ) ;
#1250 = CARTESIAN_POINT ( 'NONE',  ( 1.944000000000006390, 2.746759999999999646, -1.518511938874666178 ) ) ;
#1251 = EDGE_CURVE ( 'NONE', #1198, #3953, #403, .T. ) ;
#1252 = SURFACE_STYLE_USAGE ( .BOTH. , #3038 ) ;
#1253 = CARTESIAN_POINT ( 'NONE',  ( 1.532369079381479704, 2.746759999999999646, -1.791051805255976292 ) ) ;
#1254 =( LENGTH_UNIT ( ) NAMED_UNIT ( * ) SI_UNIT ( .MILLI., .METRE. ) );
#1255 = CARTESIAN_POINT ( 'NONE',  ( 2.908240000000000158, 0.05823999999999999316, 0.000000000000000000 ) ) ;
#1256 =( GEOMETRIC_REPRESENTATION_CONTEXT ( 3 ) GLOBAL_UNCERTAINTY_ASSIGNED_CONTEXT ( ( #4661 ) ) GLOBAL_UNIT_ASSIGNED_CONTEXT ( ( #2399, #160, #2721 ) ) REPRESENTATION_CONTEXT ( 'NONE', 'WORKASPACE' ) );
#1257 = CYLINDRICAL_SURFACE ( 'NONE', #4124, 0.05823999999999998622 ) ;
#1258 = EDGE_LOOP ( 'NONE', ( #559, #205, #2480, #2574, #548, #3338 ) ) ;
#1259 = DIRECTION ( 'NONE',  ( 0.8958676361826827250, 0.000000000000000000, 0.4443210308329466618 ) ) ;
#1260 = EDGE_LOOP ( 'NONE', ( #3741, #185, #2599 ) ) ;
#1261 = FACE_OUTER_BOUND ( 'NONE', #1743, .T. ) ;
#1262 = EDGE_CURVE ( 'NONE', #3501, #1729, #1346, .T. ) ;
#1263 = EDGE_LOOP ( 'NONE', ( #2125, #4508, #209 ) ) ;
#1264 = LINE ( 'NONE', #542, #4551 ) ;
#1265 = ORIENTED_EDGE ( 'NONE', *, *, #2836, .F. ) ;
#1266 = DIRECTION ( 'NONE',  ( -0.9610876102172832836, 0.000000000000000000, -0.2762437428917279281 ) ) ;
#1267 = PRESENTATION_STYLE_ASSIGNMENT (( #2346 ) ) ;
#1268 = VECTOR ( 'NONE', #4155, 1000.000000000000000 ) ;
#1269 = DIRECTION ( 'NONE',  ( 0.000000000000000000, 0.000000000000000000, 1.000000000000000000 ) ) ;
#1270 = MECHANICAL_DESIGN_GEOMETRIC_PRESENTATION_REPRESENTATION (  '', ( #4675 ), #375 ) ;
#1271 = EDGE_LOOP ( 'NONE', ( #3534, #2939, #566 ) ) ;
#1272 = CARTESIAN_POINT ( 'NONE',  ( 0.05824000000000020133, 0.05823999999999999316, -2.741759999999999753 ) ) ;
#1273 = CARTESIAN_POINT ( 'NONE',  ( 2.849998559839500345, 2.689607843130267018, -0.05847937081738369819 ) ) ;
#1274 =( NAMED_UNIT ( * ) SI_UNIT ( $, .STERADIAN. ) SOLID_ANGLE_UNIT ( ) );
#1275 = MECHANICAL_DESIGN_GEOMETRIC_PRESENTATION_REPRESENTATION (  '', ( #683 ), #2474 ) ;
#1276 = DIRECTION ( 'NONE',  ( 0.000000000000000000, 0.000000000000000000, 1.000000000000000000 ) ) ;
#1277 = CARTESIAN_POINT ( 'NONE',  ( 1.720495581945722385, 2.741759999999999753, -0.5311099949728128600 ) ) ;
#1278 = DIRECTION ( 'NONE',  ( -0.2762437428917279836, 0.000000000000000000, 0.9610876102172833946 ) ) ;
#1279 = EDGE_CURVE ( 'NONE', #4145, #116, #1174, .T. ) ;
#1280 = ADVANCED_FACE ( 'NONE', ( #1894 ), #3346, .F. ) ;
#1281 = EDGE_LOOP ( 'NONE', ( #3450, #3700, #1352, #4477 ) ) ;
#1282 = PRESENTATION_STYLE_ASSIGNMENT (( #2317 ) ) ;
#1283 = VERTEX_POINT ( 'NONE', #1983 ) ;
#1284 = SURFACE_STYLE_USAGE ( .BOTH. , #3099 ) ;
#1285 = AXIS2_PLACEMENT_3D ( 'NONE', #394, #2218, #1812 ) ;
#1286 = ORIENTED_EDGE ( 'NONE', *, *, #3981, .T. ) ;
#1287 = CARTESIAN_POINT ( 'NONE',  ( 1.763380634529654323, 2.741759999999999753, -1.137410209649718507 ) ) ;
#1288 = EDGE_LOOP ( 'NONE', ( #4309, #497, #1877 ) ) ;
#1289 = CARTESIAN_POINT ( 'NONE',  ( 2.850089346839637994, 0.09736921794456475376, -0.06146476929767878683 ) ) ;
#1290 = DIRECTION ( 'NONE',  ( -0.7083077534944017817, 0.000000000000000000, -0.7059037656364454127 ) ) ;
#1291 = EDGE_CURVE ( 'NONE', #3101, #3765, #569, .T. ) ;
#1292 = ORIENTED_EDGE ( 'NONE', *, *, #3899, .T. ) ;
#1293 = DIRECTION ( 'NONE',  ( 3.723221746172735870E-15, -1.000000000000000000, 0.000000000000000000 ) ) ;
#1294 = CARTESIAN_POINT ( 'NONE',  ( 0.7500000000000099920, 0.06403198713132478292, -0.06403198713132467190 ) ) ;
#1295 =( NAMED_UNIT ( * ) PLANE_ANGLE_UNIT ( ) SI_UNIT ( $, .RADIAN. ) );
#1296 = CARTESIAN_POINT ( 'NONE',  ( 1.532369079381479704, 2.741759999999999753, -1.791051805255976292 ) ) ;
#1297 = UNCERTAINTY_MEASURE_WITH_UNIT (LENGTH_MEASURE( 1.000000000000000082E-05 ), #1621, 'distance_accuracy_value', 'NONE');
#1298 = VECTOR ( 'NONE', #1720, 1000.000000000000000 ) ;
#1299 = FACE_OUTER_BOUND ( 'NONE', #2183, .T. ) ;
#1300 = SURFACE_STYLE_USAGE ( .BOTH. , #2703 ) ;
#1301 = CARTESIAN_POINT ( 'NONE',  ( 1.575771045540717674, 2.741759999999999753, -1.624255184048812417 ) ) ;
#1302 = PLANE ( 'NONE',  #3005 ) ;
#1303 = AXIS2_PLACEMENT_3D ( 'NONE', #3764, #4528, #1545 ) ;
#1304 =( NAMED_UNIT ( * ) SI_UNIT ( $, .STERADIAN. ) SOLID_ANGLE_UNIT ( ) );
#1305 = EDGE_CURVE ( 'NONE', #1145, #4442, #2094, .T. ) ;
#1306 = FILL_AREA_STYLE_COLOUR ( '', #1214 ) ;
#1307 = DIRECTION ( 'NONE',  ( 0.000000000000000000, 0.000000000000000000, -1.000000000000000000 ) ) ;
#1308 = CIRCLE ( 'NONE', #3794, 0.05823999999999998622 ) ;
#1309 = FILL_AREA_STYLE_COLOUR ( '', #2463 ) ;
#1310 = ORIENTED_EDGE ( 'NONE', *, *, #968, .F. ) ;
#1311 = CARTESIAN_POINT ( 'NONE',  ( 3.541759999999999575, 0.05823999999999999316, -2.741759999999999753 ) ) ;
#1312 = EDGE_CURVE ( 'NONE', #573, #3435, #4121, .T. ) ;
#1313 = VERTEX_POINT ( 'NONE', #4535 ) ;
#1314 = FILL_AREA_STYLE_COLOUR ( '', #1199 ) ;
#1315 = FACE_OUTER_BOUND ( 'NONE', #1610, .T. ) ;
#1316 = EDGE_CURVE ( 'NONE', #474, #3640, #4512, .T. ) ;
#1317 = ORIENTED_EDGE ( 'NONE', *, *, #2692, .T. ) ;
#1318 =( NAMED_UNIT ( * ) SI_UNIT ( $, .STERADIAN. ) SOLID_ANGLE_UNIT ( ) );
#1319 = FILL_AREA_STYLE ('',( #2770 ) ) ;
#1320 =( GEOMETRIC_REPRESENTATION_CONTEXT ( 3 ) GLOBAL_UNCERTAINTY_ASSIGNED_CONTEXT ( ( #2746 ) ) GLOBAL_UNIT_ASSIGNED_CONTEXT ( ( #3492, #363, #3597 ) ) REPRESENTATION_CONTEXT ( 'NONE', 'WORKASPACE' ) );
#1321 = CARTESIAN_POINT ( 'NONE',  ( 1.611856304720737043, 2.746759999999999646, -2.429006833949353350 ) ) ;
#1322 =( LENGTH_UNIT ( ) NAMED_UNIT ( * ) SI_UNIT ( .MILLI., .METRE. ) );
#1323 = CIRCLE ( 'NONE', #3963, 0.05823999999999999316 ) ;
#1324 = EDGE_CURVE ( 'NONE', #522, #2267, #4099, .T. ) ;
#1325 = DIRECTION ( 'NONE',  ( 0.000000000000000000, 0.000000000000000000, 1.000000000000000000 ) ) ;
#1326 = VECTOR ( 'NONE', #95, 1000.000000000000000 ) ;
#1327 = COLOUR_RGB ( '',0.7686274509803920907, 0.7686274509803920907, 0.7686274509803920907 ) ;
#1328 = FACE_OUTER_BOUND ( 'NONE', #353, .T. ) ;
#1329 = ORIENTED_EDGE ( 'NONE', *, *, #52, .F. ) ;
#1330 = CARTESIAN_POINT ( 'NONE',  ( 2.908240000000000158, 2.741759999999999753, -2.741759999999999753 ) ) ;
#1331 = VERTEX_POINT ( 'NONE', #3366 ) ;
#1332 = SURFACE_SIDE_STYLE ('',( #3480 ) ) ;
#1333 = COLOUR_RGB ( '',0.7686274509803920907, 0.7686274509803920907, 0.7686274509803920907 ) ;
#1334 = ORIENTED_EDGE ( 'NONE', *, *, #642, .T. ) ;
#1335 = SURFACE_STYLE_FILL_AREA ( #2736 ) ;
#1336 = FACE_OUTER_BOUND ( 'NONE', #989, .T. ) ;
#1337 = ADVANCED_FACE ( 'NONE', ( #3081 ), #1918, .T. ) ;
#1338 = VECTOR ( 'NONE', #1082, 1000.000000000000000 ) ;
#1339 = ORIENTED_EDGE ( 'NONE', *, *, #4199, .T. ) ;
#1340 = CARTESIAN_POINT ( 'NONE',  ( 2.850000000000000089, 2.689980384497082433, -2.741759999999999753 ) ) ;
#1341 = DIRECTION ( 'NONE',  ( 0.000000000000000000, 0.000000000000000000, 1.000000000000000000 ) ) ;
#1342 = CARTESIAN_POINT ( 'NONE',  ( 0.7486364107457458283, 0.07076882678794570170, -0.08039141117226195066 ) ) ;
#1343 = DIRECTION ( 'NONE',  ( 0.9610348236706638403, 0.000000000000000000, 0.2764273280489756290 ) ) ;
#1344 = EDGE_CURVE ( 'NONE', #3426, #630, #2008, .T. ) ;
#1345 = UNCERTAINTY_MEASURE_WITH_UNIT (LENGTH_MEASURE( 1.000000000000000082E-05 ), #1139, 'distance_accuracy_value', 'NONE');
#1346 = CIRCLE ( 'NONE', #1940, 0.05824000000000020133 ) ;
#1347 = DIRECTION ( 'NONE',  ( 0.000000000000000000, 0.000000000000000000, -1.000000000000000000 ) ) ;
#1348 = SPHERICAL_SURFACE ( 'NONE', #2991, 0.05823999999999999316 ) ;
#1349 = DIRECTION ( 'NONE',  ( -0.000000000000000000, -1.000000000000000000, 0.000000000000000000 ) ) ;
#1350 = CARTESIAN_POINT ( 'NONE',  ( 0.7483244899547415452, 2.721402159806213028, -0.07218483607029932414 ) ) ;
#1351 = CARTESIAN_POINT ( 'NONE',  ( 3.541759999999999575, 2.741759999999999753, -2.741759999999999753 ) ) ;
#1352 = ORIENTED_EDGE ( 'NONE', *, *, #1938, .F. ) ;
#1353 = DIRECTION ( 'NONE',  ( -0.9610674221107078363, 0.000000000000000000, -0.2763139702539094689 ) ) ;
#1354 = ORIENTED_EDGE ( 'NONE', *, *, #3006, .T. ) ;
#1355 =( LENGTH_UNIT ( ) NAMED_UNIT ( * ) SI_UNIT ( .MILLI., .METRE. ) );
#1356 = EDGE_LOOP ( 'NONE', ( #4541, #2645, #4657, #2629 ) ) ;
#1357 = DIRECTION ( 'NONE',  ( 1.000000000000000000, 0.000000000000000000, 0.000000000000000000 ) ) ;
#1358 = PRESENTATION_STYLE_ASSIGNMENT (( #3 ) ) ;
#1359 = CLOSED_SHELL ( 'NONE', ( #2633, #1998, #1142, #879, #1525, #3994, #2438, #3535, #628, #77, #4499, #4108, #3189, #1223, #279, #2527, #3141, #4052, #824 ) ) ;
#1360 = EDGE_LOOP ( 'NONE', ( #2007, #4298, #2518, #859 ) ) ;
#1361 = CARTESIAN_POINT ( 'NONE',  ( 2.850207013399458589, 2.708738985336092142, -2.736413408433165273 ) ) ;
#1362 = FACE_OUTER_BOUND ( 'NONE', #3195, .T. ) ;
#1363 = CARTESIAN_POINT ( 'NONE',  ( 0.7499999999999997780, 2.799999999999999822, -0.05824000000000020133 ) ) ;
#1364 = FACE_OUTER_BOUND ( 'NONE', #787, .T. ) ;
#1365 = EDGE_CURVE ( 'NONE', #3612, #4165, #3053, .T. ) ;
#1366 = DIRECTION ( 'NONE',  ( 1.000000000000000000, -0.000000000000000000, -0.000000000000000000 ) ) ;
#1367 = DIRECTION ( 'NONE',  ( -0.000000000000000000, -1.000000000000000000, 0.000000000000000000 ) ) ;
#1368 = ORIENTED_EDGE ( 'NONE', *, *, #280, .F. ) ;
#1369 = LINE ( 'NONE', #2704, #1597 ) ;
#1370 = EDGE_CURVE ( 'NONE', #1893, #1420, #337, .T. ) ;
#1371 = CARTESIAN_POINT ( 'NONE',  ( 2.852554106022254565, 0.07529810106369545786, -2.724701898936304101 ) ) ;
#1372 = EDGE_LOOP ( 'NONE', ( #2955, #2161, #1193, #42 ) ) ;
#1373 = VECTOR ( 'NONE', #492, 1000.000000000000000 ) ;
#1374 = CARTESIAN_POINT ( 'NONE',  ( 2.908240000000000158, 2.741759999999999753, -0.05823999999999999316 ) ) ;
#1375 =( GEOMETRIC_REPRESENTATION_CONTEXT ( 3 ) GLOBAL_UNCERTAINTY_ASSIGNED_CONTEXT ( ( #1345 ) ) GLOBAL_UNIT_ASSIGNED_CONTEXT ( ( #1139, #3243, #2856 ) ) REPRESENTATION_CONTEXT ( 'NONE', 'WORKASPACE' ) );
#1376 = ORIENTED_EDGE ( 'NONE', *, *, #1370, .T. ) ;
#1377 = DIRECTION ( 'NONE',  ( -0.000000000000000000, -1.000000000000000000, 0.000000000000000000 ) ) ;
#1378 = EDGE_CURVE ( 'NONE', #2713, #3044, #1444, .T. ) ;
#1379 = VERTEX_POINT ( 'NONE', #4241 ) ;
#1380 = CARTESIAN_POINT ( 'NONE',  ( 2.850857672268034992, 0.06976012061528541475, -2.730239879384714463 ) ) ;
#1381 = VECTOR ( 'NONE', #3796, 1000.000000000000000 ) ;
#1382 =( NAMED_UNIT ( * ) PLANE_ANGLE_UNIT ( ) SI_UNIT ( $, .RADIAN. ) );
#1383 = MECHANICAL_DESIGN_GEOMETRIC_PRESENTATION_REPRESENTATION (  '', ( #2435 ), #190 ) ;
#1384 = ORIENTED_EDGE ( 'NONE', *, *, #457, .F. ) ;
#1385 = SURFACE_STYLE_USAGE ( .BOTH. , #996 ) ;
#1386 = FACE_OUTER_BOUND ( 'NONE', #2689, .T. ) ;
#1387 = DIRECTION ( 'NONE',  ( 0.000000000000000000, -0.000000000000000000, 1.000000000000000000 ) ) ;
#1388 = UNCERTAINTY_MEASURE_WITH_UNIT (LENGTH_MEASURE( 1.000000000000000082E-05 ), #1165, 'distance_accuracy_value', 'NONE');
#1389 = ADVANCED_FACE ( 'NONE', ( #3646 ), #2082, .T. ) ;
#1390 = DIRECTION ( 'NONE',  ( 0.000000000000000000, 0.000000000000000000, 1.000000000000000000 ) ) ;
#1391 = ORIENTED_EDGE ( 'NONE', *, *, #3029, .F. ) ;
#1392 = DIRECTION ( 'NONE',  ( 0.000000000000000000, -1.000000000000000000, 0.000000000000000000 ) ) ;
#1393 = CARTESIAN_POINT ( 'NONE',  ( 3.600000000000000089, 2.741759999999999753, -0.05823999999999999316 ) ) ;
#1394 = SURFACE_STYLE_FILL_AREA ( #2895 ) ;
#1395 = VECTOR ( 'NONE', #3560, 1000.000000000000000 ) ;
#1396 = ADVANCED_FACE ( 'NONE', ( #417 ), #992, .F. ) ;
#1397 = DIRECTION ( 'NONE',  ( 0.000000000000000000, 1.000000000000000000, 0.000000000000000000 ) ) ;
#1398 = PRODUCT_RELATED_PRODUCT_CATEGORY ( 'part', '', ( #1135 ) ) ;
#1399 = CARTESIAN_POINT ( 'NONE',  ( 1.720495581945722385, 2.746759999999999646, -0.5311099949728128600 ) ) ;
#1400 =( GEOMETRIC_REPRESENTATION_CONTEXT ( 3 ) GLOBAL_UNCERTAINTY_ASSIGNED_CONTEXT ( ( #2038 ) ) GLOBAL_UNIT_ASSIGNED_CONTEXT ( ( #2648, #1939, #3173 ) ) REPRESENTATION_CONTEXT ( 'NONE', 'WORKASPACE' ) );
#1401 = ORIENTED_EDGE ( 'NONE', *, *, #3100, .F. ) ;
#1402 = PLANE ( 'NONE',  #350 ) ;
#1403 = AXIS2_PLACEMENT_3D ( 'NONE', #3557, #1041, #1667 ) ;
#1404 = EDGE_CURVE ( 'NONE', #4390, #83, #750, .T. ) ;
#1405 = ORIENTED_EDGE ( 'NONE', *, *, #2496, .T. ) ;
#1406 = ORIENTED_EDGE ( 'NONE', *, *, #1009, .F. ) ;
#1407 =( GEOMETRIC_REPRESENTATION_CONTEXT ( 3 ) GLOBAL_UNCERTAINTY_ASSIGNED_CONTEXT ( ( #357 ) ) GLOBAL_UNIT_ASSIGNED_CONTEXT ( ( #2914, #501, #3683 ) ) REPRESENTATION_CONTEXT ( 'NONE', 'WORKASPACE' ) );
#1408 = FACE_OUTER_BOUND ( 'NONE', #4047, .T. ) ;
#1409 = EDGE_CURVE ( 'NONE', #4380, #3257, #2012, .T. ) ;
#1410 = MECHANICAL_DESIGN_GEOMETRIC_PRESENTATION_REPRESENTATION (  '', ( #744 ), #2235 ) ;
#1411 = VERTEX_POINT ( 'NONE', #1839 ) ;
#1412 = SURFACE_STYLE_FILL_AREA ( #2418 ) ;
#1413 = SURFACE_SIDE_STYLE ('',( #3206 ) ) ;
#1414 =( NAMED_UNIT ( * ) SI_UNIT ( $, .STERADIAN. ) SOLID_ANGLE_UNIT ( ) );
#1415 = AXIS2_PLACEMENT_3D ( 'NONE', #3799, #579, #650 ) ;
#1416 = VECTOR ( 'NONE', #3996, 1000.000000000000000 ) ;
#1417 = DIRECTION ( 'NONE',  ( -0.000000000000000000, -1.000000000000000000, 0.000000000000000000 ) ) ;
#1418 = VECTOR ( 'NONE', #4182, 1000.000000000000114 ) ;
#1419 = CYLINDRICAL_SURFACE ( 'NONE', #29, 0.05823999999999998622 ) ;
#1420 = VERTEX_POINT ( 'NONE', #4378 ) ;
#1421 = PLANE ( 'NONE',  #1701 ) ;
#1422 = CARTESIAN_POINT ( 'NONE',  ( 0.7474458939777556266, 0.07529810106369590195, -2.724701898936304545 ) ) ;
#1423 = LINE ( 'NONE', #3287, #1022 ) ;
#1424 =( NAMED_UNIT ( * ) SI_UNIT ( $, .STERADIAN. ) SOLID_ANGLE_UNIT ( ) );
#1425 = CYLINDRICAL_SURFACE ( 'NONE', #1993, 0.05823999999999999316 ) ;
#1426 = AXIS2_PLACEMENT_3D ( 'NONE', #580, #1278, #3472 ) ;
#1427 = ADVANCED_FACE ( 'NONE', ( #663 ), #2550, .F. ) ;
#1428 = ORIENTED_EDGE ( 'NONE', *, *, #2314, .F. ) ;
#1429 = PLANE ( 'NONE',  #1531 ) ;
#1430 = EDGE_LOOP ( 'NONE', ( #2350, #3456, #1768, #2563 ) ) ;
#1431 = EDGE_CURVE ( 'NONE', #939, #1893, #4018, .T. ) ;
#1432 = CARTESIAN_POINT ( 'NONE',  ( 1.532369079381479704, 2.741759999999999753, -0.5855010684459950321 ) ) ;
#1433 = EDGE_LOOP ( 'NONE', ( #230, #4054, #1999, #2493 ) ) ;
#1434 = FACE_OUTER_BOUND ( 'NONE', #1629, .T. ) ;
#1435 = DIRECTION ( 'NONE',  ( -1.000000000000000000, 0.000000000000000000, 0.000000000000000000 ) ) ;
#1436 = SURFACE_STYLE_FILL_AREA ( #3234 ) ;
#1437 = UNCERTAINTY_MEASURE_WITH_UNIT (LENGTH_MEASURE( 1.000000000000000082E-05 ), #999, 'distance_accuracy_value', 'NONE');
#1438 = MECHANICAL_DESIGN_GEOMETRIC_PRESENTATION_REPRESENTATION (  '', ( #4149 ), #2028 ) ;
#1439 = FILL_AREA_STYLE ('',( #2492 ) ) ;
#1440 = ORIENTED_EDGE ( 'NONE', *, *, #2638, .F. ) ;
#1441 = CARTESIAN_POINT ( 'NONE',  ( 1.865686967656117190, 2.746759999999999646, -1.159793944193151738 ) ) ;
#1442 = FILL_AREA_STYLE ('',( #1715 ) ) ;
#1443 = PLANE ( 'NONE',  #2722 ) ;
#1444 = LINE ( 'NONE', #3244, #2018 ) ;
#1445 = CARTESIAN_POINT ( 'NONE',  ( 0.05824000000000020133, 2.741759999999999753, -0.05823999999999999316 ) ) ;
#1446 = DIRECTION ( 'NONE',  ( 0.000000000000000000, 1.000000000000000000, -0.000000000000000000 ) ) ;
#1447 = EDGE_CURVE ( 'NONE', #4489, #470, #3618, .T. ) ;
#1448 = VERTEX_POINT ( 'NONE', #1542 ) ;
#1449 = CARTESIAN_POINT ( 'NONE',  ( 1.944000000000006390, 2.746759999999999646, -1.235447311932450276 ) ) ;
#1450 = ORIENTED_EDGE ( 'NONE', *, *, #3063, .T. ) ;
#1451 = LINE ( 'NONE', #3318, #1326 ) ;
#1452 = VECTOR ( 'NONE', #583, 1000.000000000000114 ) ;
#1453 = EDGE_CURVE ( 'NONE', #1587, #318, #3694, .T. ) ;
#1454 = ORIENTED_EDGE ( 'NONE', *, *, #3468, .F. ) ;
#1455 = VECTOR ( 'NONE', #3520, 1000.000000000000000 ) ;
#1456 =( LENGTH_UNIT ( ) NAMED_UNIT ( * ) SI_UNIT ( .MILLI., .METRE. ) );
#1457 = FACE_OUTER_BOUND ( 'NONE', #4452, .T. ) ;
#1458 = CARTESIAN_POINT ( 'NONE',  ( 0.05823999999999999316, 2.741759999999999753, -2.741759999999999753 ) ) ;
#1459 = DIRECTION ( 'NONE',  ( 1.000000000000000000, 0.000000000000000000, 0.000000000000000000 ) ) ;
#1460 = AXIS2_PLACEMENT_3D ( 'NONE', #1712, #603, #933 ) ;
#1461 = EDGE_CURVE ( 'NONE', #1741, #96, #159, .T. ) ;
#1462 = ADVANCED_FACE ( 'NONE', ( #3019 ), #3312, .T. ) ;
#1463 = ORIENTED_EDGE ( 'NONE', *, *, #52, .T. ) ;
#1464 = CARTESIAN_POINT ( 'NONE',  ( 3.600000000000000089, 0.05823999999999999316, -2.741759999999999753 ) ) ;
#1465 = CARTESIAN_POINT ( 'NONE',  ( 0.7496518591888691185, 2.735401522221776904, -0.09001860827637328533 ) ) ;
#1466 = FILL_AREA_STYLE_COLOUR ( '', #4107 ) ;
#1467 = EDGE_CURVE ( 'NONE', #3887, #1976, #468, .T. ) ;
#1468 = ADVANCED_FACE ( 'NONE', ( #868 ), #806, .F. ) ;
#1469 = LINE ( 'NONE', #4279, #881 ) ;
#1470 = DIRECTION ( 'NONE',  ( -1.000000000000000000, 0.000000000000000000, -0.000000000000000000 ) ) ;
#1471 = SURFACE_STYLE_USAGE ( .BOTH. , #2875 ) ;
#1472 = SURFACE_STYLE_FILL_AREA ( #1762 ) ;
#1473 = CARTESIAN_POINT ( 'NONE',  ( -0.8184128072525136410, 2.746759999999999646, 0.006335664914779973525 ) ) ;
#1474 =( GEOMETRIC_REPRESENTATION_CONTEXT ( 3 ) GLOBAL_UNCERTAINTY_ASSIGNED_CONTEXT ( ( #2469 ) ) GLOBAL_UNIT_ASSIGNED_CONTEXT ( ( #1025, #356, #737 ) ) REPRESENTATION_CONTEXT ( 'NONE', 'WORKASPACE' ) );
#1475 = ORIENTED_EDGE ( 'NONE', *, *, #4181, .F. ) ;
#1476 = DIRECTION ( 'NONE',  ( 0.9611638845408968512, 0.000000000000000000, 0.2759782365590690567 ) ) ;
#1477 = ORIENTED_EDGE ( 'NONE', *, *, #2984, .F. ) ;
#1478 = FILL_AREA_STYLE_COLOUR ( '', #431 ) ;
#1479 = VECTOR ( 'NONE', #3499, 1000.000000000000000 ) ;
#1480 = EDGE_LOOP ( 'NONE', ( #121, #1856, #4575, #1590, #2174, #4263 ) ) ;
#1481 = COLOUR_RGB ( '',0.7686274509803920907, 0.7686274509803920907, 0.7686274509803920907 ) ;
#1482 =( NAMED_UNIT ( * ) PLANE_ANGLE_UNIT ( ) SI_UNIT ( $, .RADIAN. ) );
#1483 = PLANE ( 'NONE',  #2821 ) ;
#1484 = EDGE_CURVE ( 'NONE', #1172, #4336, #4450, .T. ) ;
#1485 = SURFACE_STYLE_USAGE ( .BOTH. , #3368 ) ;
#1486 = UNCERTAINTY_MEASURE_WITH_UNIT (LENGTH_MEASURE( 1.000000000000000082E-05 ), #1133, 'distance_accuracy_value', 'NONE');
#1487 = LINE ( 'NONE', #2890, #4626 ) ;
#1488 = ORIENTED_EDGE ( 'NONE', *, *, #3280, .F. ) ;
#1489 = DIRECTION ( 'NONE',  ( 0.000000000000000000, 0.000000000000000000, 1.000000000000000000 ) ) ;
#1490 = DIRECTION ( 'NONE',  ( -3.606871066604851507E-15, -0.000000000000000000, -1.000000000000000000 ) ) ;
#1491 = CARTESIAN_POINT ( 'NONE',  ( 2.850044628120886880, 0.06183509406618891563, -0.09543663598106047474 ) ) ;
#1492 = PRESENTATION_LAYER_ASSIGNMENT (  '', '', ( #3523 ) ) ;
#1493 = PRESENTATION_LAYER_ASSIGNMENT (  '', '', ( #2906 ) ) ;
#1494 = CARTESIAN_POINT ( 'NONE',  ( 3.541759999999999575, 0.000000000000000000, -2.799999999999999822 ) ) ;
#1495 = CARTESIAN_POINT ( 'NONE',  ( 1.865686967656117190, 2.746759999999999646, -0.9316085170136499949 ) ) ;
#1496 = VECTOR ( 'NONE', #2635, 1000.000000000000000 ) ;
#1497 = FILL_AREA_STYLE_COLOUR ( '', #3158 ) ;
#1498 = CARTESIAN_POINT ( 'NONE',  ( 0.6917600000000000415, 2.799999999999999822, -2.741759999999999753 ) ) ;
#1499 = FACE_OUTER_BOUND ( 'NONE', #1281, .T. ) ;
#1500 = ORIENTED_EDGE ( 'NONE', *, *, #3200, .T. ) ;
#1501 = CARTESIAN_POINT ( 'NONE',  ( 0.7474458939777556266, 0.07529810106369590195, -2.724701898936304545 ) ) ;
#1502 = ORIENTED_EDGE ( 'NONE', *, *, #3272, .F. ) ;
#1503 =( NAMED_UNIT ( * ) SI_UNIT ( $, .STERADIAN. ) SOLID_ANGLE_UNIT ( ) );
#1504 = AXIS2_PLACEMENT_3D ( 'NONE', #2714, #3812, #590 ) ;
#1505 = ORIENTED_EDGE ( 'NONE', *, *, #266, .T. ) ;
#1506 = CARTESIAN_POINT ( 'NONE',  ( 0.6917600000000100335, -1.082802241108935926E-14, 0.000000000000000000 ) ) ;
#1507 = SURFACE_STYLE_USAGE ( .BOTH. , #78 ) ;
#1508 = CYLINDRICAL_SURFACE ( 'NONE', #1997, 0.05823999999999998622 ) ;
#1509 = ADVANCED_FACE ( 'NONE', ( #3735 ), #1189, .T. ) ;
#1510 = DIRECTION ( 'NONE',  ( 0.000000000000000000, 0.000000000000000000, -1.000000000000000000 ) ) ;
#1511 = VERTEX_POINT ( 'NONE', #893 ) ;
#1512 = CARTESIAN_POINT ( 'NONE',  ( 1.944000000000006390, 2.746759999999999646, -2.103578002401880642 ) ) ;
#1513 = FACE_OUTER_BOUND ( 'NONE', #4678, .T. ) ;
#1514 = CARTESIAN_POINT ( 'NONE',  ( 0.05824000000000020133, 2.741759999999999753, -2.799999999999999822 ) ) ;
#1515 = COLOUR_RGB ( '',0.7686274509803920907, 0.7686274509803920907, 0.7686274509803920907 ) ;
#1516 = EDGE_CURVE ( 'NONE', #1045, #2742, #3092, .T. ) ;
#1517 =( LENGTH_UNIT ( ) NAMED_UNIT ( * ) SI_UNIT ( .MILLI., .METRE. ) );
#1518 = DIRECTION ( 'NONE',  ( -0.000000000000000000, -1.000000000000000000, 0.000000000000000000 ) ) ;
#1519 = CARTESIAN_POINT ( 'NONE',  ( 0.05824000000000020133, 0.000000000000000000, -0.05823999999999999316 ) ) ;
#1520 = CARTESIAN_POINT ( 'NONE',  ( 1.687297965358701246, 2.746759999999999646, -2.039673466595974816 ) ) ;
#1521 = ORIENTED_EDGE ( 'NONE', *, *, #2748, .F. ) ;
#1522 = DIRECTION ( 'NONE',  ( -0.9615454294334447871, 0.000000000000000000, -0.2746459304917005517 ) ) ;
#1523 = ORIENTED_EDGE ( 'NONE', *, *, #3565, .F. ) ;
#1524 =( NAMED_UNIT ( * ) PLANE_ANGLE_UNIT ( ) SI_UNIT ( $, .RADIAN. ) );
#1525 = ADVANCED_FACE ( 'NONE', ( #605 ), #1643, .F. ) ;
#1526 = ORIENTED_EDGE ( 'NONE', *, *, #3628, .F. ) ;
#1527 = VERTEX_POINT ( 'NONE', #3846 ) ;
#1528 = DIRECTION ( 'NONE',  ( -0.000000000000000000, -1.000000000000000000, 0.000000000000000000 ) ) ;
#1529 = CYLINDRICAL_SURFACE ( 'NONE', #1671, 0.05823999999999999316 ) ;
#1530 = DIRECTION ( 'NONE',  ( 0.002813301676014988168, 0.000000000000000000, -0.9999960426590095430 ) ) ;
#1531 = AXIS2_PLACEMENT_3D ( 'NONE', #4404, #448, #1869 ) ;
#1532 =( NAMED_UNIT ( * ) SI_UNIT ( $, .STERADIAN. ) SOLID_ANGLE_UNIT ( ) );
#1533 = AXIS2_PLACEMENT_3D ( 'NONE', #4304, #2190, #1470 ) ;
#1534 = PRESENTATION_STYLE_ASSIGNMENT (( #3326 ) ) ;
#1535 = ORIENTED_EDGE ( 'NONE', *, *, #864, .F. ) ;
#1536 = LINE ( 'NONE', #1512, #1035 ) ;
#1537 = FILL_AREA_STYLE_COLOUR ( '', #2507 ) ;
#1538 = CARTESIAN_POINT ( 'NONE',  ( 2.850348140811131525, 0.06459847777822277926, -0.09001860827637354900 ) ) ;
#1539 = VECTOR ( 'NONE', #619, 1000.000000000000000 ) ;
#1540 = STYLED_ITEM ( 'NONE', ( #1222 ), #4624 ) ;
#1541 = FILL_AREA_STYLE_COLOUR ( '', #4433 ) ;
#1542 = CARTESIAN_POINT ( 'NONE',  ( 1.944000000000006390, 2.746759999999999646, -2.220836029381371812 ) ) ;
#1543 = ADVANCED_FACE ( 'NONE', ( #934 ), #1302, .F. ) ;
#1544 = ORIENTED_EDGE ( 'NONE', *, *, #538, .T. ) ;
#1545 = DIRECTION ( 'NONE',  ( 0.000000000000000000, 0.000000000000000000, 1.000000000000000000 ) ) ;
#1546 = ORIENTED_EDGE ( 'NONE', *, *, #1324, .F. ) ;
#1547 = SURFACE_SIDE_STYLE ('',( #4050 ) ) ;
#1548 =( GEOMETRIC_REPRESENTATION_CONTEXT ( 3 ) GLOBAL_UNCERTAINTY_ASSIGNED_CONTEXT ( ( #3990 ) ) GLOBAL_UNIT_ASSIGNED_CONTEXT ( ( #500, #758, #1921 ) ) REPRESENTATION_CONTEXT ( 'NONE', 'WORKASPACE' ) );
#1549 = EDGE_LOOP ( 'NONE', ( #3003, #3412, #2978, #3204 ) ) ;
#1550 = ORIENTED_EDGE ( 'NONE', *, *, #1279, .F. ) ;
#1551 = FILL_AREA_STYLE ('',( #122 ) ) ;
#1552 = DIRECTION ( 'NONE',  ( -0.000000000000000000, 0.000000000000000000, 1.000000000000000000 ) ) ;
#1553 = PRESENTATION_STYLE_ASSIGNMENT (( #4410 ) ) ;
#1554 = VECTOR ( 'NONE', #1914, 1000.000000000000000 ) ;
#1555 = AXIS2_PLACEMENT_3D ( 'NONE', #514, #3381, #3466 ) ;
#1556 = VERTEX_POINT ( 'NONE', #3093 ) ;
#1557 = CARTESIAN_POINT ( 'NONE',  ( 1.944000000000006390, 2.746759999999999646, -0.4670490083270785187 ) ) ;
#1558 = PLANE ( 'NONE',  #1237 ) ;
#1559 = FILL_AREA_STYLE_COLOUR ( '', #2517 ) ;
#1560 = AXIS2_PLACEMENT_3D ( 'NONE', #4344, #2794, #1102 ) ;
#1561 = DIRECTION ( 'NONE',  ( 0.000000000000000000, 0.000000000000000000, -1.000000000000000000 ) ) ;
#1562 = VECTOR ( 'NONE', #1926, 1000.000000000000000 ) ;
#1563 = DIRECTION ( 'NONE',  ( -0.000000000000000000, -0.000000000000000000, 1.000000000000000000 ) ) ;
#1564 = CARTESIAN_POINT ( 'NONE',  ( 0.05824000000000020133, 0.05823999999999999316, -0.05823999999999999316 ) ) ;
#1565 =( GEOMETRIC_REPRESENTATION_CONTEXT ( 3 ) GLOBAL_UNCERTAINTY_ASSIGNED_CONTEXT ( ( #1297 ) ) GLOBAL_UNIT_ASSIGNED_CONTEXT ( ( #1621, #2118, #3920 ) ) REPRESENTATION_CONTEXT ( 'NONE', 'WORKASPACE' ) );
#1566 = VERTEX_POINT ( 'NONE', #1660 ) ;
#1567 =( LENGTH_UNIT ( ) NAMED_UNIT ( * ) SI_UNIT ( .MILLI., .METRE. ) );
#1568 = ORIENTED_EDGE ( 'NONE', *, *, #2989, .T. ) ;
#1569 = CARTESIAN_POINT ( 'NONE',  ( 2.852554106022254565, 0.07529810106369545786, -2.724701898936304101 ) ) ;
#1570 = ORIENTED_EDGE ( 'NONE', *, *, #2260, .T. ) ;
#1571 = ADVANCED_FACE ( 'NONE', ( #2705 ), #2752, .F. ) ;
#1572 = ORIENTED_EDGE ( 'NONE', *, *, #2134, .T. ) ;
#1573 = DIRECTION ( 'NONE',  ( 5.943634068010692500E-14, 0.000000000000000000, -1.000000000000000000 ) ) ;
#1574 = CARTESIAN_POINT ( 'NONE',  ( 0.7474458939777457456, 2.724701898936303657, -2.724701898936304545 ) ) ;
#1575 = CARTESIAN_POINT ( 'NONE',  ( 1.610720911532859345, 2.746759999999999646, -1.192290661020161346 ) ) ;
#1576 = VERTEX_POINT ( 'NONE', #4135 ) ;
#1577 = FACE_OUTER_BOUND ( 'NONE', #800, .T. ) ;
#1578 = CARTESIAN_POINT ( 'NONE',  ( 1.532369079381479704, 2.741759999999999753, -0.8455874476530370609 ) ) ;
#1579 = LINE ( 'NONE', #2942, #1912 ) ;
#1580 = LINE ( 'NONE', #4086, #1696 ) ;
#1581 = PRESENTATION_STYLE_ASSIGNMENT (( #3693 ) ) ;
#1582 = DIRECTION ( 'NONE',  ( -0.9999999968487353064, 0.000000000000000000, -7.938847109757217273E-05 ) ) ;
#1583 = CARTESIAN_POINT ( 'NONE',  ( 1.865686967656117190, 2.746759999999999646, -0.9316085170136499949 ) ) ;
#1584 =( NAMED_UNIT ( * ) SI_UNIT ( $, .STERADIAN. ) SOLID_ANGLE_UNIT ( ) );
#1585 = ORIENTED_EDGE ( 'NONE', *, *, #2279, .T. ) ;
#1586 = CARTESIAN_POINT ( 'NONE',  ( 0.05823999999999999316, 0.05823999999999999316, -0.05823999999999999316 ) ) ;
#1587 = VERTEX_POINT ( 'NONE', #557 ) ;
#1588 = LINE ( 'NONE', #1606, #1554 ) ;
#1589 = ORIENTED_EDGE ( 'NONE', *, *, #1015, .T. ) ;
#1590 = ORIENTED_EDGE ( 'NONE', *, *, #1370, .F. ) ;
#1591 = FILL_AREA_STYLE_COLOUR ( '', #358 ) ;
#1592 = AXIS2_PLACEMENT_3D ( 'NONE', #1779, #54, #1390 ) ;
#1593 = EDGE_CURVE ( 'NONE', #203, #2789, #964, .T. ) ;
#1594 = EDGE_LOOP ( 'NONE', ( #2198, #1475, #3985, #3159 ) ) ;
#1595 = PRESENTATION_LAYER_ASSIGNMENT (  '', '', ( #633 ) ) ;
#1596 = DIRECTION ( 'NONE',  ( -0.2755265765475047868, 0.000000000000000000, 0.9612934544747571142 ) ) ;
#1597 = VECTOR ( 'NONE', #2724, 1000.000000000000000 ) ;
#1598 = CARTESIAN_POINT ( 'NONE',  ( 2.850000000000000089, 0.05823999999999999316, 0.000000000000000000 ) ) ;
#1599 = CARTESIAN_POINT ( 'NONE',  ( 3.541759999999999575, 2.741759999999999753, -0.05823999999999999316 ) ) ;
#1600 = VECTOR ( 'NONE', #1059, 1000.000000000000000 ) ;
#1601 = ADVANCED_FACE ( 'NONE', ( #4524 ), #1685, .F. ) ;
#1602 = CARTESIAN_POINT ( 'NONE',  ( 0.6917600000000000415, 2.741759999999999753, -0.05823999999999999316 ) ) ;
#1603 = ORIENTED_EDGE ( 'NONE', *, *, #3842, .F. ) ;
#1604 = DIRECTION ( 'NONE',  ( 1.000000000000000000, 0.000000000000000000, 0.000000000000000000 ) ) ;
#1605 = EDGE_LOOP ( 'NONE', ( #2950, #3012, #2553, #1890, #721, #3107, #3078, #2395 ) ) ;
#1606 = CARTESIAN_POINT ( 'NONE',  ( 0.7499999999999997780, 2.683519999999999683, -0.05824000000000020133 ) ) ;
#1607 = AXIS2_PLACEMENT_3D ( 'NONE', #1458, #3512, #4341 ) ;
#1608 = ORIENTED_EDGE ( 'NONE', *, *, #4213, .T. ) ;
#1609 = CARTESIAN_POINT ( 'NONE',  ( 0.6917600000000100335, -1.082802241108935926E-14, -2.799999999999999822 ) ) ;
#1610 = EDGE_LOOP ( 'NONE', ( #3650, #3913, #298, #3153 ) ) ;
#1611 = DIRECTION ( 'NONE',  ( 0.000000000000000000, 0.000000000000000000, 1.000000000000000000 ) ) ;
#1612 =( LENGTH_UNIT ( ) NAMED_UNIT ( * ) SI_UNIT ( .MILLI., .METRE. ) );
#1613 = PRESENTATION_LAYER_ASSIGNMENT (  '', '', ( #1681 ) ) ;
#1614 = CIRCLE ( 'NONE', #509, 0.05824000000000020133 ) ;
#1615 = ORIENTED_EDGE ( 'NONE', *, *, #1324, .T. ) ;
#1616 = CARTESIAN_POINT ( 'NONE',  ( 2.850000000000000089, 0.1164800000000001529, -2.741759999999999753 ) ) ;
#1617 = ADVANCED_FACE ( 'NONE', ( #910 ), #1008, .T. ) ;
#1618 = CARTESIAN_POINT ( 'NONE',  ( 0.7474458939777557376, 0.07529810106369563827, -0.07529810106369567990 ) ) ;
#1619 = PRESENTATION_LAYER_ASSIGNMENT (  '', '', ( #665 ) ) ;
#1620 = DIRECTION ( 'NONE',  ( 0.000000000000000000, 0.000000000000000000, 1.000000000000000000 ) ) ;
#1621 =( LENGTH_UNIT ( ) NAMED_UNIT ( * ) SI_UNIT ( .MILLI., .METRE. ) );
#1622 = PLANE ( 'NONE',  #846 ) ;
#1623 =( LENGTH_UNIT ( ) NAMED_UNIT ( * ) SI_UNIT ( .MILLI., .METRE. ) );
#1624 = VECTOR ( 'NONE', #1211, 1000.000000000000000 ) ;
#1625 =( LENGTH_UNIT ( ) NAMED_UNIT ( * ) SI_UNIT ( .MILLI., .METRE. ) );
#1626 = ORIENTED_EDGE ( 'NONE', *, *, #2260, .F. ) ;
#1627 = CARTESIAN_POINT ( 'NONE',  ( 2.852554106022254565, 2.724701898936304101, -2.724701898936304101 ) ) ;
#1628 = EDGE_CURVE ( 'NONE', #2323, #991, #3938, .T. ) ;
#1629 = EDGE_LOOP ( 'NONE', ( #3686, #410, #757, #4266 ) ) ;
#1630 = SURFACE_SIDE_STYLE ('',( #3004 ) ) ;
#1631 = AXIS2_PLACEMENT_3D ( 'NONE', #3142, #1994, #4251 ) ;
#1632 =( GEOMETRIC_REPRESENTATION_CONTEXT ( 3 ) GLOBAL_UNCERTAINTY_ASSIGNED_CONTEXT ( ( #4085 ) ) GLOBAL_UNIT_ASSIGNED_CONTEXT ( ( #3644, #3333, #2593 ) ) REPRESENTATION_CONTEXT ( 'NONE', 'WORKASPACE' ) );
#1633 = VERTEX_POINT ( 'NONE', #2187 ) ;
#1634 = DIRECTION ( 'NONE',  ( 1.000000000000000000, 3.723221746172723248E-15, 0.000000000000000000 ) ) ;
#1635 = ORIENTED_EDGE ( 'NONE', *, *, #1880, .T. ) ;
#1636 = DIRECTION ( 'NONE',  ( 0.9984327301130250243, 0.000000000000000000, 0.05596501978067342647 ) ) ;
#1637 = AXIS2_PLACEMENT_3D ( 'NONE', #2987, #3705, #2611 ) ;
#1638 = DIRECTION ( 'NONE',  ( -0.000000000000000000, -1.000000000000000000, 0.000000000000000000 ) ) ;
#1639 = AXIS2_PLACEMENT_3D ( 'NONE', #4634, #1675, #3134 ) ;
#1640 = VERTEX_POINT ( 'NONE', #2853 ) ;
#1641 = PLANE ( 'NONE',  #2358 ) ;
#1642 = CARTESIAN_POINT ( 'NONE',  ( 0.7500000000000000000, 0.05824000000000020133, -0.05824000000000020133 ) ) ;
#1643 = PLANE ( 'NONE',  #1426 ) ;
#1644 = EDGE_CURVE ( 'NONE', #830, #3887, #4412, .T. ) ;
#1645 = DIRECTION ( 'NONE',  ( -0.000000000000000000, -1.000000000000000000, 0.000000000000000000 ) ) ;
#1646 = ORIENTED_EDGE ( 'NONE', *, *, #1732, .T. ) ;
#1647 =( NAMED_UNIT ( * ) SI_UNIT ( $, .STERADIAN. ) SOLID_ANGLE_UNIT ( ) );
#1648 = ORIENTED_EDGE ( 'NONE', *, *, #1378, .T. ) ;
#1649 = DIRECTION ( 'NONE',  ( 0.000000000000000000, 0.000000000000000000, -1.000000000000000000 ) ) ;
#1650 =( NAMED_UNIT ( * ) SI_UNIT ( $, .STERADIAN. ) SOLID_ANGLE_UNIT ( ) );
#1651 = FACE_OUTER_BOUND ( 'NONE', #1148, .T. ) ;
#1652 = FILL_AREA_STYLE ('',( #1591 ) ) ;
#1653 = ADVANCED_FACE ( 'NONE', ( #677 ), #311, .F. ) ;
#1654 = ORIENTED_EDGE ( 'NONE', *, *, #4212, .F. ) ;
#1655 = CARTESIAN_POINT ( 'NONE',  ( 1.763380634530516300, 2.746759999999999646, -2.017938064331727954 ) ) ;
#1656 = UNCERTAINTY_MEASURE_WITH_UNIT (LENGTH_MEASURE( 1.000000000000000082E-05 ), #817, 'distance_accuracy_value', 'NONE');
#1657 = CARTESIAN_POINT ( 'NONE',  ( 1.763380634529654323, 2.746759999999999646, -0.9607584374758031398 ) ) ;
#1658 = DIRECTION ( 'NONE',  ( -0.000000000000000000, -1.000000000000000000, 0.000000000000000000 ) ) ;
#1659 = SURFACE_STYLE_FILL_AREA ( #2042 ) ;
#1660 = CARTESIAN_POINT ( 'NONE',  ( 1.943999999999999506, 2.746759999999999646, -0.3499999999999999778 ) ) ;
#1661 = MECHANICAL_DESIGN_GEOMETRIC_PRESENTATION_REPRESENTATION (  '', ( #2949 ), #483 ) ;
#1662 = VECTOR ( 'NONE', #867, 1000.000000000000000 ) ;
#1663 = DIRECTION ( 'NONE',  ( 0.000000000000000000, 0.000000000000000000, 1.000000000000000000 ) ) ;
#1664 = SURFACE_STYLE_USAGE ( .BOTH. , #4573 ) ;
#1665 = DIRECTION ( 'NONE',  ( 0.000000000000000000, 0.000000000000000000, 1.000000000000000000 ) ) ;
#1666 = EDGE_CURVE ( 'NONE', #1198, #4390, #763, .T. ) ;
#1667 = DIRECTION ( 'NONE',  ( 0.9610992334305258344, 0.000000000000000000, 0.2762033010288896806 ) ) ;
#1668 = AXIS2_PLACEMENT_3D ( 'NONE', #2852, #1490, #4323 ) ;
#1669 = ORIENTED_EDGE ( 'NONE', *, *, #3058, .F. ) ;
#1670 = ORIENTED_EDGE ( 'NONE', *, *, #2171, .T. ) ;
#1671 = AXIS2_PLACEMENT_3D ( 'NONE', #1244, #2255, #455 ) ;
#1672 = CARTESIAN_POINT ( 'NONE',  ( 3.541759999999999575, 0.000000000000000000, -0.05823999999999999316 ) ) ;
#1673 = SURFACE_SIDE_STYLE ('',( #2034 ) ) ;
#1674 = EDGE_LOOP ( 'NONE', ( #1219, #118, #2305, #752 ) ) ;
#1675 = DIRECTION ( 'NONE',  ( 0.000000000000000000, 0.000000000000000000, -1.000000000000000000 ) ) ;
#1676 = DIRECTION ( 'NONE',  ( -0.2729786930695083380, 0.000000000000000000, 0.9620200793798762140 ) ) ;
#1677 = EDGE_CURVE ( 'NONE', #2340, #2210, #3552, .T. ) ;
#1678 = CARTESIAN_POINT ( 'NONE',  ( 0.7499106531603723091, 0.06146476929767830111, -0.09736921794456616930 ) ) ;
#1679 = AXIS2_PLACEMENT_3D ( 'NONE', #1951, #3816, #954 ) ;
#1680 = DIRECTION ( 'NONE',  ( -1.000000000000000000, 0.000000000000000000, 0.000000000000000000 ) ) ;
#1681 = STYLED_ITEM ( 'NONE', ( #3301 ), #2060 ) ;
#1682 = DIRECTION ( 'NONE',  ( -0.000000000000000000, -1.000000000000000000, 0.000000000000000000 ) ) ;
#1683 = CARTESIAN_POINT ( 'NONE',  ( 3.541759999999999575, 0.05823999999999999316, -2.799999999999999822 ) ) ;
#1684 = SURFACE_STYLE_USAGE ( .BOTH. , #3491 ) ;
#1685 = PLANE ( 'NONE',  #3833 ) ;
#1686 =( GEOMETRIC_REPRESENTATION_CONTEXT ( 3 ) GLOBAL_UNCERTAINTY_ASSIGNED_CONTEXT ( ( #3617 ) ) GLOBAL_UNIT_ASSIGNED_CONTEXT ( ( #1170, #1524, #2953 ) ) REPRESENTATION_CONTEXT ( 'NONE', 'WORKASPACE' ) );
#1687 = VECTOR ( 'NONE', #2876, 1000.000000000000114 ) ;
#1688 = PRESENTATION_LAYER_ASSIGNMENT (  '', '', ( #2072 ) ) ;
#1689 = SURFACE_SIDE_STYLE ('',( #3096 ) ) ;
#1690 =( NAMED_UNIT ( * ) SI_UNIT ( $, .STERADIAN. ) SOLID_ANGLE_UNIT ( ) );
#1691 = ORIENTED_EDGE ( 'NONE', *, *, #3540, .F. ) ;
#1692 = LINE ( 'NONE', #4597, #733 ) ;
#1693 = AXIS2_PLACEMENT_3D ( 'NONE', #3702, #3011, #4411 ) ;
#1694 = VERTEX_POINT ( 'NONE', #2213 ) ;
#1695 = FILL_AREA_STYLE_COLOUR ( '', #4092 ) ;
#1696 = VECTOR ( 'NONE', #4109, 1000.000000000000000 ) ;
#1697 = ORIENTED_EDGE ( 'NONE', *, *, #597, .F. ) ;
#1698 = PRESENTATION_STYLE_ASSIGNMENT (( #274 ) ) ;
#1699 = LINE ( 'NONE', #1432, #197 ) ;
#1700 = CARTESIAN_POINT ( 'NONE',  ( 1.944000000000006390, 2.746759999999999646, -1.320128519256672073 ) ) ;
#1701 = AXIS2_PLACEMENT_3D ( 'NONE', #1032, #1392, #2100 ) ;
#1702 = EDGE_LOOP ( 'NONE', ( #2176, #478, #3987, #1568 ) ) ;
#1703 = CARTESIAN_POINT ( 'NONE',  ( 2.849971806316263567, 2.696529121468274059, -2.740654780219224929 ) ) ;
#1704 =( NAMED_UNIT ( * ) PLANE_ANGLE_UNIT ( ) SI_UNIT ( $, .RADIAN. ) );
#1705 = CARTESIAN_POINT ( 'NONE',  ( 1.865671948376557809, 2.741759999999999753, -2.005877581997301817 ) ) ;
#1706 = UNCERTAINTY_MEASURE_WITH_UNIT (LENGTH_MEASURE( 1.000000000000000082E-05 ), #1567, 'distance_accuracy_value', 'NONE');
#1707 = STYLED_ITEM ( 'NONE', ( #4436 ), #1280 ) ;
#1708 = CARTESIAN_POINT ( 'NONE',  ( 2.850000000000000089, 0.05824000000000020133, -2.741759999999999753 ) ) ;
#1709 = LINE ( 'NONE', #4615, #1777 ) ;
#1710 = ORIENTED_EDGE ( 'NONE', *, *, #3194, .T. ) ;
#1711 = CARTESIAN_POINT ( 'NONE',  ( 0.7487394622637468800, 2.720479066268220780, -2.728924731604387421 ) ) ;
#1712 = CARTESIAN_POINT ( 'NONE',  ( 0.6917600000000100335, 0.05823999999999999316, -0.05823999999999999316 ) ) ;
#1713 = AXIS2_PLACEMENT_3D ( 'NONE', #2246, #3380, #1864 ) ;
#1714 = DIRECTION ( 'NONE',  ( -0.9610992334315860974, 0.000000000000000000, -0.2762033010252007981 ) ) ;
#1715 = FILL_AREA_STYLE_COLOUR ( '', #3755 ) ;
#1716 = FACE_OUTER_BOUND ( 'NONE', #1258, .T. ) ;
#1717 = CARTESIAN_POINT ( 'NONE',  ( 3.541759999999999575, 2.799999999999999822, 0.000000000000000000 ) ) ;
#1718 = DIRECTION ( 'NONE',  ( 1.000000000000000000, 0.000000000000000000, 0.000000000000000000 ) ) ;
#1719 = EDGE_LOOP ( 'NONE', ( #3657, #2366, #1310, #1334 ) ) ;
#1720 = DIRECTION ( 'NONE',  ( 0.000000000000000000, 0.000000000000000000, -1.000000000000000000 ) ) ;
#1721 = ORIENTED_EDGE ( 'NONE', *, *, #2584, .F. ) ;
#1722 = LINE ( 'NONE', #4630, #3208 ) ;
#1723 = EDGE_CURVE ( 'NONE', #1420, #4165, #1787, .T. ) ;
#1724 = ORIENTED_EDGE ( 'NONE', *, *, #2846, .F. ) ;
#1725 = CARTESIAN_POINT ( 'NONE',  ( 1.611847357579664575, 2.746759999999999646, -2.199075594982799142 ) ) ;
#1726 = SURFACE_STYLE_FILL_AREA ( #3935 ) ;
#1727 = EDGE_CURVE ( 'NONE', #3501, #2962, #3754, .T. ) ;
#1728 =( LENGTH_UNIT ( ) NAMED_UNIT ( * ) SI_UNIT ( .MILLI., .METRE. ) );
#1729 = VERTEX_POINT ( 'NONE', #1230 ) ;
#1730 = CARTESIAN_POINT ( 'NONE',  ( 1.532369079381479704, 2.746759999999999646, -1.430900981354680468 ) ) ;
#1731 = CARTESIAN_POINT ( 'NONE',  ( 2.849998559839500345, 0.1103921568697332489, -2.741520629182616631 ) ) ;
#1732 = EDGE_CURVE ( 'NONE', #2172, #2210, #3303, .T. ) ;
#1733 = MECHANICAL_DESIGN_GEOMETRIC_PRESENTATION_REPRESENTATION (  '', ( #771 ), #2649 ) ;
#1734 = CARTESIAN_POINT ( 'NONE',  ( 2.852065858225357520, 0.07370422405897772422, -2.723108021931857969 ) ) ;
#1735 = CARTESIAN_POINT ( 'NONE',  ( 0.7499999999999997780, 0.1164800000000001529, -0.05824000000000020133 ) ) ;
#1736 = DIRECTION ( 'NONE',  ( -0.9237839814038673047, 0.000000000000000000, 0.3829140317376986680 ) ) ;
#1737 = EDGE_CURVE ( 'NONE', #1729, #3727, #4374, .T. ) ;
#1738 = CIRCLE ( 'NONE', #2047, 0.05823999999999999316 ) ;
#1739 = VERTEX_POINT ( 'NONE', #4445 ) ;
#1740 = FILL_AREA_STYLE ('',( #2209 ) ) ;
#1741 = VERTEX_POINT ( 'NONE', #3015 ) ;
#1742 = LINE ( 'NONE', #4289, #445 ) ;
#1743 = EDGE_LOOP ( 'NONE', ( #2529, #2911, #4104, #3631 ) ) ;
#1744 = CARTESIAN_POINT ( 'NONE',  ( 2.849971806316264011, 2.740654780219224484, -0.1034708785317250829 ) ) ;
#1745 = DIRECTION ( 'NONE',  ( 0.000000000000000000, 0.000000000000000000, -1.000000000000000000 ) ) ;
#1746 = CARTESIAN_POINT ( 'NONE',  ( 1.532369079381479704, 2.746759999999999646, -0.8455874476530370609 ) ) ;
#1747 = UNCERTAINTY_MEASURE_WITH_UNIT (LENGTH_MEASURE( 1.000000000000000082E-05 ), #3407, 'distance_accuracy_value', 'NONE');
#1748 = CARTESIAN_POINT ( 'NONE',  ( 0.05824000000000020133, 2.741759999999999753, 0.000000000000000000 ) ) ;
#1749 = EDGE_CURVE ( 'NONE', #1248, #4238, #2637, .T. ) ;
#1750 = LINE ( 'NONE', #4297, #3224 ) ;
#1751 =( GEOMETRIC_REPRESENTATION_CONTEXT ( 3 ) GLOBAL_UNCERTAINTY_ASSIGNED_CONTEXT ( ( #3566 ) ) GLOBAL_UNIT_ASSIGNED_CONTEXT ( ( #3415, #889, #1274 ) ) REPRESENTATION_CONTEXT ( 'NONE', 'WORKASPACE' ) );
#1752 = EDGE_LOOP ( 'NONE', ( #1710, #4257, #895, #1454 ) ) ;
#1753 = CARTESIAN_POINT ( 'NONE',  ( 1.944000000000006390, 2.741759999999999753, -1.983651549899683841 ) ) ;
#1754 = FILL_AREA_STYLE_COLOUR ( '', #2432 ) ;
#1755 = DIRECTION ( 'NONE',  ( 0.000000000000000000, 0.000000000000000000, -1.000000000000000000 ) ) ;
#1756 = MECHANICAL_DESIGN_GEOMETRIC_PRESENTATION_REPRESENTATION (  '', ( #2739 ), #1171 ) ;
#1757 = EDGE_CURVE ( 'NONE', #2035, #1420, #2046, .T. ) ;
#1758 = CARTESIAN_POINT ( 'NONE',  ( 0.000000000000000000, 0.05823999999999999316, -2.741759999999999753 ) ) ;
#1759 = FACE_OUTER_BOUND ( 'NONE', #1057, .T. ) ;
#1760 = SURFACE_SIDE_STYLE ('',( #2549 ) ) ;
#1761 = COLOUR_RGB ( '',0.7686274509803920907, 0.7686274509803920907, 0.7686274509803920907 ) ;
#1762 = FILL_AREA_STYLE ('',( #2191 ) ) ;
#1763 = CARTESIAN_POINT ( 'NONE',  ( 1.763380634529654323, 2.746759999999999646, -1.137410209649718507 ) ) ;
#1764 = AXIS2_PLACEMENT_3D ( 'NONE', #2076, #987, #3219 ) ;
#1765 = EDGE_CURVE ( 'NONE', #2447, #3001, #4015, .T. ) ;
#1766 = VERTEX_POINT ( 'NONE', #3667 ) ;
#1767 = DIRECTION ( 'NONE',  ( 1.000000000000000000, 0.000000000000000000, 0.000000000000000000 ) ) ;
#1768 = ORIENTED_EDGE ( 'NONE', *, *, #2584, .T. ) ;
#1769 = DIRECTION ( 'NONE',  ( -0.9612861490927336883, 0.000000000000000000, -0.2755520632520511715 ) ) ;
#1770 = AXIS2_PLACEMENT_3D ( 'NONE', #304, #3890, #1387 ) ;
#1771 =( NAMED_UNIT ( * ) SI_UNIT ( $, .STERADIAN. ) SOLID_ANGLE_UNIT ( ) );
#1772 =( GEOMETRIC_REPRESENTATION_CONTEXT ( 3 ) GLOBAL_UNCERTAINTY_ASSIGNED_CONTEXT ( ( #31 ) ) GLOBAL_UNIT_ASSIGNED_CONTEXT ( ( #1786, #3668, #3573 ) ) REPRESENTATION_CONTEXT ( 'NONE', 'WORKASPACE' ) );
#1773 = ORIENTED_EDGE ( 'NONE', *, *, #3468, .T. ) ;
#1774 = DIRECTION ( 'NONE',  ( 0.000000000000000000, 0.000000000000000000, -1.000000000000000000 ) ) ;
#1775 = FILL_AREA_STYLE_COLOUR ( '', #4574 ) ;
#1776 = CARTESIAN_POINT ( 'NONE',  ( 1.944000000000006390, 2.746759999999999646, -1.320128519256672073 ) ) ;
#1777 = VECTOR ( 'NONE', #1658, 1000.000000000000000 ) ;
#1778 = VECTOR ( 'NONE', #388, 1000.000000000000000 ) ;
#1779 = CARTESIAN_POINT ( 'NONE',  ( 3.600000000000000089, 0.05823999999999999316, -2.741759999999999753 ) ) ;
#1780 = VERTEX_POINT ( 'NONE', #2307 ) ;
#1781 = PLANE ( 'NONE',  #2385 ) ;
#1782 = LINE ( 'NONE', #3968, #39 ) ;
#1783 = CARTESIAN_POINT ( 'NONE',  ( 2.851260537736253653, 0.07952093373177823721, -2.728924731604386977 ) ) ;
#1784 = VECTOR ( 'NONE', #3543, 1000.000000000000000 ) ;
#1785 = EDGE_CURVE ( 'NONE', #2434, #2623, #4392, .T. ) ;
#1786 =( LENGTH_UNIT ( ) NAMED_UNIT ( * ) SI_UNIT ( .MILLI., .METRE. ) );
#1787 = B_SPLINE_CURVE_WITH_KNOTS ( 'NONE', 3,
 ( #507, #2922, #4467, #1538, #1491, #1136, #1902, #3284, #482, #2283 ),
 .UNSPECIFIED., .F., .F.,
 ( 4, 3, 3, 4 ),
 ( 0.000000000000000000, 1.833143621111601695E-05, 3.656618479249310418E-05, 4.558081643555579962E-05 ),
 .UNSPECIFIED. ) ;
#1788 = AXIS2_PLACEMENT_3D ( 'NONE', #3126, #64, #1357 ) ;
#1789 = DIRECTION ( 'NONE',  ( -0.9610029908221286998, 0.000000000000000000, -0.2765379750249931101 ) ) ;
#1790 = DIRECTION ( 'NONE',  ( 1.000000000000000000, 0.000000000000000000, -0.000000000000000000 ) ) ;
#1791 = CARTESIAN_POINT ( 'NONE',  ( 2.852554106022254565, 0.07529810106369556888, -0.07529810106369576317 ) ) ;
#1792 =( NAMED_UNIT ( * ) PLANE_ANGLE_UNIT ( ) SI_UNIT ( $, .RADIAN. ) );
#1793 = SURFACE_STYLE_FILL_AREA ( #66 ) ;
#1794 = EDGE_CURVE ( 'NONE', #3982, #4284, #782, .T. ) ;
#1795 = COLOUR_RGB ( '',0.7686274509803920907, 0.7686274509803920907, 0.7686274509803920907 ) ;
#1796 = EDGE_LOOP ( 'NONE', ( #3943, #1428, #3350, #3430 ) ) ;
#1797 = CARTESIAN_POINT ( 'NONE',  ( 3.600000000000000089, 0.05823999999999999316, 0.000000000000000000 ) ) ;
#1798 = ORIENTED_EDGE ( 'NONE', *, *, #2976, .F. ) ;
#1799 = PLANE ( 'NONE',  #1915 ) ;
#1800 = EDGE_CURVE ( 'NONE', #2447, #428, #1859, .T. ) ;
#1801 = EDGE_LOOP ( 'NONE', ( #4676, #3150, #1073 ) ) ;
#1802 = ORIENTED_EDGE ( 'NONE', *, *, #1677, .T. ) ;
#1803 = FILL_AREA_STYLE_COLOUR ( '', #2214 ) ;
#1804 = EDGE_CURVE ( 'NONE', #2340, #1527, #154, .T. ) ;
#1805 = UNCERTAINTY_MEASURE_WITH_UNIT (LENGTH_MEASURE( 1.000000000000000082E-05 ), #4654, 'distance_accuracy_value', 'NONE');
#1806 = PRESENTATION_LAYER_ASSIGNMENT (  '', '', ( #3847 ) ) ;
#1807 = ORIENTED_EDGE ( 'NONE', *, *, #1804, .F. ) ;
#1808 = DIRECTION ( 'NONE',  ( -0.3725077383644825324, 0.000000000000000000, -0.9280290862136694185 ) ) ;
#1809 = PRESENTATION_STYLE_ASSIGNMENT (( #1832 ) ) ;
#1810 = DIRECTION ( 'NONE',  ( -0.000000000000000000, -1.000000000000000000, 0.000000000000000000 ) ) ;
#1811 = FACE_OUTER_BOUND ( 'NONE', #4201, .T. ) ;
#1812 = DIRECTION ( 'NONE',  ( 1.000000000000000000, 0.000000000000000000, 0.000000000000000000 ) ) ;
#1813 = CARTESIAN_POINT ( 'NONE',  ( 1.532369079381479704, 2.746759999999999646, -1.560922121378591987 ) ) ;
#1814 = MECHANICAL_DESIGN_GEOMETRIC_PRESENTATION_REPRESENTATION (  '', ( #3401 ), #908 ) ;
#1815 =( GEOMETRIC_REPRESENTATION_CONTEXT ( 3 ) GLOBAL_UNCERTAINTY_ASSIGNED_CONTEXT ( ( #1706 ) ) GLOBAL_UNIT_ASSIGNED_CONTEXT ( ( #1567, #3002, #4426 ) ) REPRESENTATION_CONTEXT ( 'NONE', 'WORKASPACE' ) );
#1816 = VERTEX_POINT ( 'NONE', #1514 ) ;
#1817 = DIRECTION ( 'NONE',  ( 7.938847109757215918E-05, 0.000000000000000000, -0.9999999968487351953 ) ) ;
#1818 = EDGE_CURVE ( 'NONE', #2936, #3320, #1579, .T. ) ;
#1819 = ORIENTED_EDGE ( 'NONE', *, *, #4474, .T. ) ;
#1820 = FACE_OUTER_BOUND ( 'NONE', #1433, .T. ) ;
#1821 = VECTOR ( 'NONE', #1843, 1000.000000000000000 ) ;
#1822 = ORIENTED_EDGE ( 'NONE', *, *, #3828, .F. ) ;
#1823 = ADVANCED_FACE ( 'NONE', ( #463 ), #128, .F. ) ;
#1824 = VERTEX_POINT ( 'NONE', #2613 ) ;
#1825 = COLOUR_RGB ( '',0.6470588235294117974, 0.5176470588235293491, 0.000000000000000000 ) ;
#1826 = SURFACE_STYLE_FILL_AREA ( #1551 ) ;
#1827 = CARTESIAN_POINT ( 'NONE',  ( 3.541759999999999575, 0.05823999999999999316, 0.000000000000000000 ) ) ;
#1828 = LINE ( 'NONE', #30, #4200 ) ;
#1829 =( LENGTH_UNIT ( ) NAMED_UNIT ( * ) SI_UNIT ( .MILLI., .METRE. ) );
#1830 = ORIENTED_EDGE ( 'NONE', *, *, #903, .F. ) ;
#1831 = CARTESIAN_POINT ( 'NONE',  ( 2.850044628120886880, 2.738164905933810900, -2.704563364018939264 ) ) ;
#1832 = SURFACE_STYLE_USAGE ( .BOTH. , #389 ) ;
#1833 = CARTESIAN_POINT ( 'NONE',  ( 0.7500000000000000000, 0.05824000000000020133, -2.741759999999999753 ) ) ;
#1834 = PRESENTATION_LAYER_ASSIGNMENT (  '', '', ( #1540 ) ) ;
#1835 = AXIS2_PLACEMENT_3D ( 'NONE', #3207, #4660, #2091 ) ;
#1836 = CARTESIAN_POINT ( 'NONE',  ( 0.7500000000000000000, 2.741759999999999753, -2.799999999999999822 ) ) ;
#1837 = FILL_AREA_STYLE ('',( #1187 ) ) ;
#1838 = DIRECTION ( 'NONE',  ( -0.000000000000000000, -1.000000000000000000, -0.000000000000000000 ) ) ;
#1839 = CARTESIAN_POINT ( 'NONE',  ( 1.532369079381479704, 2.741759999999999753, -0.9104450990217833883 ) ) ;
#1840 = DIRECTION ( 'NONE',  ( -0.8958676361826827250, 0.000000000000000000, -0.4443210308329465508 ) ) ;
#1841 = STYLED_ITEM ( 'NONE', ( #3322 ), #2074 ) ;
#1842 = ORIENTED_EDGE ( 'NONE', *, *, #2096, .F. ) ;
#1843 = DIRECTION ( 'NONE',  ( 0.000000000000000000, 0.000000000000000000, -1.000000000000000000 ) ) ;
#1844 = EDGE_LOOP ( 'NONE', ( #344, #4427, #3991 ) ) ;
#1845 = DIRECTION ( 'NONE',  ( -1.000000000000000000, 0.000000000000000000, 0.000000000000000000 ) ) ;
#1846 = VECTOR ( 'NONE', #827, 1000.000000000000227 ) ;
#1847 = ORIENTED_EDGE ( 'NONE', *, *, #3498, .T. ) ;
#1848 = CIRCLE ( 'NONE', #4507, 0.05823999999999999316 ) ;
#1849 = SURFACE_SIDE_STYLE ('',( #1201 ) ) ;
#1850 = DIRECTION ( 'NONE',  ( 1.000000000000000000, 0.000000000000000000, 0.000000000000000000 ) ) ;
#1851 = SURFACE_STYLE_USAGE ( .BOTH. , #856 ) ;
#1852 = ADVANCED_FACE ( 'NONE', ( #4063 ), #3707, .T. ) ;
#1853 = UNCERTAINTY_MEASURE_WITH_UNIT (LENGTH_MEASURE( 1.000000000000000082E-05 ), #1070, 'distance_accuracy_value', 'NONE');
#1854 = PRESENTATION_LAYER_ASSIGNMENT (  '', '', ( #2979 ) ) ;
#1855 = SURFACE_STYLE_FILL_AREA ( #4034 ) ;
#1856 = ORIENTED_EDGE ( 'NONE', *, *, #3170, .F. ) ;
#1857 =( NAMED_UNIT ( * ) SI_UNIT ( $, .STERADIAN. ) SOLID_ANGLE_UNIT ( ) );
#1858 = CARTESIAN_POINT ( 'NONE',  ( 0.7487394622637468800, 2.728924731604386977, -0.07952093373177847313 ) ) ;
#1859 = LINE ( 'NONE', #823, #3203 ) ;
#1860 = VECTOR ( 'NONE', #1905, 1000.000000000000000 ) ;
#1861 = AXIS2_PLACEMENT_3D ( 'NONE', #3217, #4328, #1789 ) ;
#1862 = CIRCLE ( 'NONE', #2453, 0.05824000000000020133 ) ;
#1863 =( GEOMETRIC_REPRESENTATION_CONTEXT ( 3 ) GLOBAL_UNCERTAINTY_ASSIGNED_CONTEXT ( ( #3375 ) ) GLOBAL_UNIT_ASSIGNED_CONTEXT ( ( #3442, #2356, #4547 ) ) REPRESENTATION_CONTEXT ( 'NONE', 'WORKASPACE' ) );
#1864 = DIRECTION ( 'NONE',  ( 0.000000000000000000, -0.000000000000000000, 1.000000000000000000 ) ) ;
#1865 = DIRECTION ( 'NONE',  ( 1.000000000000000000, -0.000000000000000000, 0.000000000000000000 ) ) ;
#1866 = EDGE_CURVE ( 'NONE', #4082, #4629, #3083, .T. ) ;
#1867 = AXIS2_PLACEMENT_3D ( 'NONE', #2696, #3104, #4169 ) ;
#1868 = ORIENTED_EDGE ( 'NONE', *, *, #922, .T. ) ;
#1869 = DIRECTION ( 'NONE',  ( 0.000000000000000000, 0.000000000000000000, -1.000000000000000000 ) ) ;
#1870 = ORIENTED_EDGE ( 'NONE', *, *, #4494, .F. ) ;
#1871 = CARTESIAN_POINT ( 'NONE',  ( 1.865671948376557809, 2.741759999999999753, -1.812111339561971679 ) ) ;
#1872 = ORIENTED_EDGE ( 'NONE', *, *, #2192, .F. ) ;
#1873 = ORIENTED_EDGE ( 'NONE', *, *, #1818, .F. ) ;
#1874 = FILL_AREA_STYLE_COLOUR ( '', #3689 ) ;
#1875 = FILL_AREA_STYLE_COLOUR ( '', #278 ) ;
#1876 = DIRECTION ( 'NONE',  ( -0.9601763114327565019, 0.000000000000000000, -0.2793947940878392933 ) ) ;
#1877 = ORIENTED_EDGE ( 'NONE', *, *, #1723, .T. ) ;
#1878 = SURFACE_STYLE_FILL_AREA ( #127 ) ;
#1879 = PLANE ( 'NONE',  #4484 ) ;
#1880 = EDGE_CURVE ( 'NONE', #2430, #2936, #2702, .T. ) ;
#1881 = CARTESIAN_POINT ( 'NONE',  ( 1.687284197684115750, 2.746759999999999646, -1.159145611914445873 ) ) ;
#1882 = VECTOR ( 'NONE', #4230, 1000.000000000000114 ) ;
#1883 = LINE ( 'NONE', #485, #1860 ) ;
#1884 = FACE_OUTER_BOUND ( 'NONE', #402, .T. ) ;
#1885 = CARTESIAN_POINT ( 'NONE',  ( 1.532369079381479704, 2.746759999999999646, -0.4682956089486576823 ) ) ;
#1886 = LINE ( 'NONE', #3266, #4351 ) ;
#1887 = ORIENTED_EDGE ( 'NONE', *, *, #3124, .T. ) ;
#1888 = LINE ( 'NONE', #3698, #1967 ) ;
#1889 = EDGE_CURVE ( 'NONE', #2850, #1739, #4589, .T. ) ;
#1890 = ORIENTED_EDGE ( 'NONE', *, *, #3793, .T. ) ;
#1891 = VECTOR ( 'NONE', #2694, 1000.000000000000000 ) ;
#1892 = VERTEX_POINT ( 'NONE', #907 ) ;
#1893 = VERTEX_POINT ( 'NONE', #598 ) ;
#1894 = FACE_OUTER_BOUND ( 'NONE', #3581, .T. ) ;
#1895 = CARTESIAN_POINT ( 'NONE',  ( 1.944000000000006390, 2.741759999999999753, -0.7460696939635345082 ) ) ;
#1896 = SURFACE_STYLE_USAGE ( .BOTH. , #124 ) ;
#1897 =( LENGTH_UNIT ( ) NAMED_UNIT ( * ) SI_UNIT ( .MILLI., .METRE. ) );
#1898 = CIRCLE ( 'NONE', #4558, 0.05824000000000020133 ) ;
#1899 = ORIENTED_EDGE ( 'NONE', *, *, #980, .T. ) ;
#1900 = CARTESIAN_POINT ( 'NONE',  ( 2.908240000000000158, 0.05823999999999999316, -2.741759999999999753 ) ) ;
#1901 = FACE_OUTER_BOUND ( 'NONE', #2485, .T. ) ;
#1902 = CARTESIAN_POINT ( 'NONE',  ( 2.850004373536457969, 0.05895372992004442592, -0.1073901237253754581 ) ) ;
#1903 =( GEOMETRIC_REPRESENTATION_CONTEXT ( 3 ) GLOBAL_UNCERTAINTY_ASSIGNED_CONTEXT ( ( #776 ) ) GLOBAL_UNIT_ASSIGNED_CONTEXT ( ( #822, #4038, #481 ) ) REPRESENTATION_CONTEXT ( 'NONE', 'WORKASPACE' ) );
#1904 = UNCERTAINTY_MEASURE_WITH_UNIT (LENGTH_MEASURE( 1.000000000000000082E-05 ), #2406, 'distance_accuracy_value', 'NONE');
#1905 = DIRECTION ( 'NONE',  ( -0.000000000000000000, -0.000000000000000000, 1.000000000000000000 ) ) ;
#1906 = VECTOR ( 'NONE', #1774, 1000.000000000000000 ) ;
#1907 = SURFACE_STYLE_FILL_AREA ( #1837 ) ;
#1908 = CARTESIAN_POINT ( 'NONE',  ( 1.944000000000006390, 2.746759999999999646, -1.623113718722069665 ) ) ;
#1909 = DIRECTION ( 'NONE',  ( 1.000000000000000000, -0.000000000000000000, 0.000000000000000000 ) ) ;
#1910 = ADVANCED_FACE ( 'NONE', ( #3775 ), #3465, .T. ) ;
#1911 = ORIENTED_EDGE ( 'NONE', *, *, #2798, .F. ) ;
#1912 = VECTOR ( 'NONE', #3688, 1000.000000000000114 ) ;
#1913 = ORIENTED_EDGE ( 'NONE', *, *, #346, .T. ) ;
#1914 = DIRECTION ( 'NONE',  ( -1.000000000000000000, 0.000000000000000000, -0.000000000000000000 ) ) ;
#1915 = AXIS2_PLACEMENT_3D ( 'NONE', #4223, #3908, #2481 ) ;
#1916 = ORIENTED_EDGE ( 'NONE', *, *, #1409, .F. ) ;
#1917 = ORIENTED_EDGE ( 'NONE', *, *, #3633, .T. ) ;
#1918 = CYLINDRICAL_SURFACE ( 'NONE', #1504, 0.05823999999999998622 ) ;
#1919 = CARTESIAN_POINT ( 'NONE',  ( 0.7474458939777557376, 0.07529810106369563827, -0.07529810106369567990 ) ) ;
#1920 = APPLICATION_CONTEXT ( 'automotive_design' ) ;
#1921 =( NAMED_UNIT ( * ) SI_UNIT ( $, .STERADIAN. ) SOLID_ANGLE_UNIT ( ) );
#1922 = STYLED_ITEM ( 'NONE', ( #717 ), #2699 ) ;
#1923 = ORIENTED_EDGE ( 'NONE', *, *, #457, .T. ) ;
#1924 = CARTESIAN_POINT ( 'NONE',  ( 1.610720911532859345, 2.746759999999999646, -1.004747407186507457 ) ) ;
#1925 = CARTESIAN_POINT ( 'NONE',  ( 1.532369079381479704, 2.746759999999999646, -0.5855010684459950321 ) ) ;
#1926 = DIRECTION ( 'NONE',  ( -0.000000000000000000, -1.000000000000000000, 0.000000000000000000 ) ) ;
#1927 = VECTOR ( 'NONE', #4302, 1000.000000000000000 ) ;
#1928 = LINE ( 'NONE', #3669, #2004 ) ;
#1929 = FACE_OUTER_BOUND ( 'NONE', #3717, .T. ) ;
#1930 = DIRECTION ( 'NONE',  ( 1.000000000000000000, 0.000000000000000000, 0.000000000000000000 ) ) ;
#1931 = EDGE_CURVE ( 'NONE', #991, #2531, #2744, .T. ) ;
#1932 = CARTESIAN_POINT ( 'NONE',  ( 1.944000000000006390, 2.746759999999999646, -2.103578002401880642 ) ) ;
#1933 = MECHANICAL_DESIGN_GEOMETRIC_PRESENTATION_REPRESENTATION (  '', ( #523 ), #1632 ) ;
#1934 = VECTOR ( 'NONE', #3259, 1000.000000000000000 ) ;
#1935 = ORIENTED_EDGE ( 'NONE', *, *, #4343, .F. ) ;
#1936 = CARTESIAN_POINT ( 'NONE',  ( 1.944000000000006390, 2.746759999999999646, -0.7460696939635345082 ) ) ;
#1937 = VERTEX_POINT ( 'NONE', #4204 ) ;
#1938 = EDGE_CURVE ( 'NONE', #1556, #1198, #998, .T. ) ;
#1939 =( NAMED_UNIT ( * ) PLANE_ANGLE_UNIT ( ) SI_UNIT ( $, .RADIAN. ) );
#1940 = AXIS2_PLACEMENT_3D ( 'NONE', #2274, #4408, #1128 ) ;
#1941 = ORIENTED_EDGE ( 'NONE', *, *, #4504, .T. ) ;
#1942 = VECTOR ( 'NONE', #613, 1000.000000000000227 ) ;
#1943 = VERTEX_POINT ( 'NONE', #2468 ) ;
#1944 = EDGE_CURVE ( 'NONE', #428, #2300, #1076, .T. ) ;
#1945 = SURFACE_STYLE_FILL_AREA ( #902 ) ;
#1946 = ADVANCED_FACE ( 'NONE', ( #1386 ), #3962, .F. ) ;
#1947 = ORIENTED_EDGE ( 'NONE', *, *, #658, .F. ) ;
#1948 = LINE ( 'NONE', #2678, #527 ) ;
#1949 = DIRECTION ( 'NONE',  ( 0.000000000000000000, -0.000000000000000000, -1.000000000000000000 ) ) ;
#1950 = EDGE_CURVE ( 'NONE', #2576, #4141, #8, .T. ) ;
#1951 = CARTESIAN_POINT ( 'NONE',  ( 0.6917600000000100335, 0.05823999999999999316, 0.000000000000000000 ) ) ;
#1952 = DIRECTION ( 'NONE',  ( -0.000000000000000000, -1.000000000000000000, 0.000000000000000000 ) ) ;
#1953 = SURFACE_STYLE_FILL_AREA ( #533 ) ;
#1954 = SURFACE_STYLE_USAGE ( .BOTH. , #3759 ) ;
#1955 = ORIENTED_EDGE ( 'NONE', *, *, #3948, .T. ) ;
#1956 = LINE ( 'NONE', #3399, #2797 ) ;
#1957 = ORIENTED_EDGE ( 'NONE', *, *, #3743, .T. ) ;
#1958 = CARTESIAN_POINT ( 'NONE',  ( 1.532369079381479704, 2.746759999999999646, -0.7101235493540221100 ) ) ;
#1959 = B_SPLINE_CURVE_WITH_KNOTS ( 'NONE', 3,
 ( #288, #1711, #3167, #2448, #3895, #821, #1180, #505, #104, #801 ),
 .UNSPECIFIED., .F., .F.,
 ( 4, 3, 3, 4 ),
 ( 0.000000000000000000, 1.833143621111726378E-05, 3.656618479249504219E-05, 4.558081643555663987E-05 ),
 .UNSPECIFIED. ) ;
#1960 = EDGE_CURVE ( 'NONE', #1824, #1045, #3161, .T. ) ;
#1961 = ORIENTED_EDGE ( 'NONE', *, *, #3042, .F. ) ;
#1962 = EDGE_LOOP ( 'NONE', ( #3763, #4361, #3275, #2030 ) ) ;
#1963 = CARTESIAN_POINT ( 'NONE',  ( 2.850000000000000089, 0.1100196155029171535, -0.05824000000000020133 ) ) ;
#1964 = CARTESIAN_POINT ( 'NONE',  ( 0.7499999999999997780, 0.000000000000000000, -0.05824000000000020133 ) ) ;
#1965 = ADVANCED_FACE ( 'NONE', ( #3863 ), #3544, .F. ) ;
#1966 = ORIENTED_EDGE ( 'NONE', *, *, #3977, .F. ) ;
#1967 = VECTOR ( 'NONE', #2173, 1000.000000000000227 ) ;
#1968 = LINE ( 'NONE', #4490, #4441 ) ;
#1969 = CARTESIAN_POINT ( 'NONE',  ( 1.610734679207226794, 2.746759999999999646, -1.885302797215325343 ) ) ;
#1970 = CARTESIAN_POINT ( 'NONE',  ( 0.6917600000000100335, -1.082802241108935926E-14, -2.741759999999999753 ) ) ;
#1971 = STYLED_ITEM ( 'NONE', ( #3396 ), #4081 ) ;
#1972 = CARTESIAN_POINT ( 'NONE',  ( 0.7500000000000000000, 2.741759999999999753, -2.799999999999999822 ) ) ;
#1973 = DIRECTION ( 'NONE',  ( 1.000000000000000000, -0.000000000000000000, -0.000000000000000000 ) ) ;
#1974 = VECTOR ( 'NONE', #3753, 1000.000000000000114 ) ;
#1975 = AXIS2_PLACEMENT_3D ( 'NONE', #2301, #1552, #4056 ) ;
#1976 = VERTEX_POINT ( 'NONE', #385 ) ;
#1977 = FILL_AREA_STYLE ('',( #2361 ) ) ;
#1978 = ORIENTED_EDGE ( 'NONE', *, *, #2604, .F. ) ;
#1979 = DIRECTION ( 'NONE',  ( 1.000000000000000000, 0.000000000000000000, 0.000000000000000000 ) ) ;
#1980 = STYLED_ITEM ( 'NONE', ( #977 ), #1852 ) ;
#1981 = VERTEX_POINT ( 'NONE', #669 ) ;
#1982 = ORIENTED_EDGE ( 'NONE', *, *, #604, .F. ) ;
#1983 = CARTESIAN_POINT ( 'NONE',  ( 1.532369079381479704, 2.741759999999999753, -1.430900981354680468 ) ) ;
#1984 =( NAMED_UNIT ( * ) PLANE_ANGLE_UNIT ( ) SI_UNIT ( $, .RADIAN. ) );
#1985 = COLOUR_RGB ( '',0.7686274509803920907, 0.7686274509803920907, 0.7686274509803920907 ) ;
#1986 = CIRCLE ( 'NONE', #2972, 0.05824000000000020133 ) ;
#1987 = ORIENTED_EDGE ( 'NONE', *, *, #3785, .T. ) ;
#1988 = CARTESIAN_POINT ( 'NONE',  ( 1.611847357580686646, 2.746759999999999646, -2.316306086614288606 ) ) ;
#1989 = CARTESIAN_POINT ( 'NONE',  ( 1.532369079381479704, 2.746759999999999646, -0.4682956089486576823 ) ) ;
#1990 = SURFACE_STYLE_USAGE ( .BOTH. , #4563 ) ;
#1991 = ADVANCED_FACE ( 'NONE', ( #4267 ), #2488, .T. ) ;
#1992 = UNCERTAINTY_MEASURE_WITH_UNIT (LENGTH_MEASURE( 1.000000000000000082E-05 ), #1355, 'distance_accuracy_value', 'NONE');
#1993 = AXIS2_PLACEMENT_3D ( 'NONE', #4576, #2756, #2050 ) ;
#1994 = DIRECTION ( 'NONE',  ( 0.000000000000000000, 0.000000000000000000, 1.000000000000000000 ) ) ;
#1995 = CARTESIAN_POINT ( 'NONE',  ( 1.763380634530516300, 2.741759999999999753, -2.017938064331727954 ) ) ;
#1996 = DIRECTION ( 'NONE',  ( -0.9615454294334447871, 0.000000000000000000, -0.2746459304917005517 ) ) ;
#1997 = AXIS2_PLACEMENT_3D ( 'NONE', #3082, #1269, #2416 ) ;
#1998 = ADVANCED_FACE ( 'NONE', ( #3181 ), #1101, .F. ) ;
#1999 = ORIENTED_EDGE ( 'NONE', *, *, #24, .F. ) ;
#2000 = VERTEX_POINT ( 'NONE', #2820 ) ;
#2001 = EDGE_CURVE ( 'NONE', #2280, #710, #2113, .T. ) ;
#2002 =( LENGTH_UNIT ( ) NAMED_UNIT ( * ) SI_UNIT ( .MILLI., .METRE. ) );
#2003 = STYLED_ITEM ( 'NONE', ( #223 ), #3163 ) ;
#2004 = VECTOR ( 'NONE', #2641, 1000.000000000000000 ) ;
#2005 = ORIENTED_EDGE ( 'NONE', *, *, #828, .T. ) ;
#2006 = CARTESIAN_POINT ( 'NONE',  ( 1.944000000000006390, 2.746759999999999646, -1.320128519256672073 ) ) ;
#2007 = ORIENTED_EDGE ( 'NONE', *, *, #3029, .T. ) ;
#2008 = LINE ( 'NONE', #4146, #2766 ) ;
#2009 = APPLICATION_PROTOCOL_DEFINITION ( 'draft international standard', 'automotive_design', 1998, #1920 ) ;
#2010 = COLOUR_RGB ( '',0.7686274509803920907, 0.7686274509803920907, 0.7686274509803920907 ) ;
#2011 = DIRECTION ( 'NONE',  ( 0.000000000000000000, 0.000000000000000000, -1.000000000000000000 ) ) ;
#2012 = B_SPLINE_CURVE_WITH_KNOTS ( 'NONE', 3,
 ( #19, #2761, #4221, #2413, #3855, #4330, #2436, #2389, #1114, #637 ),
 .UNSPECIFIED., .F., .F.,
 ( 4, 3, 3, 4 ),
 ( 0.000000000000000000, 1.938115349126065575E-05, 3.880233050466118800E-05, 4.563224590952861328E-05 ),
 .UNSPECIFIED. ) ;
#2013 = ORIENTED_EDGE ( 'NONE', *, *, #247, .T. ) ;
#2014 = CARTESIAN_POINT ( 'NONE',  ( 1.532369079381479704, 2.746759999999999646, -1.741460643546117293 ) ) ;
#2015 = CARTESIAN_POINT ( 'NONE',  ( 0.7500000000000000000, 2.741759999999999753, -2.799999999999999822 ) ) ;
#2016 =( NAMED_UNIT ( * ) SI_UNIT ( $, .STERADIAN. ) SOLID_ANGLE_UNIT ( ) );
#2017 = DIRECTION ( 'NONE',  ( -1.000000000000000000, 0.000000000000000000, 0.000000000000000000 ) ) ;
#2018 = VECTOR ( 'NONE', #2787, 1000.000000000000000 ) ;
#2019 = ADVANCED_FACE ( 'NONE', ( #2135 ), #456, .T. ) ;
#2020 = CARTESIAN_POINT ( 'NONE',  ( 0.7500000000000000000, 2.741759999999999753, -2.799999999999999822 ) ) ;
#2021 = FACE_OUTER_BOUND ( 'NONE', #4482, .T. ) ;
#2022 = CARTESIAN_POINT ( 'NONE',  ( 0.7500000000000000000, 2.683519999999999683, -0.1164799999999999724 ) ) ;
#2023 =( NAMED_UNIT ( * ) PLANE_ANGLE_UNIT ( ) SI_UNIT ( $, .RADIAN. ) );
#2024 = FILL_AREA_STYLE ('',( #3273 ) ) ;
#2025 = DIRECTION ( 'NONE',  ( -0.9615825319869173438, 0.000000000000000000, -0.2745159998572558879 ) ) ;
#2026 = CARTESIAN_POINT ( 'NONE',  ( 1.532369079381479704, 2.741759999999999753, -0.7101235493540221100 ) ) ;
#2027 =( LENGTH_UNIT ( ) NAMED_UNIT ( * ) SI_UNIT ( .MILLI., .METRE. ) );
#2028 =( GEOMETRIC_REPRESENTATION_CONTEXT ( 3 ) GLOBAL_UNCERTAINTY_ASSIGNED_CONTEXT ( ( #2615 ) ) GLOBAL_UNIT_ASSIGNED_CONTEXT ( ( #3647, #1792, #3978 ) ) REPRESENTATION_CONTEXT ( 'NONE', 'WORKASPACE' ) );
#2029 = EDGE_CURVE ( 'NONE', #4336, #2838, #3588, .T. ) ;
#2030 = ORIENTED_EDGE ( 'NONE', *, *, #222, .T. ) ;
#2031 = LINE ( 'NONE', #3223, #2276 ) ;
#2032 = ORIENTED_EDGE ( 'NONE', *, *, #280, .T. ) ;
#2033 = CYLINDRICAL_SURFACE ( 'NONE', #870, 0.05824000000000020133 ) ;
#2034 = SURFACE_STYLE_FILL_AREA ( #1652 ) ;
#2035 = VERTEX_POINT ( 'NONE', #2983 ) ;
#2036 = DIRECTION ( 'NONE',  ( 0.000000000000000000, 0.000000000000000000, -1.000000000000000000 ) ) ;
#2037 = CARTESIAN_POINT ( 'NONE',  ( 2.851260537736253653, 2.720479066268221224, -0.07107526839561294218 ) ) ;
#2038 = UNCERTAINTY_MEASURE_WITH_UNIT (LENGTH_MEASURE( 1.000000000000000082E-05 ), #2648, 'distance_accuracy_value', 'NONE');
#2039 = DIRECTION ( 'NONE',  ( -1.000000000000000000, 0.000000000000000000, 0.000000000000000000 ) ) ;
#2040 = VECTOR ( 'NONE', #2712, 1000.000000000000000 ) ;
#2041 = LINE ( 'NONE', #1972, #2614 ) ;
#2042 = FILL_AREA_STYLE ('',( #3113 ) ) ;
#2043 = SURFACE_STYLE_FILL_AREA ( #2449 ) ;
#2044 = AXIS2_PLACEMENT_3D ( 'NONE', #1449, #4381, #1476 ) ;
#2045 = ADVANCED_FACE ( 'NONE', ( #4438 ), #1483, .F. ) ;
#2046 =( BOUNDED_CURVE ( )  B_SPLINE_CURVE ( 3, ( #2965, #3373, #2566, #4106 ),
 .UNSPECIFIED., .F., .T. ) 
 B_SPLINE_CURVE_WITH_KNOTS ( ( 4, 4 ),
 ( 4.712388980384690562, 5.009640341705897448 ),
 .UNSPECIFIED. ) 
 CURVE ( )  GEOMETRIC_REPRESENTATION_ITEM ( )  RATIONAL_B_SPLINE_CURVE ( ( 1.000000000000000000, 0.9926503465430338569, 0.9926503465430338569, 1.000000000000000000 ) ) 
 REPRESENTATION_ITEM ( '' )  );
#2047 = AXIS2_PLACEMENT_3D ( 'NONE', #1007, #626, #4254 ) ;
#2048 =( NAMED_UNIT ( * ) PLANE_ANGLE_UNIT ( ) SI_UNIT ( $, .RADIAN. ) );
#2049 = VERTEX_POINT ( 'NONE', #1575 ) ;
#2050 = DIRECTION ( 'NONE',  ( 0.000000000000000000, 0.000000000000000000, 1.000000000000000000 ) ) ;
#2051 = EDGE_CURVE ( 'NONE', #1166, #2717, #3348, .T. ) ;
#2052 = PRESENTATION_LAYER_ASSIGNMENT (  '', '', ( #1079 ) ) ;
#2053 = ORIENTED_EDGE ( 'NONE', *, *, #1197, .T. ) ;
#2054 = LINE ( 'NONE', #3533, #1298 ) ;
#2055 = ORIENTED_EDGE ( 'NONE', *, *, #1176, .T. ) ;
#2056 = AXIS2_PLACEMENT_3D ( 'NONE', #691, #1435, #3934 ) ;
#2057 =( LENGTH_UNIT ( ) NAMED_UNIT ( * ) SI_UNIT ( .MILLI., .METRE. ) );
#2058 = CARTESIAN_POINT ( 'NONE',  ( 1.532369079381479704, 2.746759999999999646, -1.430900981354680468 ) ) ;
#2059 = FACE_OUTER_BOUND ( 'NONE', #2603, .T. ) ;
#2060 = ADVANCED_FACE ( 'NONE', ( #2913 ), #2560, .F. ) ;
#2061 = VECTOR ( 'NONE', #3353, 1000.000000000000000 ) ;
#2062 = EDGE_LOOP ( 'NONE', ( #273, #1220, #187 ) ) ;
#2063 = DIRECTION ( 'NONE',  ( 0.000000000000000000, 0.000000000000000000, 1.000000000000000000 ) ) ;
#2064 = DIRECTION ( 'NONE',  ( 0.000000000000000000, -1.000000000000000000, 0.000000000000000000 ) ) ;
#2065 = DIRECTION ( 'NONE',  ( 0.000000000000000000, -1.000000000000000000, 0.000000000000000000 ) ) ;
#2066 = VECTOR ( 'NONE', #437, 1000.000000000000000 ) ;
#2067 = FACE_OUTER_BOUND ( 'NONE', #4143, .T. ) ;
#2068 = DIRECTION ( 'NONE',  ( 0.9615323037684311291, 0.000000000000000000, 0.2746918797667186607 ) ) ;
#2069 = FACE_OUTER_BOUND ( 'NONE', #2327, .T. ) ;
#2070 = DIRECTION ( 'NONE',  ( 0.000000000000000000, 0.000000000000000000, 1.000000000000000000 ) ) ;
#2071 = CARTESIAN_POINT ( 'NONE',  ( 1.763380634530516300, 2.746759999999999646, -1.841313827505607126 ) ) ;
#2072 = STYLED_ITEM ( 'NONE', ( #965 ), #396 ) ;
#2073 = CARTESIAN_POINT ( 'NONE',  ( 1.610720911532859345, 2.741759999999999753, -1.192290661020161346 ) ) ;
#2074 = ADVANCED_FACE ( 'NONE', ( #2206 ), #4032, .T. ) ;
#2075 = CARTESIAN_POINT ( 'NONE',  ( 0.05823999999999999316, 2.741759999999999753, -0.05823999999999999316 ) ) ;
#2076 = CARTESIAN_POINT ( 'NONE',  ( 3.541759999999999575, 0.05823999999999999316, -0.05823999999999999316 ) ) ;
#2077 =( GEOMETRIC_REPRESENTATION_CONTEXT ( 3 ) GLOBAL_UNCERTAINTY_ASSIGNED_CONTEXT ( ( #3279 ) ) GLOBAL_UNIT_ASSIGNED_CONTEXT ( ( #458, #2277, #1532 ) ) REPRESENTATION_CONTEXT ( 'NONE', 'WORKASPACE' ) );
#2078 = ORIENTED_EDGE ( 'NONE', *, *, #926, .F. ) ;
#2079 = EDGE_CURVE ( 'NONE', #1556, #3811, #946, .T. ) ;
#2080 =( GEOMETRIC_REPRESENTATION_CONTEXT ( 3 ) GLOBAL_UNCERTAINTY_ASSIGNED_CONTEXT ( ( #4368 ) ) GLOBAL_UNIT_ASSIGNED_CONTEXT ( ( #1517, #4131, #1161 ) ) REPRESENTATION_CONTEXT ( 'NONE', 'WORKASPACE' ) );
#2081 = ORIENTED_EDGE ( 'NONE', *, *, #3483, .F. ) ;
#2082 = CYLINDRICAL_SURFACE ( 'NONE', #1788, 0.05824000000000020133 ) ;
#2083 = COLOUR_RGB ( '',0.7686274509803920907, 0.7686274509803920907, 0.7686274509803920907 ) ;
#2084 = CARTESIAN_POINT ( 'NONE',  ( 2.908240000000000158, 0.05823999999999999316, 0.000000000000000000 ) ) ;
#2085 = AXIS2_PLACEMENT_3D ( 'NONE', #2137, #1366, #979 ) ;
#2086 = VECTOR ( 'NONE', #2893, 1000.000000000000114 ) ;
#2087 = ADVANCED_FACE ( 'NONE', ( #169 ), #4557, .T. ) ;
#2088 = ORIENTED_EDGE ( 'NONE', *, *, #4103, .T. ) ;
#2089 = FACE_OUTER_BOUND ( 'NONE', #1360, .T. ) ;
#2090 =( NAMED_UNIT ( * ) PLANE_ANGLE_UNIT ( ) SI_UNIT ( $, .RADIAN. ) );
#2091 = DIRECTION ( 'NONE',  ( 0.000000000000000000, 0.000000000000000000, 1.000000000000000000 ) ) ;
#2092 = SURFACE_STYLE_USAGE ( .BOTH. , #9 ) ;
#2093 = UNCERTAINTY_MEASURE_WITH_UNIT (LENGTH_MEASURE( 1.000000000000000082E-05 ), #2369, 'distance_accuracy_value', 'NONE');
#2094 = CIRCLE ( 'NONE', #1867, 0.05823999999999998622 ) ;
#2095 = CARTESIAN_POINT ( 'NONE',  ( 1.532369079381479704, 2.746759999999999646, -2.451850088074075895 ) ) ;
#2096 = EDGE_CURVE ( 'NONE', #2717, #3365, #3791, .T. ) ;
#2097 = FILL_AREA_STYLE_COLOUR ( '', #1191 ) ;
#2098 = ADVANCED_FACE ( 'NONE', ( #2697 ), #4537, .F. ) ;
#2099 = VERTEX_POINT ( 'NONE', #275 ) ;
#2100 = DIRECTION ( 'NONE',  ( 0.000000000000000000, 0.000000000000000000, -1.000000000000000000 ) ) ;
#2101 = CARTESIAN_POINT ( 'NONE',  ( 1.943999999999999506, 2.741759999999999753, -0.3499999999999999778 ) ) ;
#2102 = COLOUR_RGB ( '',0.7686274509803920907, 0.7686274509803920907, 0.7686274509803920907 ) ;
#2103 = CARTESIAN_POINT ( 'NONE',  ( 1.577535811012221290, 2.746759999999999646, -1.340669888712066493 ) ) ;
#2104 = CARTESIAN_POINT ( 'NONE',  ( 0.7496518591888791105, 0.09001860827637338247, -0.06459847777822286252 ) ) ;
#2105 = ORIENTED_EDGE ( 'NONE', *, *, #3095, .T. ) ;
#2106 = PLANE ( 'NONE',  #1403 ) ;
#2107 = ORIENTED_EDGE ( 'NONE', *, *, #3977, .T. ) ;
#2108 = ORIENTED_EDGE ( 'NONE', *, *, #3817, .T. ) ;
#2109 = DIRECTION ( 'NONE',  ( 0.000000000000000000, 0.000000000000000000, 1.000000000000000000 ) ) ;
#2110 = EDGE_CURVE ( 'NONE', #4534, #1694, #592, .T. ) ;
#2111 = VERTEX_POINT ( 'NONE', #2084 ) ;
#2112 = DIRECTION ( 'NONE',  ( 0.000000000000000000, 0.000000000000000000, 1.000000000000000000 ) ) ;
#2113 = LINE ( 'NONE', #1746, #4648 ) ;
#2114 = FILL_AREA_STYLE_COLOUR ( '', #2308 ) ;
#2115 = EDGE_CURVE ( 'NONE', #1892, #1283, #2415, .T. ) ;
#2116 =( NAMED_UNIT ( * ) PLANE_ANGLE_UNIT ( ) SI_UNIT ( $, .RADIAN. ) );
#2117 = ORIENTED_EDGE ( 'NONE', *, *, #3551, .T. ) ;
#2118 =( NAMED_UNIT ( * ) PLANE_ANGLE_UNIT ( ) SI_UNIT ( $, .RADIAN. ) );
#2119 = CARTESIAN_POINT ( 'NONE',  ( 1.687284197684115750, 2.746759999999999646, -0.9824688076061879327 ) ) ;
#2120 = DIRECTION ( 'NONE',  ( -0.9601763114346046901, 0.000000000000000000, -0.2793947940814874298 ) ) ;
#2121 = EDGE_CURVE ( 'NONE', #2713, #2035, #2669, .T. ) ;
#2122 = STYLED_ITEM ( 'NONE', ( #2516 ), #3342 ) ;
#2123 = LINE ( 'NONE', #338, #2538 ) ;
#2124 = PRESENTATION_LAYER_ASSIGNMENT (  '', '', ( #2573 ) ) ;
#2125 = ORIENTED_EDGE ( 'NONE', *, *, #4620, .F. ) ;
#2126 = CARTESIAN_POINT ( 'NONE',  ( 3.541759999999999575, 2.741759999999999753, -2.741759999999999753 ) ) ;
#2127 = ORIENTED_EDGE ( 'NONE', *, *, #1021, .T. ) ;
#2128 = DIRECTION ( 'NONE',  ( -1.000000000000000000, -0.000000000000000000, 0.000000000000000000 ) ) ;
#2129 = AXIS2_PLACEMENT_3D ( 'NONE', #781, #3666, #436 ) ;
#2130 = STYLED_ITEM ( 'NONE', ( #4222 ), #1126 ) ;
#2131 = ORIENTED_EDGE ( 'NONE', *, *, #4492, .F. ) ;
#2132 = CARTESIAN_POINT ( 'NONE',  ( 1.943999999999999506, 2.746759999999999646, -0.3499999999999999778 ) ) ;
#2133 = SURFACE_SIDE_STYLE ('',( #2467 ) ) ;
#2134 = EDGE_CURVE ( 'NONE', #4150, #318, #2597, .T. ) ;
#2135 = FACE_OUTER_BOUND ( 'NONE', #4286, .T. ) ;
#2136 = UNCERTAINTY_MEASURE_WITH_UNIT (LENGTH_MEASURE( 1.000000000000000082E-05 ), #2002, 'distance_accuracy_value', 'NONE');
#2137 = CARTESIAN_POINT ( 'NONE',  ( 0.05824000000000020133, 2.741759999999999753, -2.741759999999999753 ) ) ;
#2138 = VECTOR ( 'NONE', #2512, 1000.000000000000000 ) ;
#2139 = ORIENTED_EDGE ( 'NONE', *, *, #3416, .F. ) ;
#2140 = CARTESIAN_POINT ( 'NONE',  ( 1.944000000000006390, 2.746759999999999646, -1.429865641467908510 ) ) ;
#2141 = DIRECTION ( 'NONE',  ( -1.000000000000000000, 0.000000000000000000, 0.000000000000000000 ) ) ;
#2142 = EDGE_CURVE ( 'NONE', #1976, #2734, #1323, .T. ) ;
#2143 = CARTESIAN_POINT ( 'NONE',  ( 3.600000000000000089, 0.000000000000000000, 0.000000000000000000 ) ) ;
#2144 = CARTESIAN_POINT ( 'NONE',  ( 2.908240000000000158, 2.799999999999999822, -0.05824000000000020133 ) ) ;
#2145 = DIRECTION ( 'NONE',  ( 0.9617234872620624708, 0.000000000000000000, 0.2740217765953968376 ) ) ;
#2146 = ADVANCED_FACE ( 'NONE', ( #1336 ), #1799, .F. ) ;
#2147 = FILL_AREA_STYLE_COLOUR ( '', #202 ) ;
#2148 = CIRCLE ( 'NONE', #3886, 0.05824000000000020133 ) ;
#2149 = ORIENTED_EDGE ( 'NONE', *, *, #3690, .T. ) ;
#2150 = CARTESIAN_POINT ( 'NONE',  ( 0.7500014401605102909, 0.05847937081738391329, -2.689607843130267462 ) ) ;
#2151 = EDGE_CURVE ( 'NONE', #4586, #1048, #1699, .T. ) ;
#2152 = ORIENTED_EDGE ( 'NONE', *, *, #10, .F. ) ;
#2153 =( NAMED_UNIT ( * ) SI_UNIT ( $, .STERADIAN. ) SOLID_ANGLE_UNIT ( ) );
#2154 = VECTOR ( 'NONE', #3390, 1000.000000000000000 ) ;
#2155 = STYLED_ITEM ( 'NONE', ( #3539 ), #2912 ) ;
#2156 = ORIENTED_EDGE ( 'NONE', *, *, #841, .T. ) ;
#2157 = ORIENTED_EDGE ( 'NONE', *, *, #272, .F. ) ;
#2158 = DIRECTION ( 'NONE',  ( -0.2732148821746301914, 0.000000000000000000, 0.9619530280415479195 ) ) ;
#2159 = CARTESIAN_POINT ( 'NONE',  ( -0.8184128072525136410, 2.746759999999998758, 0.006335664914779973525 ) ) ;
#2160 = PRESENTATION_STYLE_ASSIGNMENT (( #3186 ) ) ;
#2161 = ORIENTED_EDGE ( 'NONE', *, *, #3286, .F. ) ;
#2162 = LINE ( 'NONE', #3967, #1934 ) ;
#2163 = SURFACE_STYLE_FILL_AREA ( #2920 ) ;
#2164 = EDGE_CURVE ( 'NONE', #4599, #3674, #3610, .T. ) ;
#2165 = VECTOR ( 'NONE', #3712, 1000.000000000000000 ) ;
#2166 = CARTESIAN_POINT ( 'NONE',  ( 1.763380634529654323, 2.746759999999999646, -0.9607584374758031398 ) ) ;
#2167 = DIRECTION ( 'NONE',  ( 0.000000000000000000, 0.000000000000000000, 1.000000000000000000 ) ) ;
#2168 = SURFACE_SIDE_STYLE ('',( #3998 ) ) ;
#2169 = CARTESIAN_POINT ( 'NONE',  ( 1.532369079381479704, 2.746759999999999646, -1.741460643546117293 ) ) ;
#2170 = CARTESIAN_POINT ( 'NONE',  ( 0.05824000000000020133, 0.05823999999999999316, -2.741759999999999753 ) ) ;
#2171 = EDGE_CURVE ( 'NONE', #203, #2323, #87, .T. ) ;
#2172 = VERTEX_POINT ( 'NONE', #299 ) ;
#2173 = DIRECTION ( 'NONE',  ( 0.9610029908221285888, 0.000000000000000000, 0.2765379750249931656 ) ) ;
#2174 = ORIENTED_EDGE ( 'NONE', *, *, #1431, .F. ) ;
#2175 =( NAMED_UNIT ( * ) PLANE_ANGLE_UNIT ( ) SI_UNIT ( $, .RADIAN. ) );
#2176 = ORIENTED_EDGE ( 'NONE', *, *, #962, .T. ) ;
#2177 = LINE ( 'NONE', #1506, #149 ) ;
#2178 = DIRECTION ( 'NONE',  ( 0.000000000000000000, 0.000000000000000000, -1.000000000000000000 ) ) ;
#2179 = FILL_AREA_STYLE_COLOUR ( '', #2297 ) ;
#2180 = SURFACE_STYLE_FILL_AREA ( #670 ) ;
#2181 = UNCERTAINTY_MEASURE_WITH_UNIT (LENGTH_MEASURE( 1.000000000000000082E-05 ), #3432, 'distance_accuracy_value', 'NONE');
#2182 = DIRECTION ( 'NONE',  ( 3.723221746172735870E-15, -1.000000000000000000, 0.000000000000000000 ) ) ;
#2183 = EDGE_LOOP ( 'NONE', ( #2202, #3959, #2078, #4425 ) ) ;
#2184 = CARTESIAN_POINT ( 'NONE',  ( 2.850348140811131525, 2.735401522221777348, -2.709981391723625954 ) ) ;
#2185 = LINE ( 'NONE', #2869, #329 ) ;
#2186 = B_SPLINE_CURVE_WITH_KNOTS ( 'NONE', 3,
 ( #3061, #2037, #3135, #2719, #2419, #3862, #219, #1273, #3437, #282 ),
 .UNSPECIFIED., .F., .F.,
 ( 4, 3, 3, 4 ),
 ( 0.000000000000000000, 1.833143621111644724E-05, 3.656618479249394444E-05, 4.558081643555729039E-05 ),
 .UNSPECIFIED. ) ;
#2187 = CARTESIAN_POINT ( 'NONE',  ( 2.850000000000000089, 2.683519999999998795, -0.05824000000000020133 ) ) ;
#2188 = DIRECTION ( 'NONE',  ( 1.000000000000000000, 0.000000000000000000, 0.000000000000000000 ) ) ;
#2189 = DIRECTION ( 'NONE',  ( -0.9620200793798762140, 0.000000000000000000, -0.2729786930695082825 ) ) ;
#2190 = DIRECTION ( 'NONE',  ( 0.000000000000000000, 0.000000000000000000, -1.000000000000000000 ) ) ;
#2191 = FILL_AREA_STYLE_COLOUR ( '', #1515 ) ;
#2192 = EDGE_CURVE ( 'NONE', #4024, #4168, #1722, .T. ) ;
#2193 = LINE ( 'NONE', #3648, #3672 ) ;
#2194 = AXIS2_PLACEMENT_3D ( 'NONE', #4271, #2182, #11 ) ;
#2195 = AXIS2_PLACEMENT_3D ( 'NONE', #831, #1216, #518 ) ;
#2196 = VERTEX_POINT ( 'NONE', #3507 ) ;
#2197 = CARTESIAN_POINT ( 'NONE',  ( 1.763380634529654323, 2.746759999999999646, -1.137410209649718507 ) ) ;
#2198 = ORIENTED_EDGE ( 'NONE', *, *, #153, .T. ) ;
#2199 = ADVANCED_FACE ( 'NONE', ( #1 ), #4583, .T. ) ;
#2200 = PRESENTATION_STYLE_ASSIGNMENT (( #473 ) ) ;
#2201 = COLOUR_RGB ( '',0.7921568627450980005, 0.8196078431372548767, 0.9333333333333333481 ) ;
#2202 = ORIENTED_EDGE ( 'NONE', *, *, #1291, .T. ) ;
#2203 = MECHANICAL_DESIGN_GEOMETRIC_PRESENTATION_REPRESENTATION (  '', ( #3722 ), #4402 ) ;
#2204 = DIRECTION ( 'NONE',  ( 0.000000000000000000, 0.000000000000000000, 1.000000000000000000 ) ) ;
#2205 = DIRECTION ( 'NONE',  ( -0.000000000000000000, -1.000000000000000000, -0.000000000000000000 ) ) ;
#2206 = FACE_OUTER_BOUND ( 'NONE', #3699, .T. ) ;
#2207 = EDGE_CURVE ( 'NONE', #3340, #3364, #2445, .T. ) ;
#2208 = COLOUR_RGB ( '',0.7686274509803920907, 0.7686274509803920907, 0.7686274509803920907 ) ;
#2209 = FILL_AREA_STYLE_COLOUR ( '', #631 ) ;
#2210 = VERTEX_POINT ( 'NONE', #2977 ) ;
#2211 = LINE ( 'NONE', #1557, #3984 ) ;
#2212 = ADVANCED_FACE ( 'NONE', ( #1820 ), #4073, .F. ) ;
#2213 = CARTESIAN_POINT ( 'NONE',  ( 2.852554106022254565, 2.724701898936304101, -0.07529810106369565215 ) ) ;
#2214 = COLOUR_RGB ( '',0.7686274509803920907, 0.7686274509803920907, 0.7686274509803920907 ) ;
#2215 = DIRECTION ( 'NONE',  ( 0.9610992334315860974, 0.000000000000000000, 0.2762033010252007426 ) ) ;
#2216 = CYLINDRICAL_SURFACE ( 'NONE', #2539, 0.05824000000000020133 ) ;
#2217 =( LENGTH_UNIT ( ) NAMED_UNIT ( * ) SI_UNIT ( .MILLI., .METRE. ) );
#2218 = DIRECTION ( 'NONE',  ( 0.000000000000000000, 1.000000000000000000, 0.000000000000000000 ) ) ;
#2219 =( NAMED_UNIT ( * ) PLANE_ANGLE_UNIT ( ) SI_UNIT ( $, .RADIAN. ) );
#2220 = AXIS2_PLACEMENT_3D ( 'NONE', #4242, #1069, #2462 ) ;
#2221 = VECTOR ( 'NONE', #3632, 1000.000000000000000 ) ;
#2222 = ORIENTED_EDGE ( 'NONE', *, *, #1115, .T. ) ;
#2223 = CARTESIAN_POINT ( 'NONE',  ( 1.944000000000006390, 2.746759999999999646, -1.162178254662634913 ) ) ;
#2224 = ORIENTED_EDGE ( 'NONE', *, *, #496, .F. ) ;
#2225 = SURFACE_STYLE_FILL_AREA ( #791 ) ;
#2226 = EDGE_CURVE ( 'NONE', #1179, #3579, #812, .T. ) ;
#2227 = ORIENTED_EDGE ( 'NONE', *, *, #926, .T. ) ;
#2228 =( GEOMETRIC_REPRESENTATION_CONTEXT ( 3 ) GLOBAL_UNCERTAINTY_ASSIGNED_CONTEXT ( ( #80 ) ) GLOBAL_UNIT_ASSIGNED_CONTEXT ( ( #2393, #546, #3770 ) ) REPRESENTATION_CONTEXT ( 'NONE', 'WORKASPACE' ) );
#2229 = ORIENTED_EDGE ( 'NONE', *, *, #543, .T. ) ;
#2230 = PRODUCT_DEFINITION ( 'UNKNOWN', '', #4255, #2795 ) ;
#2231 = CARTESIAN_POINT ( 'NONE',  ( 0.05824000000000020133, 0.000000000000000000, -0.05823999999999999316 ) ) ;
#2232 = CARTESIAN_POINT ( 'NONE',  ( 3.600000000000000089, 2.799999999999999822, -2.741759999999999753 ) ) ;
#2233 = DIRECTION ( 'NONE',  ( 0.000000000000000000, -1.000000000000000000, 0.000000000000000000 ) ) ;
#2234 = PRESENTATION_STYLE_ASSIGNMENT (( #4388 ) ) ;
#2235 =( GEOMETRIC_REPRESENTATION_CONTEXT ( 3 ) GLOBAL_UNCERTAINTY_ASSIGNED_CONTEXT ( ( #1805 ) ) GLOBAL_UNIT_ASSIGNED_CONTEXT ( ( #4654, #1382, #2815 ) ) REPRESENTATION_CONTEXT ( 'NONE', 'WORKASPACE' ) );
#2236 = FILL_AREA_STYLE_COLOUR ( '', #3106 ) ;
#2237 = ORIENTED_EDGE ( 'NONE', *, *, #2846, .T. ) ;
#2238 = DIRECTION ( 'NONE',  ( -0.000000000000000000, -1.000000000000000000, 0.000000000000000000 ) ) ;
#2239 = DIRECTION ( 'NONE',  ( 0.9612934544747571142, 0.000000000000000000, 0.2755265765475047868 ) ) ;
#2240 = CARTESIAN_POINT ( 'NONE',  ( 1.532369079381479704, 2.741759999999999753, -2.096629082234276797 ) ) ;
#2241 = VECTOR ( 'NONE', #198, 1000.000000000000000 ) ;
#2242 = PRESENTATION_LAYER_ASSIGNMENT (  '', '', ( #3374 ) ) ;
#2243 = PLANE ( 'NONE',  #2310 ) ;
#2244 = FACE_OUTER_BOUND ( 'NONE', #4554, .T. ) ;
#2245 = VECTOR ( 'NONE', #3844, 1000.000000000000000 ) ;
#2246 = CARTESIAN_POINT ( 'NONE',  ( 3.600000000000000089, 0.000000000000000000, 0.000000000000000000 ) ) ;
#2247 = CYLINDRICAL_SURFACE ( 'NONE', #799, 0.05824000000000020133 ) ;
#2248 = AXIS2_PLACEMENT_3D ( 'NONE', #1272, #574, #3436 ) ;
#2249 = ORIENTED_EDGE ( 'NONE', *, *, #747, .T. ) ;
#2250 = CARTESIAN_POINT ( 'NONE',  ( 0.7493473067223133111, 0.06737132831336742345, -2.715417980553091581 ) ) ;
#2251 = ORIENTED_EDGE ( 'NONE', *, *, #4256, .T. ) ;
#2252 = FACE_OUTER_BOUND ( 'NONE', #2918, .T. ) ;
#2253 = VECTOR ( 'NONE', #1636, 1000.000000000000114 ) ;
#2254 = ORIENTED_EDGE ( 'NONE', *, *, #2567, .F. ) ;
#2255 = DIRECTION ( 'NONE',  ( -1.000000000000000000, 0.000000000000000000, 0.000000000000000000 ) ) ;
#2256 = ORIENTED_EDGE ( 'NONE', *, *, #2685, .T. ) ;
#2257 =( NAMED_UNIT ( * ) SI_UNIT ( $, .STERADIAN. ) SOLID_ANGLE_UNIT ( ) );
#2258 = DIRECTION ( 'NONE',  ( -1.000000000000000000, 0.000000000000000000, 0.000000000000000000 ) ) ;
#2259 = CARTESIAN_POINT ( 'NONE',  ( 0.7491423277319755325, 0.06976012061528551189, -2.730239879384714463 ) ) ;
#2260 = EDGE_CURVE ( 'NONE', #2099, #1172, #1614, .T. ) ;
#2261 = VECTOR ( 'NONE', #4636, 1000.000000000000000 ) ;
#2262 = DIRECTION ( 'NONE',  ( -0.000000000000000000, -1.000000000000000000, 0.000000000000000000 ) ) ;
#2263 =( NAMED_UNIT ( * ) SI_UNIT ( $, .STERADIAN. ) SOLID_ANGLE_UNIT ( ) );
#2264 = DIRECTION ( 'NONE',  ( -7.938847109757215918E-05, 0.000000000000000000, 0.9999999968487351953 ) ) ;
#2265 = CARTESIAN_POINT ( 'NONE',  ( 3.541759999999999575, 0.000000000000000000, 0.000000000000000000 ) ) ;
#2266 = CARTESIAN_POINT ( 'NONE',  ( 0.7491423277319656515, 2.730239879384714463, -0.06976012061528572006 ) ) ;
#2267 = VERTEX_POINT ( 'NONE', #26 ) ;
#2268 = CARTESIAN_POINT ( 'NONE',  ( 1.532369079381479704, 2.741759999999999753, -1.560922121378591987 ) ) ;
#2269 = ORIENTED_EDGE ( 'NONE', *, *, #1365, .T. ) ;
#2270 = DIRECTION ( 'NONE',  ( 0.000000000000000000, -1.000000000000000000, -0.000000000000000000 ) ) ;
#2271 = AXIS2_PLACEMENT_3D ( 'NONE', #1156, #4144, #2961 ) ;
#2272 = ORIENTED_EDGE ( 'NONE', *, *, #3906, .T. ) ;
#2273 = ORIENTED_EDGE ( 'NONE', *, *, #2001, .T. ) ;
#2274 = CARTESIAN_POINT ( 'NONE',  ( 0.6917600000000100335, 0.05823999999999999316, -2.741759999999999753 ) ) ;
#2275 =( NAMED_UNIT ( * ) PLANE_ANGLE_UNIT ( ) SI_UNIT ( $, .RADIAN. ) );
#2276 = VECTOR ( 'NONE', #1377, 1000.000000000000000 ) ;
#2277 =( NAMED_UNIT ( * ) PLANE_ANGLE_UNIT ( ) SI_UNIT ( $, .RADIAN. ) );
#2278 = VECTOR ( 'NONE', #2288, 1000.000000000000000 ) ;
#2279 = EDGE_CURVE ( 'NONE', #4390, #1166, #1451, .T. ) ;
#2280 = VERTEX_POINT ( 'NONE', #3718 ) ;
#2281 = SURFACE_SIDE_STYLE ('',( #1878 ) ) ;
#2282 = CARTESIAN_POINT ( 'NONE',  ( 0.7500000000000000000, 0.05824000000000020133, -2.799999999999999822 ) ) ;
#2283 = CARTESIAN_POINT ( 'NONE',  ( 2.850000000000000089, 0.05824000000000020133, -0.1164799999999999724 ) ) ;
#2284 = AXIS2_PLACEMENT_3D ( 'NONE', #2612, #3329, #2636 ) ;
#2285 = UNCERTAINTY_MEASURE_WITH_UNIT (LENGTH_MEASURE( 1.000000000000000082E-05 ), #3356, 'distance_accuracy_value', 'NONE');
#2286 = EDGE_CURVE ( 'NONE', #360, #2839, #46, .T. ) ;
#2287 = LINE ( 'NONE', #178, #4275 ) ;
#2288 = DIRECTION ( 'NONE',  ( -1.000000000000000000, 0.000000000000000000, -0.000000000000000000 ) ) ;
#2289 =( NAMED_UNIT ( * ) SI_UNIT ( $, .STERADIAN. ) SOLID_ANGLE_UNIT ( ) );
#2290 = FILL_AREA_STYLE_COLOUR ( '', #869 ) ;
#2291 = ADVANCED_FACE ( 'NONE', ( #2252 ), #3677, .T. ) ;
#2292 = ORIENTED_EDGE ( 'NONE', *, *, #768, .T. ) ;
#2293 = CARTESIAN_POINT ( 'NONE',  ( 1.944000000000006390, 2.741759999999999753, -1.235447311932450276 ) ) ;
#2294 = AXIS2_PLACEMENT_3D ( 'NONE', #2143, #3190, #3921 ) ;
#2295 = ORIENTED_EDGE ( 'NONE', *, *, #1291, .F. ) ;
#2296 = LINE ( 'NONE', #562, #4345 ) ;
#2297 = COLOUR_RGB ( '',0.7686274509803920907, 0.7686274509803920907, 0.7686274509803920907 ) ;
#2298 = ADVANCED_FACE ( 'NONE', ( #2881 ), #876, .T. ) ;
#2299 = ORIENTED_EDGE ( 'NONE', *, *, #3817, .F. ) ;
#2300 = VERTEX_POINT ( 'NONE', #1871 ) ;
#2301 = CARTESIAN_POINT ( 'NONE',  ( 0.7499999999999997780, 0.000000000000000000, -2.741759999999999753 ) ) ;
#2302 = B_SPLINE_CURVE_WITH_KNOTS ( 'NONE', 3,
 ( #668, #7, #1744, #3205, #3933, #2768, #3563, #2818, #3510, #3613 ),
 .UNSPECIFIED., .F., .F.,
 ( 4, 3, 3, 4 ),
 ( 0.000000000000000000, 1.938115349126077772E-05, 3.880233050466124899E-05, 4.563224590952807117E-05 ),
 .UNSPECIFIED. ) ;
#2303 = MECHANICAL_DESIGN_GEOMETRIC_PRESENTATION_REPRESENTATION (  '', ( #2905 ), #2676 ) ;
#2304 =( GEOMETRIC_REPRESENTATION_CONTEXT ( 3 ) GLOBAL_UNCERTAINTY_ASSIGNED_CONTEXT ( ( #3708 ) ) GLOBAL_UNIT_ASSIGNED_CONTEXT ( ( #1322, #2116, #1001 ) ) REPRESENTATION_CONTEXT ( 'NONE', 'WORKASPACE' ) );
#2305 = ORIENTED_EDGE ( 'NONE', *, *, #543, .F. ) ;
#2306 = CARTESIAN_POINT ( 'NONE',  ( 0.7500000000000000000, 2.741759999999999753, -2.683520000000000127 ) ) ;
#2307 = CARTESIAN_POINT ( 'NONE',  ( 0.05824000000000020133, 0.000000000000000000, -2.741759999999999753 ) ) ;
#2308 = COLOUR_RGB ( '',0.7686274509803920907, 0.7686274509803920907, 0.7686274509803920907 ) ;
#2309 = DIRECTION ( 'NONE',  ( -0.000000000000000000, 1.000000000000000000, -0.000000000000000000 ) ) ;
#2310 = AXIS2_PLACEMENT_3D ( 'NONE', #3377, #4041, #3016 ) ;
#2311 = CYLINDRICAL_SURFACE ( 'NONE', #1113, 0.05823999999999998622 ) ;
#2312 = DIRECTION ( 'NONE',  ( 0.9610348236706638403, 0.000000000000000000, 0.2764273280489756290 ) ) ;
#2313 = SURFACE_SIDE_STYLE ('',( #4068 ) ) ;
#2314 = EDGE_CURVE ( 'NONE', #3001, #2300, #2296, .T. ) ;
#2315 = PRESENTATION_LAYER_ASSIGNMENT (  '', '', ( #4362 ) ) ;
#2316 = ORIENTED_EDGE ( 'NONE', *, *, #2859, .T. ) ;
#2317 = SURFACE_STYLE_USAGE ( .BOTH. , #4478 ) ;
#2318 = ORIENTED_EDGE ( 'NONE', *, *, #932, .T. ) ;
#2319 = DIRECTION ( 'NONE',  ( 0.000000000000000000, 1.000000000000000000, 0.000000000000000000 ) ) ;
#2320 = CIRCLE ( 'NONE', #2248, 0.05824000000000020133 ) ;
#2321 = EDGE_LOOP ( 'NONE', ( #4505, #3025, #2254, #183 ) ) ;
#2322 = MECHANICAL_DESIGN_GEOMETRIC_PRESENTATION_REPRESENTATION (  '', ( #3692 ), #3541 ) ;
#2323 = VERTEX_POINT ( 'NONE', #1569 ) ;
#2324 = FILL_AREA_STYLE ('',( #1314 ) ) ;
#2325 = DIRECTION ( 'NONE',  ( 0.000000000000000000, 0.000000000000000000, -1.000000000000000000 ) ) ;
#2326 = ADVANCED_FACE ( 'NONE', ( #1261 ), #3454, .F. ) ;
#2327 = EDGE_LOOP ( 'NONE', ( #3744, #1401, #2157, #399 ) ) ;
#2328 = LINE ( 'NONE', #3772, #452 ) ;
#2329 = LINE ( 'NONE', #1578, #4560 ) ;
#2330 = LINE ( 'NONE', #3691, #588 ) ;
#2331 = SURFACE_SIDE_STYLE ('',( #1953 ) ) ;
#2332 = LINE ( 'NONE', #826, #325 ) ;
#2333 = CARTESIAN_POINT ( 'NONE',  ( 1.532369079381479704, 2.746759999999999646, -1.255601935242362188 ) ) ;
#2334 = CARTESIAN_POINT ( 'NONE',  ( 0.6917600000000000415, 2.741759999999999753, -2.799999999999999822 ) ) ;
#2335 = ORIENTED_EDGE ( 'NONE', *, *, #962, .F. ) ;
#2336 = CARTESIAN_POINT ( 'NONE',  ( 1.944000000000006390, 2.741759999999999753, -0.4670490083270785187 ) ) ;
#2337 = ADVANCED_FACE ( 'NONE', ( #3049 ), #164, .F. ) ;
#2338 = ORIENTED_EDGE ( 'NONE', *, *, #2279, .F. ) ;
#2339 = SURFACE_STYLE_FILL_AREA ( #140 ) ;
#2340 = VERTEX_POINT ( 'NONE', #917 ) ;
#2341 =( LENGTH_UNIT ( ) NAMED_UNIT ( * ) SI_UNIT ( .MILLI., .METRE. ) );
#2342 = EDGE_CURVE ( 'NONE', #1633, #1045, #1588, .T. ) ;
#2343 = ORIENTED_EDGE ( 'NONE', *, *, #3628, .T. ) ;
#2344 = CARTESIAN_POINT ( 'NONE',  ( 1.944000000000006390, 2.741759999999999753, -2.220836029381371812 ) ) ;
#2345 = SURFACE_STYLE_USAGE ( .BOTH. , #2414 ) ;
#2346 = SURFACE_STYLE_USAGE ( .BOTH. , #3054 ) ;
#2347 = LINE ( 'NONE', #215, #2681 ) ;
#2348 = AXIS2_PLACEMENT_3D ( 'NONE', #2126, #4580, #3175 ) ;
#2349 = ADVANCED_FACE ( 'NONE', ( #2710 ), #520, .T. ) ;
#2350 = ORIENTED_EDGE ( 'NONE', *, *, #3359, .T. ) ;
#2351 = DIRECTION ( 'NONE',  ( 1.000000000000000000, 0.000000000000000000, -0.000000000000000000 ) ) ;
#2352 = CARTESIAN_POINT ( 'NONE',  ( 0.7491423277319756435, 0.06976012061528562291, -0.06976012061528551189 ) ) ;
#2353 = CARTESIAN_POINT ( 'NONE',  ( 1.944000000000006390, 2.746759999999999646, -1.623113718722069665 ) ) ;
#2354 = DIRECTION ( 'NONE',  ( 1.000000000000000000, 0.000000000000000000, 0.000000000000000000 ) ) ;
#2355 = ADVANCED_FACE ( 'NONE', ( #4190 ), #3427, .T. ) ;
#2356 =( NAMED_UNIT ( * ) PLANE_ANGLE_UNIT ( ) SI_UNIT ( $, .RADIAN. ) );
#2357 =( NAMED_UNIT ( * ) PLANE_ANGLE_UNIT ( ) SI_UNIT ( $, .RADIAN. ) );
#2358 = AXIS2_PLACEMENT_3D ( 'NONE', #4608, #1676, #575 ) ;
#2359 =( GEOMETRIC_REPRESENTATION_CONTEXT ( 3 ) GLOBAL_UNCERTAINTY_ASSIGNED_CONTEXT ( ( #957 ) ) GLOBAL_UNIT_ASSIGNED_CONTEXT ( ( #145, #855, #430 ) ) REPRESENTATION_CONTEXT ( 'NONE', 'WORKASPACE' ) );
#2360 = ORIENTED_EDGE ( 'NONE', *, *, #3906, .F. ) ;
#2361 = FILL_AREA_STYLE_COLOUR ( '', #248 ) ;
#2362 = ORIENTED_EDGE ( 'NONE', *, *, #3652, .T. ) ;
#2363 = PRESENTATION_STYLE_ASSIGNMENT (( #1284 ) ) ;
#2364 = B_SPLINE_CURVE_WITH_KNOTS ( 'NONE', 3,
 ( #1501, #810, #2250, #2858, #3248, #2575, #4308, #2150, #1093, #2931 ),
 .UNSPECIFIED., .F., .F.,
 ( 4, 3, 3, 4 ),
 ( 0.000000000000000000, 1.833143621111613553E-05, 3.656618479249328714E-05, 4.558081643555645691E-05 ),
 .UNSPECIFIED. ) ;
#2365 = VECTOR ( 'NONE', #4153, 1000.000000000000000 ) ;
#2366 = ORIENTED_EDGE ( 'NONE', *, *, #2685, .F. ) ;
#2367 = CARTESIAN_POINT ( 'NONE',  ( 1.865686967656117190, 2.746759999999999646, -1.159793944193151738 ) ) ;
#2368 = EDGE_LOOP ( 'NONE', ( #3225, #1550, #1697, #2813 ) ) ;
#2369 =( LENGTH_UNIT ( ) NAMED_UNIT ( * ) SI_UNIT ( .MILLI., .METRE. ) );
#2370 = DIRECTION ( 'NONE',  ( 0.000000000000000000, 0.000000000000000000, 1.000000000000000000 ) ) ;
#2371 = EDGE_CURVE ( 'NONE', #161, #1379, #706, .T. ) ;
#2372 = AXIS2_PLACEMENT_3D ( 'NONE', #969, #4237, #1718 ) ;
#2373 = ORIENTED_EDGE ( 'NONE', *, *, #2866, .F. ) ;
#2374 = LINE ( 'NONE', #618, #3824 ) ;
#2375 = UNCERTAINTY_MEASURE_WITH_UNIT (LENGTH_MEASURE( 1.000000000000000082E-05 ), #2387, 'distance_accuracy_value', 'NONE');
#2376 = COLOUR_RGB ( '',0.7686274509803920907, 0.7686274509803920907, 0.7686274509803920907 ) ;
#2377 = CARTESIAN_POINT ( 'NONE',  ( 1.944000000000006390, 2.741759999999999753, -0.6208239129099735187 ) ) ;
#2378 = CARTESIAN_POINT ( 'NONE',  ( 2.852554106022254565, 0.07529810106369545786, -2.724701898936304101 ) ) ;
#2379 = PRESENTATION_LAYER_ASSIGNMENT (  '', '', ( #2155 ) ) ;
#2380 =( LENGTH_UNIT ( ) NAMED_UNIT ( * ) SI_UNIT ( .MILLI., .METRE. ) );
#2381 = ORIENTED_EDGE ( 'NONE', *, *, #4294, .F. ) ;
#2382 =( NAMED_UNIT ( * ) SI_UNIT ( $, .STERADIAN. ) SOLID_ANGLE_UNIT ( ) );
#2383 = PRESENTATION_LAYER_ASSIGNMENT (  '', '', ( #2003 ) ) ;
#2384 = STYLED_ITEM ( 'NONE', ( #3525 ), #420 ) ;
#2385 = AXIS2_PLACEMENT_3D ( 'NONE', #3239, #2519, #2070 ) ;
#2386 = ORIENTED_EDGE ( 'NONE', *, *, #2627, .T. ) ;
#2387 =( LENGTH_UNIT ( ) NAMED_UNIT ( * ) SI_UNIT ( .MILLI., .METRE. ) );
#2388 = EDGE_LOOP ( 'NONE', ( #1500, #2299, #2373, #584 ) ) ;
#2389 = CARTESIAN_POINT ( 'NONE',  ( 0.7483244899547413231, 2.727815163929699693, -2.721402159806213472 ) ) ;
#2390 = SHAPE_DEFINITION_REPRESENTATION ( #4045, #1126 ) ;
#2391 = CARTESIAN_POINT ( 'NONE',  ( 1.687297965358701246, 2.746759999999999646, -2.039673466595974816 ) ) ;
#2392 = AXIS2_PLACEMENT_3D ( 'NONE', #1725, #4226, #2466 ) ;
#2393 =( LENGTH_UNIT ( ) NAMED_UNIT ( * ) SI_UNIT ( .MILLI., .METRE. ) );
#2394 = AXIS2_PLACEMENT_3D ( 'NONE', #4582, #2927, #372 ) ;
#2395 = ORIENTED_EDGE ( 'NONE', *, *, #2110, .F. ) ;
#2396 = CARTESIAN_POINT ( 'NONE',  ( 0.6917600000000000415, 2.799999999999999822, -0.05823999999999999316 ) ) ;
#2397 = EDGE_CURVE ( 'NONE', #3026, #1331, #1986, .T. ) ;
#2398 = CARTESIAN_POINT ( 'NONE',  ( 0.7497929866005516031, 0.06358659156683399427, -0.09126101466390910966 ) ) ;
#2399 =( LENGTH_UNIT ( ) NAMED_UNIT ( * ) SI_UNIT ( .MILLI., .METRE. ) );
#2400 = PLANE ( 'NONE',  #60 ) ;
#2401 = PLANE ( 'NONE',  #949 ) ;
#2402 = CARTESIAN_POINT ( 'NONE',  ( 1.532369079381479704, 2.746759999999999646, -0.8455874476530370609 ) ) ;
#2403 = FACE_OUTER_BOUND ( 'NONE', #1017, .T. ) ;
#2404 = ADVANCED_FACE ( 'NONE', ( #3576 ), #1402, .F. ) ;
#2405 = SURFACE_SIDE_STYLE ('',( #2725 ) ) ;
#2406 =( LENGTH_UNIT ( ) NAMED_UNIT ( * ) SI_UNIT ( .MILLI., .METRE. ) );
#2407 = FILL_AREA_STYLE ('',( #1306 ) ) ;
#2408 = DIRECTION ( 'NONE',  ( -1.000000000000000000, 0.000000000000000000, 0.000000000000000000 ) ) ;
#2409 = MECHANICAL_DESIGN_GEOMETRIC_PRESENTATION_REPRESENTATION (  '', ( #3847 ), #91 ) ;
#2410 = ORIENTED_EDGE ( 'NONE', *, *, #3656, .F. ) ;
#2411 = SURFACE_STYLE_FILL_AREA ( #1740 ) ;
#2412 = ORIENTED_EDGE ( 'NONE', *, *, #2805, .T. ) ;
#2413 = CARTESIAN_POINT ( 'NONE',  ( 0.7499106531603623171, 2.738535230702320966, -2.702630782055435166 ) ) ;
#2414 = SURFACE_SIDE_STYLE ('',( #1335 ) ) ;
#2415 = LINE ( 'NONE', #2058, #4260 ) ;
#2416 = DIRECTION ( 'NONE',  ( 1.000000000000000000, 0.000000000000000000, 0.000000000000000000 ) ) ;
#2417 = ORIENTED_EDGE ( 'NONE', *, *, #3498, .F. ) ;
#2418 = FILL_AREA_STYLE ('',( #1049 ) ) ;
#2419 = CARTESIAN_POINT ( 'NONE',  ( 2.850044628120886880, 2.704563364018940153, -0.06183509406618895726 ) ) ;
#2420 = SURFACE_STYLE_FILL_AREA ( #1319 ) ;
#2421 = UNCERTAINTY_MEASURE_WITH_UNIT (LENGTH_MEASURE( 1.000000000000000082E-05 ), #1151, 'distance_accuracy_value', 'NONE');
#2422 = EDGE_CURVE ( 'NONE', #3854, #1313, #4282, .T. ) ;
#2423 = PLANE ( 'NONE',  #676 ) ;
#2424 = VECTOR ( 'NONE', #2624, 1000.000000000000227 ) ;
#2425 = DIRECTION ( 'NONE',  ( -0.000000000000000000, -1.000000000000000000, -0.000000000000000000 ) ) ;
#2426 = MECHANICAL_DESIGN_GEOMETRIC_PRESENTATION_REPRESENTATION (  '', ( #4481 ), #988 ) ;
#2427 = EDGE_CURVE ( 'NONE', #1976, #2838, #3209, .T. ) ;
#2428 = PRESENTATION_LAYER_ASSIGNMENT (  '', '', ( #4481 ) ) ;
#2429 = SPHERICAL_SURFACE ( 'NONE', #142, 0.05823999999999999316 ) ;
#2430 = VERTEX_POINT ( 'NONE', #3528 ) ;
#2431 = CARTESIAN_POINT ( 'NONE',  ( 1.532369079381479704, 2.746759999999999646, -0.9104450990217833883 ) ) ;
#2432 = COLOUR_RGB ( '',0.6470588235294117974, 0.5176470588235293491, 0.000000000000000000 ) ;
#2433 = ORIENTED_EDGE ( 'NONE', *, *, #2730, .F. ) ;
#2434 = VERTEX_POINT ( 'NONE', #4673 ) ;
#2435 = STYLED_ITEM ( 'NONE', ( #4635 ), #4552 ) ;
#2436 = CARTESIAN_POINT ( 'NONE',  ( 0.7486364107457355033, 2.729231173212052219, -2.719608588827740370 ) ) ;
#2437 = CARTESIAN_POINT ( 'NONE',  ( 0.05823999999999999316, 0.05823999999999999316, -0.05823999999999999316 ) ) ;
#2438 = ADVANCED_FACE ( 'NONE', ( #4625 ), #2106, .F. ) ;
#2439 = VECTOR ( 'NONE', #175, 1000.000000000000000 ) ;
#2440 = ORIENTED_EDGE ( 'NONE', *, *, #1866, .T. ) ;
#2441 = CARTESIAN_POINT ( 'NONE',  ( 3.600000000000000089, 0.000000000000000000, -0.05823999999999999316 ) ) ;
#2442 = SURFACE_SIDE_STYLE ('',( #1726 ) ) ;
#2443 = AXIS2_PLACEMENT_3D ( 'NONE', #2737, #2673, #252 ) ;
#2444 = SURFACE_STYLE_USAGE ( .BOTH. , #3255 ) ;
#2445 = CIRCLE ( 'NONE', #3808, 0.05823999999999999316 ) ;
#2446 =( LENGTH_UNIT ( ) NAMED_UNIT ( * ) SI_UNIT ( .MILLI., .METRE. ) );
#2447 = VERTEX_POINT ( 'NONE', #1064 ) ;
#2448 = CARTESIAN_POINT ( 'NONE',  ( 0.7496518591888691185, 2.709981391723625510, -2.735401522221777793 ) ) ;
#2449 = FILL_AREA_STYLE ('',( #3091 ) ) ;
#2450 = PRESENTATION_STYLE_ASSIGNMENT (( #3213 ) ) ;
#2451 =( GEOMETRIC_REPRESENTATION_CONTEXT ( 3 ) GLOBAL_UNCERTAINTY_ASSIGNED_CONTEXT ( ( #4229 ) ) GLOBAL_UNIT_ASSIGNED_CONTEXT ( ( #2027, #315, #4647 ) ) REPRESENTATION_CONTEXT ( 'NONE', 'WORKASPACE' ) );
#2452 = VECTOR ( 'NONE', #3964, 1000.000000000000000 ) ;
#2453 = AXIS2_PLACEMENT_3D ( 'NONE', #4613, #623, #1680 ) ;
#2454 = CARTESIAN_POINT ( 'NONE',  ( 2.850488923835454269, 0.06679815734959219931, -2.714579188555791944 ) ) ;
#2455 = SURFACE_SIDE_STYLE ('',( #4189 ) ) ;
#2456 = EDGE_CURVE ( 'NONE', #3044, #3887, #609, .T. ) ;
#2457 = MECHANICAL_DESIGN_GEOMETRIC_PRESENTATION_REPRESENTATION (  '', ( #2979 ), #2228 ) ;
#2458 = ORIENTED_EDGE ( 'NONE', *, *, #1169, .F. ) ;
#2459 = ORIENTED_EDGE ( 'NONE', *, *, #1880, .F. ) ;
#2460 = CIRCLE ( 'NONE', #446, 0.05824000000000020133 ) ;
#2461 = EDGE_CURVE ( 'NONE', #3364, #4534, #2148, .T. ) ;
#2462 = DIRECTION ( 'NONE',  ( 1.000000000000000000, 3.723221746172749281E-15, 0.000000000000000000 ) ) ;
#2463 = COLOUR_RGB ( '',0.7686274509803920907, 0.7686274509803920907, 0.7686274509803920907 ) ;
#2464 = PRESENTATION_LAYER_ASSIGNMENT (  '', '', ( #371 ) ) ;
#2465 = ORIENTED_EDGE ( 'NONE', *, *, #4475, .T. ) ;
#2466 = DIRECTION ( 'NONE',  ( -0.9610664548998939516, 0.000000000000000000, -0.2763173343569854667 ) ) ;
#2467 = SURFACE_STYLE_FILL_AREA ( #1099 ) ;
#2468 = CARTESIAN_POINT ( 'NONE',  ( 2.850000000000000089, 2.741759999999999753, -2.683520000000000127 ) ) ;
#2469 = UNCERTAINTY_MEASURE_WITH_UNIT (LENGTH_MEASURE( 1.000000000000000082E-05 ), #1025, 'distance_accuracy_value', 'NONE');
#2470 = COLOUR_RGB ( '',0.7921568627450980005, 0.8196078431372548767, 0.9333333333333333481 ) ;
#2471 = LINE ( 'NONE', #4296, #4519 ) ;
#2472 = ORIENTED_EDGE ( 'NONE', *, *, #2051, .T. ) ;
#2473 = LINE ( 'NONE', #1730, #221 ) ;
#2474 =( GEOMETRIC_REPRESENTATION_CONTEXT ( 3 ) GLOBAL_UNCERTAINTY_ASSIGNED_CONTEXT ( ( #2515 ) ) GLOBAL_UNIT_ASSIGNED_CONTEXT ( ( #1623, #2023, #983 ) ) REPRESENTATION_CONTEXT ( 'NONE', 'WORKASPACE' ) );
#2475 = DIRECTION ( 'NONE',  ( -0.000000000000000000, -1.000000000000000000, 0.000000000000000000 ) ) ;
#2476 = CARTESIAN_POINT ( 'NONE',  ( 1.865671948376557809, 2.741759999999999753, -1.812111339561971679 ) ) ;
#2477 = LINE ( 'NONE', #3453, #3251 ) ;
#2478 = ORIENTED_EDGE ( 'NONE', *, *, #1749, .T. ) ;
#2479 = CYLINDRICAL_SURFACE ( 'NONE', #3568, 0.05823999999999998622 ) ;
#2480 = ORIENTED_EDGE ( 'NONE', *, *, #1197, .F. ) ;
#2481 = DIRECTION ( 'NONE',  ( 0.6995643972270459976, 0.000000000000000000, 0.7145695586381775044 ) ) ;
#2482 = FILL_AREA_STYLE ('',( #3178 ) ) ;
#2483 = COLOUR_RGB ( '',0.7686274509803920907, 0.7686274509803920907, 0.7686274509803920907 ) ;
#2484 = ADVANCED_FACE ( 'NONE', ( #268 ), #1425, .T. ) ;
#2485 = EDGE_LOOP ( 'NONE', ( #4579, #2587, #1935, #2272 ) ) ;
#2486 = CARTESIAN_POINT ( 'NONE',  ( 2.851363589254264586, 2.719608588827739926, -2.729231173212052664 ) ) ;
#2487 =( NAMED_UNIT ( * ) SI_UNIT ( $, .STERADIAN. ) SOLID_ANGLE_UNIT ( ) );
#2488 = SPHERICAL_SURFACE ( 'NONE', #1607, 0.05823999999999999316 ) ;
#2489 = LINE ( 'NONE', #2887, #804 ) ;
#2490 = CARTESIAN_POINT ( 'NONE',  ( 1.763380634530516300, 2.746759999999999646, -2.017938064331727954 ) ) ;
#2491 = EDGE_CURVE ( 'NONE', #2430, #1937, #1692, .T. ) ;
#2492 = FILL_AREA_STYLE_COLOUR ( '', #1065 ) ;
#2493 = ORIENTED_EDGE ( 'NONE', *, *, #3766, .T. ) ;
#2494 = CARTESIAN_POINT ( 'NONE',  ( 1.944000000000006390, 2.746759999999999646, -0.6208239129099735187 ) ) ;
#2495 = CARTESIAN_POINT ( 'NONE',  ( 2.908240000000000158, 0.05823999999999999316, -0.05823999999999999316 ) ) ;
#2496 = EDGE_CURVE ( 'NONE', #2557, #4339, #419, .T. ) ;
#2497 = DIRECTION ( 'NONE',  ( 1.000000000000000000, 0.000000000000000000, 0.000000000000000000 ) ) ;
#2498 = CARTESIAN_POINT ( 'NONE',  ( -0.8184128072525136410, 2.741759999999999753, 0.006335664914779973525 ) ) ;
#2499 =( NAMED_UNIT ( * ) SI_UNIT ( $, .STERADIAN. ) SOLID_ANGLE_UNIT ( ) );
#2500 = SURFACE_STYLE_FILL_AREA ( #3850 ) ;
#2501 = VECTOR ( 'NONE', #2312, 1000.000000000000114 ) ;
#2502 = ORIENTED_EDGE ( 'NONE', *, *, #3272, .T. ) ;
#2503 = LINE ( 'NONE', #23, #711 ) ;
#2504 =( BOUNDED_CURVE ( )  B_SPLINE_CURVE ( 3, ( #3782, #4160, #560, #1627 ),
 .UNSPECIFIED., .F., .T. ) 
 B_SPLINE_CURVE_WITH_KNOTS ( ( 4, 4 ),
 ( 1.570796326794896558, 1.868047688116104776 ),
 .UNSPECIFIED. ) 
 CURVE ( )  GEOMETRIC_REPRESENTATION_ITEM ( )  RATIONAL_B_SPLINE_CURVE ( ( 1.000000000000000000, 0.9926503465430337458, 0.9926503465430337458, 1.000000000000000000 ) ) 
 REPRESENTATION_ITEM ( '' )  );
#2505 = ORIENTED_EDGE ( 'NONE', *, *, #4643, .F. ) ;
#2506 = DIRECTION ( 'NONE',  ( 0.9280290862136694185, 0.000000000000000000, -0.3725077383644824769 ) ) ;
#2507 = COLOUR_RGB ( '',0.6470588235294117974, 0.5176470588235293491, 0.000000000000000000 ) ;
#2508 = FACE_OUTER_BOUND ( 'NONE', #519, .T. ) ;
#2509 =( GEOMETRIC_REPRESENTATION_CONTEXT ( 3 ) GLOBAL_UNCERTAINTY_ASSIGNED_CONTEXT ( ( #3514 ) ) GLOBAL_UNIT_ASSIGNED_CONTEXT ( ( #4659, #2885, #2487 ) ) REPRESENTATION_CONTEXT ( 'NONE', 'WORKASPACE' ) );
#2510 = ORIENTED_EDGE ( 'NONE', *, *, #2491, .F. ) ;
#2511 = CARTESIAN_POINT ( 'NONE',  ( 1.763380634529654323, 2.741759999999999753, -0.9607584374758031398 ) ) ;
#2512 = DIRECTION ( 'NONE',  ( 0.000000000000000000, 0.000000000000000000, 1.000000000000000000 ) ) ;
#2513 = EDGE_CURVE ( 'NONE', #830, #1172, #1886, .T. ) ;
#2514 = CARTESIAN_POINT ( 'NONE',  ( 0.7474458939777458566, 2.724701898936304101, -0.07529810106369576317 ) ) ;
#2515 = UNCERTAINTY_MEASURE_WITH_UNIT (LENGTH_MEASURE( 1.000000000000000082E-05 ), #1623, 'distance_accuracy_value', 'NONE');
#2516 = PRESENTATION_STYLE_ASSIGNMENT (( #1080 ) ) ;
#2517 = COLOUR_RGB ( '',0.7686274509803920907, 0.7686274509803920907, 0.7686274509803920907 ) ;
#2518 = ORIENTED_EDGE ( 'NONE', *, *, #4084, .F. ) ;
#2519 = DIRECTION ( 'NONE',  ( 0.000000000000000000, 1.000000000000000000, 0.000000000000000000 ) ) ;
#2520 = FACE_OUTER_BOUND ( 'NONE', #4012, .T. ) ;
#2521 = FACE_OUTER_BOUND ( 'NONE', #4219, .T. ) ;
#2522 = CARTESIAN_POINT ( 'NONE',  ( 2.850089346839638438, 0.06146476929767874520, -2.702630782055435166 ) ) ;
#2523 = FACE_OUTER_BOUND ( 'NONE', #2625, .T. ) ;
#2524 = FILL_AREA_STYLE ('',( #1497 ) ) ;
#2525 = MECHANICAL_DESIGN_GEOMETRIC_PRESENTATION_REPRESENTATION (  '', ( #4035 ), #3885 ) ;
#2526 = ADVANCED_FACE ( 'NONE', ( #374 ), #2247, .T. ) ;
#2527 = ADVANCED_FACE ( 'NONE', ( #1499 ), #2971, .F. ) ;
#2528 = PRESENTATION_LAYER_ASSIGNMENT (  '', '', ( #1922 ) ) ;
#2529 = ORIENTED_EDGE ( 'NONE', *, *, #2730, .T. ) ;
#2530 = CARTESIAN_POINT ( 'NONE',  ( 1.944000000000006390, 2.746759999999999646, -1.518511938874666178 ) ) ;
#2531 = VERTEX_POINT ( 'NONE', #2596 ) ;
#2532 = VECTOR ( 'NONE', #3129, 1000.000000000000000 ) ;
#2533 = VECTOR ( 'NONE', #1952, 1000.000000000000000 ) ;
#2534 = ORIENTED_EDGE ( 'NONE', *, *, #2771, .F. ) ;
#2535 = EDGE_LOOP ( 'NONE', ( #1923, #3629, #3008, #2108 ) ) ;
#2536 = CARTESIAN_POINT ( 'NONE',  ( 2.908240000000000158, 0.000000000000000000, -2.741759999999999753 ) ) ;
#2537 = CARTESIAN_POINT ( 'NONE',  ( 2.908240000000000158, 0.000000000000000000, -0.05823999999999999316 ) ) ;
#2538 = VECTOR ( 'NONE', #2189, 1000.000000000000000 ) ;
#2539 = AXIS2_PLACEMENT_3D ( 'NONE', #2945, #4397, #805 ) ;
#2540 = ADVANCED_FACE ( 'NONE', ( #1117 ), #807, .F. ) ;
#2541 = SURFACE_SIDE_STYLE ('',( #3942 ) ) ;
#2542 = ORIENTED_EDGE ( 'NONE', *, *, #2079, .F. ) ;
#2543 = DIRECTION ( 'NONE',  ( -0.000000000000000000, -1.000000000000000000, -0.000000000000000000 ) ) ;
#2544 = CARTESIAN_POINT ( 'NONE',  ( 1.532369079381479704, 2.746759999999999646, -0.5855010684459950321 ) ) ;
#2545 = VECTOR ( 'NONE', #476, 1000.000000000000000 ) ;
#2546 = LINE ( 'NONE', #1494, #877 ) ;
#2547 =( GEOMETRIC_REPRESENTATION_CONTEXT ( 3 ) GLOBAL_UNCERTAINTY_ASSIGNED_CONTEXT ( ( #4612 ) ) GLOBAL_UNIT_ASSIGNED_CONTEXT ( ( #3626, #3263, #2289 ) ) REPRESENTATION_CONTEXT ( 'NONE', 'WORKASPACE' ) );
#2548 = CARTESIAN_POINT ( 'NONE',  ( 2.850000000000000089, 2.741759999999999753, -2.799999999999999822 ) ) ;
#2549 = SURFACE_STYLE_FILL_AREA ( #2594 ) ;
#2550 = PLANE ( 'NONE',  #1713 ) ;
#2551 = CARTESIAN_POINT ( 'NONE',  ( 1.687297965358701246, 2.741759999999999753, -1.863024197635491763 ) ) ;
#2552 = SURFACE_STYLE_USAGE ( .BOTH. , #3246 ) ;
#2553 = ORIENTED_EDGE ( 'NONE', *, *, #266, .F. ) ;
#2554 = CARTESIAN_POINT ( 'NONE',  ( 2.850000000000000089, 0.05824000000000020133, -2.683520000000000127 ) ) ;
#2555 = ORIENTED_EDGE ( 'NONE', *, *, #4610, .F. ) ;
#2556 = SURFACE_SIDE_STYLE ('',( #2225 ) ) ;
#2557 = VERTEX_POINT ( 'NONE', #4423 ) ;
#2558 = FACE_OUTER_BOUND ( 'NONE', #4225, .T. ) ;
#2559 = CYLINDRICAL_SURFACE ( 'NONE', #259, 0.05824000000000020133 ) ;
#2560 = PLANE ( 'NONE',  #4188 ) ;
#2561 = CLOSED_SHELL ( 'NONE', ( #133, #1852, #688, #3531, #3325, #3421, #1337, #3143, #2199, #1509, #2699, #1427, #4585, #2355, #1280, #3917, #4468, #2098, #2060, #3937, #196, #1653, #2087, #4430, #1389, #2932, #3851, #4624, #2074, #4552, #572, #2291, #2526, #2933, #2810, #3438, #2019, #440, #2484, #3313, #1182, #1617, #897, #420, #1164, #1991, #3163, #4531, #380, #2349, #1462, #3706, #404, #2298, #547, #2912, #396, #1910, #2778, #622, #3879, #2740, #165, #2782, #4265, #3342, #2764, #4136 ) ) ;
#2562 = UNCERTAINTY_MEASURE_WITH_UNIT (LENGTH_MEASURE( 1.000000000000000082E-05 ), #3117, 'distance_accuracy_value', 'NONE');
#2563 = ORIENTED_EDGE ( 'NONE', *, *, #3828, .T. ) ;
#2564 = CARTESIAN_POINT ( 'NONE',  ( 1.720495581945717278, 2.746759999999999646, -0.6534257646995780267 ) ) ;
#2565 = CARTESIAN_POINT ( 'NONE',  ( 2.850000000000000089, 2.741759999999999753, -2.741759999999999753 ) ) ;
#2566 = CARTESIAN_POINT ( 'NONE',  ( 2.850857672268034992, 0.06976012061528549801, -0.06976012061528560904 ) ) ;
#2567 = EDGE_CURVE ( 'NONE', #2811, #474, #2193, .T. ) ;
#2568 = CARTESIAN_POINT ( 'NONE',  ( 1.944000000000006390, 2.746759999999999646, -1.235447311932450276 ) ) ;
#2569 = SURFACE_STYLE_USAGE ( .BOTH. , #3604 ) ;
#2570 = MECHANICAL_DESIGN_GEOMETRIC_PRESENTATION_REPRESENTATION (  '', ( #2122 ), #4316 ) ;
#2571 = ADVANCED_FACE ( 'NONE', ( #3291 ), #1190, .F. ) ;
#2572 = MANIFOLD_SOLID_BREP ( 'Fillet3', #2561 ) ;
#2573 = STYLED_ITEM ( 'NONE', ( #1282 ), #3706 ) ;
#2574 = ORIENTED_EDGE ( 'NONE', *, *, #2134, .F. ) ;
#2575 = CARTESIAN_POINT ( 'NONE',  ( 0.7499839779386454630, 0.05990417227404253725, -2.698624854025658326 ) ) ;
#2576 = VERTEX_POINT ( 'NONE', #931 ) ;
#2577 = CARTESIAN_POINT ( 'NONE',  ( 2.908240000000000158, 2.741759999999999753, -0.05823999999999999316 ) ) ;
#2578 = EDGE_CURVE ( 'NONE', #1780, #3022, #1096, .T. ) ;
#2579 = ORIENTED_EDGE ( 'NONE', *, *, #1078, .F. ) ;
#2580 = VECTOR ( 'NONE', #105, 1000.000000000000227 ) ;
#2581 = DIRECTION ( 'NONE',  ( -1.000000000000000000, 0.000000000000000000, 0.000000000000000000 ) ) ;
#2582 = FILL_AREA_STYLE_COLOUR ( '', #2208 ) ;
#2583 = DIRECTION ( 'NONE',  ( 0.000000000000000000, -0.000000000000000000, -1.000000000000000000 ) ) ;
#2584 = EDGE_CURVE ( 'NONE', #3727, #1816, #3864, .T. ) ;
#2585 = DIRECTION ( 'NONE',  ( -0.000000000000000000, -1.000000000000000000, 0.000000000000000000 ) ) ;
#2586 = CYLINDRICAL_SURFACE ( 'NONE', #3182, 0.05823999999999998622 ) ;
#2587 = ORIENTED_EDGE ( 'NONE', *, *, #340, .F. ) ;
#2588 = CARTESIAN_POINT ( 'NONE',  ( 1.944000000000006390, 2.746759999999999646, -0.4670490083270785187 ) ) ;
#2589 = PRESENTATION_STYLE_ASSIGNMENT (( #4444 ) ) ;
#2590 = DIRECTION ( 'NONE',  ( -1.000000000000000000, -0.000000000000000000, 0.000000000000000000 ) ) ;
#2591 = AXIS2_PLACEMENT_3D ( 'NONE', #3550, #700, #4301 ) ;
#2592 = PRESENTATION_STYLE_ASSIGNMENT (( #1252 ) ) ;
#2593 =( NAMED_UNIT ( * ) SI_UNIT ( $, .STERADIAN. ) SOLID_ANGLE_UNIT ( ) );
#2594 = FILL_AREA_STYLE ('',( #339 ) ) ;
#2595 = DIRECTION ( 'NONE',  ( 0.000000000000000000, 0.000000000000000000, 1.000000000000000000 ) ) ;
#2596 = CARTESIAN_POINT ( 'NONE',  ( 2.850000000000000089, 2.683519999999998795, -2.741759999999999753 ) ) ;
#2597 = CIRCLE ( 'NONE', #2220, 0.05823999999999998622 ) ;
#2598 = VECTOR ( 'NONE', #341, 1000.000000000000227 ) ;
#2599 = ORIENTED_EDGE ( 'NONE', *, *, #3194, .F. ) ;
#2600 = EDGE_CURVE ( 'NONE', #2000, #3609, #3358, .T. ) ;
#2601 = ORIENTED_EDGE ( 'NONE', *, *, #4494, .T. ) ;
#2602 = STYLED_ITEM ( 'NONE', ( #2999 ), #2617 ) ;
#2603 = EDGE_LOOP ( 'NONE', ( #2458, #2760, #3403 ) ) ;
#2604 = EDGE_CURVE ( 'NONE', #1127, #2610, #956, .T. ) ;
#2605 = AXIS2_PLACEMENT_3D ( 'NONE', #4538, #4171, #1290 ) ;
#2606 = VERTEX_POINT ( 'NONE', #2772 ) ;
#2607 = CARTESIAN_POINT ( 'NONE',  ( 1.763380634530516300, 2.746759999999999646, -1.841313827505607126 ) ) ;
#2608 =( NAMED_UNIT ( * ) SI_UNIT ( $, .STERADIAN. ) SOLID_ANGLE_UNIT ( ) );
#2609 = STYLED_ITEM ( 'NONE', ( #1111 ), #2933 ) ;
#2610 = VERTEX_POINT ( 'NONE', #1932 ) ;
#2611 = DIRECTION ( 'NONE',  ( 0.000000000000000000, 0.000000000000000000, 1.000000000000000000 ) ) ;
#2612 = CARTESIAN_POINT ( 'NONE',  ( 1.610720911532859345, 2.746759999999999646, -1.004747407186507457 ) ) ;
#2613 = CARTESIAN_POINT ( 'NONE',  ( 0.7499999999999997780, 2.741759999999999753, -0.05824000000000020133 ) ) ;
#2614 = VECTOR ( 'NONE', #3489, 1000.000000000000000 ) ;
#2615 = UNCERTAINTY_MEASURE_WITH_UNIT (LENGTH_MEASURE( 1.000000000000000082E-05 ), #3647, 'distance_accuracy_value', 'NONE');
#2616 = AXIS2_PLACEMENT_3D ( 'NONE', #3040, #3800, #3821 ) ;
#2617 = MANIFOLD_SOLID_BREP ( 'Scale1[1]', #1359 ) ;
#2618 = DIRECTION ( 'NONE',  ( 0.000000000000000000, 0.000000000000000000, -1.000000000000000000 ) ) ;
#2619 = DIRECTION ( 'NONE',  ( 0.000000000000000000, 0.000000000000000000, 1.000000000000000000 ) ) ;
#2620 = AXIS2_PLACEMENT_3D ( 'NONE', #1024, #4292, #2112 ) ;
#2621 = FILL_AREA_STYLE_COLOUR ( '', #2102 ) ;
#2622 = VECTOR ( 'NONE', #2998, 1000.000000000000000 ) ;
#2623 = VERTEX_POINT ( 'NONE', #1296 ) ;
#2624 = DIRECTION ( 'NONE',  ( -0.9610876102172832836, 0.000000000000000000, -0.2762437428917279281 ) ) ;
#2625 = EDGE_LOOP ( 'NONE', ( #1773, #1589, #4457, #3542 ) ) ;
#2626 = MECHANICAL_DESIGN_GEOMETRIC_PRESENTATION_REPRESENTATION (  '', ( #1205 ), #1320 ) ;
#2627 = EDGE_CURVE ( 'NONE', #3249, #3340, #3839, .T. ) ;
#2628 = ORIENTED_EDGE ( 'NONE', *, *, #3100, .T. ) ;
#2629 = ORIENTED_EDGE ( 'NONE', *, *, #3789, .F. ) ;
#2630 = DIRECTION ( 'NONE',  ( 0.000000000000000000, 1.000000000000000000, 0.000000000000000000 ) ) ;
#2631 = FACE_OUTER_BOUND ( 'NONE', #424, .T. ) ;
#2632 = SURFACE_STYLE_FILL_AREA ( #1203 ) ;
#2633 = ADVANCED_FACE ( 'NONE', ( #3736 ), #621, .F. ) ;
#2634 = ORIENTED_EDGE ( 'NONE', *, *, #1950, .T. ) ;
#2635 = DIRECTION ( 'NONE',  ( 0.000000000000000000, 0.000000000000000000, -1.000000000000000000 ) ) ;
#2636 = DIRECTION ( 'NONE',  ( 0.000000000000000000, 0.000000000000000000, 1.000000000000000000 ) ) ;
#2637 = LINE ( 'NONE', #1925, #3803 ) ;
#2638 = EDGE_CURVE ( 'NONE', #1048, #3932, #648, .T. ) ;
#2639 = CIRCLE ( 'NONE', #3323, 0.05823999999999999316 ) ;
#2640 = LINE ( 'NONE', #4447, #4206 ) ;
#2641 = DIRECTION ( 'NONE',  ( 0.000000000000000000, 0.000000000000000000, -1.000000000000000000 ) ) ;
#2642 = CARTESIAN_POINT ( 'NONE',  ( 1.577535811012221290, 2.746759999999999646, -1.340669888712066493 ) ) ;
#2643 = SURFACE_SIDE_STYLE ('',( #4043 ) ) ;
#2644 = ADVANCED_FACE ( 'NONE', ( #134 ), #4178, .F. ) ;
#2645 = ORIENTED_EDGE ( 'NONE', *, *, #564, .F. ) ;
#2646 = CYLINDRICAL_SURFACE ( 'NONE', #1303, 0.05823999999999999316 ) ;
#2647 = ORIENTED_EDGE ( 'NONE', *, *, #4084, .T. ) ;
#2648 =( LENGTH_UNIT ( ) NAMED_UNIT ( * ) SI_UNIT ( .MILLI., .METRE. ) );
#2649 =( GEOMETRIC_REPRESENTATION_CONTEXT ( 3 ) GLOBAL_UNCERTAINTY_ASSIGNED_CONTEXT ( ( #3939 ) ) GLOBAL_UNIT_ASSIGNED_CONTEXT ( ( #2341, #1178, #4060 ) ) REPRESENTATION_CONTEXT ( 'NONE', 'WORKASPACE' ) );
#2650 = ORIENTED_EDGE ( 'NONE', *, *, #607, .F. ) ;
#2651 = ORIENTED_EDGE ( 'NONE', *, *, #489, .F. ) ;
#2652 = SURFACE_STYLE_USAGE ( .BOTH. , #545 ) ;
#2653 = CARTESIAN_POINT ( 'NONE',  ( 0.7500000000000000000, 2.741759999999999753, -2.741759999999999753 ) ) ;
#2654 = MECHANICAL_DESIGN_GEOMETRIC_PRESENTATION_REPRESENTATION (  '', ( #4319 ), #37 ) ;
#2655 = ORIENTED_EDGE ( 'NONE', *, *, #4475, .F. ) ;
#2656 = CARTESIAN_POINT ( 'NONE',  ( 1.763380634530516300, 2.746759999999999646, -2.017938064331727954 ) ) ;
#2657 = EDGE_CURVE ( 'NONE', #4599, #2934, #239, .T. ) ;
#2658 = DIRECTION ( 'NONE',  ( -0.9612861490927336883, 0.000000000000000000, -0.2755520632520511715 ) ) ;
#2659 = CIRCLE ( 'NONE', #1668, 0.05823999999999998622 ) ;
#2660 = LINE ( 'NONE', #131, #1562 ) ;
#2661 = COLOUR_RGB ( '',0.7921568627450980005, 0.8196078431372548767, 0.9333333333333333481 ) ;
#2662 = DIRECTION ( 'NONE',  ( 0.000000000000000000, 0.000000000000000000, 1.000000000000000000 ) ) ;
#2663 = DIRECTION ( 'NONE',  ( 0.9610674221107078363, 0.000000000000000000, 0.2763139702539095244 ) ) ;
#2664 = CARTESIAN_POINT ( 'NONE',  ( 3.600000000000000089, 2.741759999999999753, 0.000000000000000000 ) ) ;
#2665 = EDGE_LOOP ( 'NONE', ( #2088, #2907, #3927, #320 ) ) ;
#2666 = CARTESIAN_POINT ( 'NONE',  ( 0.05824000000000020133, 0.05823999999999999316, -2.799999999999999822 ) ) ;
#2667 =( GEOMETRIC_REPRESENTATION_CONTEXT ( 3 ) GLOBAL_UNCERTAINTY_ASSIGNED_CONTEXT ( ( #2181 ) ) GLOBAL_UNIT_ASSIGNED_CONTEXT ( ( #3432, #3128, #214 ) ) REPRESENTATION_CONTEXT ( 'NONE', 'WORKASPACE' ) );
#2668 = ORIENTED_EDGE ( 'NONE', *, *, #2207, .T. ) ;
#2669 = CIRCLE ( 'NONE', #3130, 0.05823999999999999316 ) ;
#2670 = ORIENTED_EDGE ( 'NONE', *, *, #2051, .F. ) ;
#2671 = ORIENTED_EDGE ( 'NONE', *, *, #2970, .F. ) ;
#2672 = SURFACE_STYLE_FILL_AREA ( #2324 ) ;
#2673 = DIRECTION ( 'NONE',  ( -1.000000000000000000, 0.000000000000000000, 0.000000000000000000 ) ) ;
#2674 = PRESENTATION_LAYER_ASSIGNMENT (  '', '', ( #53 ) ) ;
#2675 = CARTESIAN_POINT ( 'NONE',  ( 1.944000000000006390, 2.746759999999999646, -0.7919942905095858077 ) ) ;
#2676 =( GEOMETRIC_REPRESENTATION_CONTEXT ( 3 ) GLOBAL_UNCERTAINTY_ASSIGNED_CONTEXT ( ( #2938 ) ) GLOBAL_UNIT_ASSIGNED_CONTEXT ( ( #41, #2219, #1584 ) ) REPRESENTATION_CONTEXT ( 'NONE', 'WORKASPACE' ) );
#2677 = ORIENTED_EDGE ( 'NONE', *, *, #1593, .F. ) ;
#2678 = CARTESIAN_POINT ( 'NONE',  ( 3.600000000000000089, 0.000000000000000000, -2.741759999999999753 ) ) ;
#2679 = CARTESIAN_POINT ( 'NONE',  ( 1.532369079381479704, 2.741759999999999753, -1.560922121378591987 ) ) ;
#2680 = MECHANICAL_DESIGN_GEOMETRIC_PRESENTATION_REPRESENTATION (  '', ( #4354 ), #2077 ) ;
#2681 = VECTOR ( 'NONE', #1638, 1000.000000000000000 ) ;
#2682 = LINE ( 'NONE', #132, #2501 ) ;
#2683 = CARTESIAN_POINT ( 'NONE',  ( 0.7479341417746431242, 2.723108021931857969, -0.07370422405897780749 ) ) ;
#2684 = VECTOR ( 'NONE', #3546, 1000.000000000000227 ) ;
#2685 = EDGE_CURVE ( 'NONE', #120, #4407, #3487, .T. ) ;
#2686 = DIRECTION ( 'NONE',  ( -1.000000000000000000, -0.000000000000000000, -0.000000000000000000 ) ) ;
#2687 = AXIS2_PLACEMENT_3D ( 'NONE', #4665, #2868, #698 ) ;
#2688 = DIRECTION ( 'NONE',  ( 1.000000000000000000, 0.000000000000000000, 0.000000000000000000 ) ) ;
#2689 = EDGE_LOOP ( 'NONE', ( #4479, #1092, #3720, #4464 ) ) ;
#2690 = ORIENTED_EDGE ( 'NONE', *, *, #3774, .F. ) ;
#2691 = DIRECTION ( 'NONE',  ( -0.000000000000000000, -1.000000000000000000, 0.000000000000000000 ) ) ;
#2692 = EDGE_CURVE ( 'NONE', #1824, #2742, #565, .T. ) ;
#2693 = ORIENTED_EDGE ( 'NONE', *, *, #2286, .T. ) ;
#2694 = DIRECTION ( 'NONE',  ( 0.000000000000000000, 0.000000000000000000, -1.000000000000000000 ) ) ;
#2695 = EDGE_LOOP ( 'NONE', ( #2980, #689, #3781, #4581 ) ) ;
#2696 = CARTESIAN_POINT ( 'NONE',  ( 0.05824000000000020133, 2.741759999999999753, -0.05823999999999999316 ) ) ;
#2697 = FACE_OUTER_BOUND ( 'NONE', #1430, .T. ) ;
#2698 = DIRECTION ( 'NONE',  ( 1.000000000000000000, 0.000000000000000000, 0.000000000000000000 ) ) ;
#2699 = ADVANCED_FACE ( 'NONE', ( #2067 ), #3545, .F. ) ;
#2700 = ORIENTED_EDGE ( 'NONE', *, *, #3200, .F. ) ;
#2701 = CARTESIAN_POINT ( 'NONE',  ( 1.944000000000006390, 2.746759999999999646, -1.429865641467908510 ) ) ;
#2702 = LINE ( 'NONE', #2353, #2365 ) ;
#2703 = SURFACE_SIDE_STYLE ('',( #1659 ) ) ;
#2704 = CARTESIAN_POINT ( 'NONE',  ( 1.575771045540717674, 2.746759999999999646, -1.624255184048812417 ) ) ;
#2705 = FACE_OUTER_BOUND ( 'NONE', #1132, .T. ) ;
#2706 = FACE_OUTER_BOUND ( 'NONE', #1263, .T. ) ;
#2707 = ORIENTED_EDGE ( 'NONE', *, *, #894, .F. ) ;
#2708 = ORIENTED_EDGE ( 'NONE', *, *, #4637, .T. ) ;
#2709 = ADVANCED_FACE ( 'NONE', ( #1364 ), #1026, .F. ) ;
#2710 = FACE_OUTER_BOUND ( 'NONE', #1356, .T. ) ;
#2711 = ORIENTED_EDGE ( 'NONE', *, *, #2657, .F. ) ;
#2712 = DIRECTION ( 'NONE',  ( 3.723221746172735870E-15, -1.000000000000000000, 0.000000000000000000 ) ) ;
#2713 = VERTEX_POINT ( 'NONE', #2537 ) ;
#2714 = CARTESIAN_POINT ( 'NONE',  ( 0.6917600000000000415, 2.741759999999999753, -2.799999999999999822 ) ) ;
#2715 = PLANE ( 'NONE',  #2605 ) ;
#2716 = MECHANICAL_DESIGN_GEOMETRIC_PRESENTATION_REPRESENTATION (  '', ( #103 ), #984 ) ;
#2717 = VERTEX_POINT ( 'NONE', #3915 ) ;
#2718 = CARTESIAN_POINT ( 'NONE',  ( 0.7499999999999997780, 2.683519999999998795, -0.05824000000000020133 ) ) ;
#2719 = CARTESIAN_POINT ( 'NONE',  ( 2.850348140811131525, 2.709981391723626842, -0.06459847777822283477 ) ) ;
#2720 = EDGE_CURVE ( 'NONE', #3640, #4339, #759, .T. ) ;
#2721 =( NAMED_UNIT ( * ) SI_UNIT ( $, .STERADIAN. ) SOLID_ANGLE_UNIT ( ) );
#2722 = AXIS2_PLACEMENT_3D ( 'NONE', #1495, #63, #2145 ) ;
#2723 = CARTESIAN_POINT ( 'NONE',  ( 1.944000000000006390, 2.746759999999999646, -0.4670490083270785187 ) ) ;
#2724 = DIRECTION ( 'NONE',  ( -0.000000000000000000, -1.000000000000000000, 0.000000000000000000 ) ) ;
#2725 = SURFACE_STYLE_FILL_AREA ( #4500 ) ;
#2726 = MECHANICAL_DESIGN_GEOMETRIC_PRESENTATION_REPRESENTATION (  '', ( #3574 ), #1903 ) ;
#2727 = CYLINDRICAL_SURFACE ( 'NONE', #3408, 0.05823999999999998622 ) ;
#2728 = DIRECTION ( 'NONE',  ( 0.000000000000000000, 0.000000000000000000, -1.000000000000000000 ) ) ;
#2729 = DIRECTION ( 'NONE',  ( 1.000000000000000000, -0.000000000000000000, 0.000000000000000000 ) ) ;
#2730 = EDGE_CURVE ( 'NONE', #1739, #1411, #1828, .T. ) ;
#2731 = STYLED_ITEM ( 'NONE', ( #4248 ), #1991 ) ;
#2732 = EDGE_LOOP ( 'NONE', ( #3252, #2338, #3371, #4405 ) ) ;
#2733 = CARTESIAN_POINT ( 'NONE',  ( 1.532369079381479704, 2.746759999999999646, -0.9104450990217833883 ) ) ;
#2734 = VERTEX_POINT ( 'NONE', #1077 ) ;
#2735 =( NAMED_UNIT ( * ) SI_UNIT ( $, .STERADIAN. ) SOLID_ANGLE_UNIT ( ) );
#2736 = FILL_AREA_STYLE ('',( #4122 ) ) ;
#2737 = CARTESIAN_POINT ( 'NONE',  ( 0.000000000000000000, 0.000000000000000000, 0.000000000000000000 ) ) ;
#2738 = PRESENTATION_STYLE_ASSIGNMENT (( #948 ) ) ;
#2739 = STYLED_ITEM ( 'NONE', ( #1553 ), #2019 ) ;
#2740 = ADVANCED_FACE ( 'NONE', ( #3278 ), #2822, .T. ) ;
#2741 = AXIS2_PLACEMENT_3D ( 'NONE', #3076, #2319, #4530 ) ;
#2742 = VERTEX_POINT ( 'NONE', #2845 ) ;
#2743 = CARTESIAN_POINT ( 'NONE',  ( 1.532369079381479704, 2.741759999999999753, -0.5855010684459950321 ) ) ;
#2744 = LINE ( 'NONE', #4493, #4185 ) ;
#2745 = DIRECTION ( 'NONE',  ( -1.000000000000000000, 0.000000000000000000, 0.000000000000000000 ) ) ;
#2746 = UNCERTAINTY_MEASURE_WITH_UNIT (LENGTH_MEASURE( 1.000000000000000082E-05 ), #3492, 'distance_accuracy_value', 'NONE');
#2747 = PRESENTATION_STYLE_ASSIGNMENT (( #4566 ) ) ;
#2748 = EDGE_CURVE ( 'NONE', #2839, #96, #2489, .T. ) ;
#2749 = PLANE ( 'NONE',  #4669 ) ;
#2750 = DIRECTION ( 'NONE',  ( 0.000000000000000000, 0.000000000000000000, 1.000000000000000000 ) ) ;
#2751 = DIRECTION ( 'NONE',  ( 0.9611542233438713501, 0.000000000000000000, 0.2760118818968482768 ) ) ;
#2752 = PLANE ( 'NONE',  #381 ) ;
#2753 = SURFACE_STYLE_FILL_AREA ( #2024 ) ;
#2754 = PRESENTATION_STYLE_ASSIGNMENT (( #2807 ) ) ;
#2755 = EDGE_LOOP ( 'NONE', ( #3122, #1440, #921, #3795, #451, #383, #4070, #4385, #1872, #281, #2295 ) ) ;
#2756 = DIRECTION ( 'NONE',  ( -1.000000000000000000, 0.000000000000000000, 0.000000000000000000 ) ) ;
#2757 = MECHANICAL_DESIGN_GEOMETRIC_PRESENTATION_REPRESENTATION (  '', ( #2384 ), #216 ) ;
#2758 = AXIS2_PLACEMENT_3D ( 'NONE', #1253, #3395, #891 ) ;
#2759 = ORIENTED_EDGE ( 'NONE', *, *, #968, .T. ) ;
#2760 = ORIENTED_EDGE ( 'NONE', *, *, #658, .T. ) ;
#2761 = CARTESIAN_POINT ( 'NONE',  ( 0.7500000000000000000, 2.741759999999999753, -2.689980384497082877 ) ) ;
#2762 = FILL_AREA_STYLE_COLOUR ( '', #3806 ) ;
#2763 = AXIS2_PLACEMENT_3D ( 'NONE', #2607, #2581, #2204 ) ;
#2764 = ADVANCED_FACE ( 'NONE', ( #1204 ), #432, .T. ) ;
#2765 = SPHERICAL_SURFACE ( 'NONE', #3973, 0.05823999999999999316 ) ;
#2766 = VECTOR ( 'NONE', #168, 1000.000000000000000 ) ;
#2767 = ORIENTED_EDGE ( 'NONE', *, *, #3131, .T. ) ;
#2768 = CARTESIAN_POINT ( 'NONE',  ( 2.850488923835454269, 2.733201842650407443, -0.08542081144420732297 ) ) ;
#2769 = SURFACE_STYLE_FILL_AREA ( #2964 ) ;
#2770 = FILL_AREA_STYLE_COLOUR ( '', #342 ) ;
#2771 = EDGE_CURVE ( 'NONE', #161, #4159, #4046, .T. ) ;
#2772 = CARTESIAN_POINT ( 'NONE',  ( 0.000000000000000000, 2.741759999999999753, -2.741759999999999753 ) ) ;
#2773 = DIRECTION ( 'NONE',  ( 1.000000000000000000, -0.000000000000000000, -0.000000000000000000 ) ) ;
#2774 = DIRECTION ( 'NONE',  ( 0.9615825319869173438, 0.000000000000000000, 0.2745159998572558879 ) ) ;
#2775 = FACE_OUTER_BOUND ( 'NONE', #1271, .T. ) ;
#2776 = LINE ( 'NONE', #2802, #1455 ) ;
#2777 = CARTESIAN_POINT ( 'NONE',  ( 0.7486364107457357253, 2.719608588827739482, -0.07076882678794704784 ) ) ;
#2778 = ADVANCED_FACE ( 'NONE', ( #4010 ), #4080, .T. ) ;
#2779 = DIRECTION ( 'NONE',  ( 1.000000000000000000, 0.000000000000000000, 0.000000000000000000 ) ) ;
#2780 = DIRECTION ( 'NONE',  ( -0.000000000000000000, -1.000000000000000000, 0.000000000000000000 ) ) ;
#2781 = ORIENTED_EDGE ( 'NONE', *, *, #871, .T. ) ;
#2782 = ADVANCED_FACE ( 'NONE', ( #4059 ), #1508, .T. ) ;
#2783 = ADVANCED_FACE ( 'NONE', ( #1315 ), #2715, .F. ) ;
#2784 = ORIENTED_EDGE ( 'NONE', *, *, #1467, .F. ) ;
#2785 = DIRECTION ( 'NONE',  ( 0.000000000000000000, 0.000000000000000000, -1.000000000000000000 ) ) ;
#2786 = ORIENTED_EDGE ( 'NONE', *, *, #3737, .F. ) ;
#2787 = DIRECTION ( 'NONE',  ( 0.000000000000000000, 0.000000000000000000, -1.000000000000000000 ) ) ;
#2788 =( NAMED_UNIT ( * ) PLANE_ANGLE_UNIT ( ) SI_UNIT ( $, .RADIAN. ) );
#2789 = VERTEX_POINT ( 'NONE', #3409 ) ;
#2790 = CARTESIAN_POINT ( 'NONE',  ( 1.610720911532859345, 2.746759999999999646, -1.192290661020161346 ) ) ;
#2791 =( NAMED_UNIT ( * ) SI_UNIT ( $, .STERADIAN. ) SOLID_ANGLE_UNIT ( ) );
#2792 = DIRECTION ( 'NONE',  ( 3.723221746172735870E-15, -1.000000000000000000, 0.000000000000000000 ) ) ;
#2793 =( GEOMETRIC_REPRESENTATION_CONTEXT ( 3 ) GLOBAL_UNCERTAINTY_ASSIGNED_CONTEXT ( ( #1154 ) ) GLOBAL_UNIT_ASSIGNED_CONTEXT ( ( #1829, #3593, #4346 ) ) REPRESENTATION_CONTEXT ( 'NONE', 'WORKASPACE' ) );
#2794 = DIRECTION ( 'NONE',  ( -0.2755520632520512270, 0.000000000000000000, 0.9612861490927337993 ) ) ;
#2795 = PRODUCT_DEFINITION_CONTEXT ( 'detailed design', #1920, 'design' ) ;
#2796 = FILL_AREA_STYLE ('',( #3517 ) ) ;
#2797 = VECTOR ( 'NONE', #3740, 1000.000000000000000 ) ;
#2798 = EDGE_CURVE ( 'NONE', #1313, #2196, #3792, .T. ) ;
#2799 = FACE_OUTER_BOUND ( 'NONE', #4347, .T. ) ;
#2800 = ORIENTED_EDGE ( 'NONE', *, *, #3445, .T. ) ;
#2801 = CARTESIAN_POINT ( 'NONE',  ( 0.6917599999999998195, 2.799999999999999822, -0.05824000000000020133 ) ) ;
#2802 = CARTESIAN_POINT ( 'NONE',  ( 1.610720911532859345, 2.746759999999999646, -1.192290661020161346 ) ) ;
#2803 = CARTESIAN_POINT ( 'NONE',  ( 2.850000000000000089, 0.1164800000000001529, -2.741759999999999753 ) ) ;
#2804 = COLOUR_RGB ( '',0.7686274509803920907, 0.7686274509803920907, 0.7686274509803920907 ) ;
#2805 = EDGE_CURVE ( 'NONE', #2934, #2000, #571, .T. ) ;
#2806 = DIRECTION ( 'NONE',  ( -0.9612934544747571142, 0.000000000000000000, -0.2755265765475047868 ) ) ;
#2807 = SURFACE_STYLE_USAGE ( .BOTH. , #3149 ) ;
#2808 = CARTESIAN_POINT ( 'NONE',  ( 0.6917599999999998195, 2.741759999999999753, -2.741759999999999753 ) ) ;
#2809 = DIRECTION ( 'NONE',  ( 1.000000000000000000, 0.000000000000000000, 3.606871066604838096E-15 ) ) ;
#2810 = ADVANCED_FACE ( 'NONE', ( #925 ), #2765, .T. ) ;
#2811 = VERTEX_POINT ( 'NONE', #4559 ) ;
#2812 = SURFACE_STYLE_USAGE ( .BOTH. , #1332 ) ;
#2813 = ORIENTED_EDGE ( 'NONE', *, *, #664, .T. ) ;
#2814 = CARTESIAN_POINT ( 'NONE',  ( 2.908240000000000158, 0.05823999999999999316, -0.05824000000000020133 ) ) ;
#2815 =( NAMED_UNIT ( * ) SI_UNIT ( $, .STERADIAN. ) SOLID_ANGLE_UNIT ( ) );
#2816 = VECTOR ( 'NONE', #4040, 1000.000000000000000 ) ;
#2817 = ORIENTED_EDGE ( 'NONE', *, *, #2397, .T. ) ;
#2818 = CARTESIAN_POINT ( 'NONE',  ( 2.851675510045258655, 2.727815163929700137, -0.07859784019378662778 ) ) ;
#2819 = PLANE ( 'NONE',  #1975 ) ;
#2820 = CARTESIAN_POINT ( 'NONE',  ( 1.532369079381479704, 2.746759999999999646, -1.791051805255976292 ) ) ;
#2821 = AXIS2_PLACEMENT_3D ( 'NONE', #4057, #100, #3989 ) ;
#2822 = SPHERICAL_SURFACE ( 'NONE', #3522, 0.05823999999999999316 ) ;
#2823 = FACE_OUTER_BOUND ( 'NONE', #1157, .T. ) ;
#2824 = VECTOR ( 'NONE', #2408, 1000.000000000000000 ) ;
#2825 = FILL_AREA_STYLE ('',( #2097 ) ) ;
#2826 = ORIENTED_EDGE ( 'NONE', *, *, #3789, .T. ) ;
#2827 = PLANE ( 'NONE',  #3823 ) ;
#2828 = CARTESIAN_POINT ( 'NONE',  ( 0.7499839779386354710, 2.740095827725957278, -0.1013751459743420791 ) ) ;
#2829 = CARTESIAN_POINT ( 'NONE',  ( 0.7495110761645557007, 0.08542081144420962668, -2.733201842650409219 ) ) ;
#2830 = PRESENTATION_LAYER_ASSIGNMENT (  '', '', ( #2905 ) ) ;
#2831 = LINE ( 'NONE', #766, #2985 ) ;
#2832 = SURFACE_SIDE_STYLE ('',( #1038 ) ) ;
#2833 = SPHERICAL_SURFACE ( 'NONE', #3108, 0.05823999999999999316 ) ;
#2834 = FACE_OUTER_BOUND ( 'NONE', #2388, .T. ) ;
#2835 = DIRECTION ( 'NONE',  ( -1.000000000000000000, 0.000000000000000000, 0.000000000000000000 ) ) ;
#2836 = EDGE_CURVE ( 'NONE', #939, #1045, #974, .T. ) ;
#2837 = VECTOR ( 'NONE', #391, 1000.000000000000000 ) ;
#2838 = VERTEX_POINT ( 'NONE', #191 ) ;
#2839 = VERTEX_POINT ( 'NONE', #3030 ) ;
#2840 = CIRCLE ( 'NONE', #290, 0.05823999999999999316 ) ;
#2841 = SPHERICAL_SURFACE ( 'NONE', #1186, 0.05823999999999999316 ) ;
#2842 = ORIENTED_EDGE ( 'NONE', *, *, #3774, .T. ) ;
#2843 =( LENGTH_UNIT ( ) NAMED_UNIT ( * ) SI_UNIT ( .MILLI., .METRE. ) );
#2844 = SURFACE_STYLE_USAGE ( .BOTH. , #2133 ) ;
#2845 = CARTESIAN_POINT ( 'NONE',  ( 0.7474458939777458566, 2.724701898936304101, -0.07529810106369576317 ) ) ;
#2846 = EDGE_CURVE ( 'NONE', #83, #2717, #3055, .T. ) ;
#2847 = UNCERTAINTY_MEASURE_WITH_UNIT (LENGTH_MEASURE( 1.000000000000000082E-05 ), #3547, 'distance_accuracy_value', 'NONE');
#2848 = LINE ( 'NONE', #3916, #439 ) ;
#2849 =( NAMED_UNIT ( * ) SI_UNIT ( $, .STERADIAN. ) SOLID_ANGLE_UNIT ( ) );
#2850 = VERTEX_POINT ( 'NONE', #4488 ) ;
#2851 = LINE ( 'NONE', #2140, #1338 ) ;
#2852 = CARTESIAN_POINT ( 'NONE',  ( 0.6917600000000100335, 0.05823999999999999316, -0.05823999999999999316 ) ) ;
#2853 = CARTESIAN_POINT ( 'NONE',  ( 1.826443497879789213, 2.746759999999999646, -1.415070833206682366 ) ) ;
#2854 = DIRECTION ( 'NONE',  ( -0.000000000000000000, 0.000000000000000000, -1.000000000000000000 ) ) ;
#2855 = LINE ( 'NONE', #3950, #4515 ) ;
#2856 =( NAMED_UNIT ( * ) SI_UNIT ( $, .STERADIAN. ) SOLID_ANGLE_UNIT ( ) );
#2857 = ORIENTED_EDGE ( 'NONE', *, *, #2866, .T. ) ;
#2858 = CARTESIAN_POINT ( 'NONE',  ( 0.7496518591888791105, 0.06459847777822307069, -2.709981391723627286 ) ) ;
#2859 = EDGE_CURVE ( 'NONE', #83, #1127, #4514, .T. ) ;
#2860 = ORIENTED_EDGE ( 'NONE', *, *, #4249, .F. ) ;
#2861 = CARTESIAN_POINT ( 'NONE',  ( 2.850000000000000089, 2.741759999999999753, -0.05824000000000020133 ) ) ;
#2862 = CIRCLE ( 'NONE', #4461, 0.05824000000000020133 ) ;
#2863 = ORIENTED_EDGE ( 'NONE', *, *, #4312, .F. ) ;
#2864 = SURFACE_SIDE_STYLE ('',( #1436 ) ) ;
#2865 = FILL_AREA_STYLE_COLOUR ( '', #1327 ) ;
#2866 = EDGE_CURVE ( 'NONE', #3609, #3398, #4123, .T. ) ;
#2867 = ORIENTED_EDGE ( 'NONE', *, *, #3359, .F. ) ;
#2868 = DIRECTION ( 'NONE',  ( -1.000000000000000000, -0.000000000000000000, -0.000000000000000000 ) ) ;
#2869 = CARTESIAN_POINT ( 'NONE',  ( 2.908240000000000158, 2.799999999999999822, 0.000000000000000000 ) ) ;
#2870 =( LENGTH_UNIT ( ) NAMED_UNIT ( * ) SI_UNIT ( .MILLI., .METRE. ) );
#2871 = PRESENTATION_LAYER_ASSIGNMENT (  '', '', ( #2122 ) ) ;
#2872 = CARTESIAN_POINT ( 'NONE',  ( 2.908240000000000158, 2.741759999999999753, -0.05823999999999999316 ) ) ;
#2873 = PLANE ( 'NONE',  #1861 ) ;
#2874 =( NAMED_UNIT ( * ) PLANE_ANGLE_UNIT ( ) SI_UNIT ( $, .RADIAN. ) );
#2875 = SURFACE_SIDE_STYLE ('',( #3882 ) ) ;
#2876 = DIRECTION ( 'NONE',  ( 0.9984327301130250243, 0.000000000000000000, 0.05596501978067342647 ) ) ;
#2877 = MECHANICAL_DESIGN_GEOMETRIC_PRESENTATION_REPRESENTATION (  '', ( #777 ), #4245 ) ;
#2878 = ORIENTED_EDGE ( 'NONE', *, *, #3170, .T. ) ;
#2879 = LINE ( 'NONE', #1797, #1821 ) ;
#2880 = ORIENTED_EDGE ( 'NONE', *, *, #1312, .F. ) ;
#2881 = FACE_OUTER_BOUND ( 'NONE', #2062, .T. ) ;
#2882 = VECTOR ( 'NONE', #646, 1000.000000000000000 ) ;
#2883 = STYLED_ITEM ( 'NONE', ( #355 ), #4585 ) ;
#2884 = ORIENTED_EDGE ( 'NONE', *, *, #3402, .F. ) ;
#2885 =( NAMED_UNIT ( * ) PLANE_ANGLE_UNIT ( ) SI_UNIT ( $, .RADIAN. ) );
#2886 = SURFACE_STYLE_USAGE ( .BOTH. , #2442 ) ;
#2887 = CARTESIAN_POINT ( 'NONE',  ( 1.865686967656117190, 2.741759999999999753, -1.159793944193151738 ) ) ;
#2888 = EDGE_CURVE ( 'NONE', #1248, #4586, #2347, .T. ) ;
#2889 = UNCERTAINTY_MEASURE_WITH_UNIT (LENGTH_MEASURE( 1.000000000000000082E-05 ), #2843, 'distance_accuracy_value', 'NONE');
#2890 = CARTESIAN_POINT ( 'NONE',  ( 1.707904418361210430, 2.746759999999999646, -0.5351839751692804015 ) ) ;
#2891 =( GEOMETRIC_REPRESENTATION_CONTEXT ( 3 ) GLOBAL_UNCERTAINTY_ASSIGNED_CONTEXT ( ( #692 ) ) GLOBAL_UNIT_ASSIGNED_CONTEXT ( ( #2870, #1109, #15 ) ) REPRESENTATION_CONTEXT ( 'NONE', 'WORKASPACE' ) );
#2892 = VERTEX_POINT ( 'NONE', #993 ) ;
#2893 = DIRECTION ( 'NONE',  ( -0.9985542843760948362, 0.000000000000000000, -0.05375259206908060416 ) ) ;
#2894 = CARTESIAN_POINT ( 'NONE',  ( 0.7500000000000000000, 2.741759999999999753, -0.1164799999999999724 ) ) ;
#2895 = FILL_AREA_STYLE ('',( #1466 ) ) ;
#2896 = AXIS2_PLACEMENT_3D ( 'NONE', #1672, #4197, #234 ) ;
#2897 = EDGE_CURVE ( 'NONE', #4606, #522, #1742, .T. ) ;
#2898 = SPHERICAL_SURFACE ( 'NONE', #3220, 0.05823999999999999316 ) ;
#2899 =( LENGTH_UNIT ( ) NAMED_UNIT ( * ) SI_UNIT ( .MILLI., .METRE. ) );
#2900 = CARTESIAN_POINT ( 'NONE',  ( 1.532369079381479704, 2.741759999999999753, -0.4682956089486576823 ) ) ;
#2901 =( NAMED_UNIT ( * ) SI_UNIT ( $, .STERADIAN. ) SOLID_ANGLE_UNIT ( ) );
#2902 = AXIS2_PLACEMENT_3D ( 'NONE', #1958, #2729, #1307 ) ;
#2903 = FACE_OUTER_BOUND ( 'NONE', #1719, .T. ) ;
#2904 = SURFACE_STYLE_USAGE ( .BOTH. , #4332 ) ;
#2905 = STYLED_ITEM ( 'NONE', ( #3627 ), #2572 ) ;
#2906 = STYLED_ITEM ( 'NONE', ( #90 ), #380 ) ;
#2907 = ORIENTED_EDGE ( 'NONE', *, *, #828, .F. ) ;
#2908 = CARTESIAN_POINT ( 'NONE',  ( 1.826443497879789213, 2.746759999999999646, -1.415070833206682366 ) ) ;
#2909 = ORIENTED_EDGE ( 'NONE', *, *, #3131, .F. ) ;
#2910 = VECTOR ( 'NONE', #2475, 1000.000000000000000 ) ;
#2911 = ORIENTED_EDGE ( 'NONE', *, *, #3452, .F. ) ;
#2912 = ADVANCED_FACE ( 'NONE', ( #1408 ), #2841, .T. ) ;
#2913 = FACE_OUTER_BOUND ( 'NONE', #3424, .T. ) ;
#2914 =( LENGTH_UNIT ( ) NAMED_UNIT ( * ) SI_UNIT ( .MILLI., .METRE. ) );
#2915 = MECHANICAL_DESIGN_GEOMETRIC_PRESENTATION_REPRESENTATION (  '', ( #4362 ), #3444 ) ;
#2916 = VECTOR ( 'NONE', #13, 999.9999999999998863 ) ;
#2917 = CYLINDRICAL_SURFACE ( 'NONE', #1592, 0.05824000000000020133 ) ;
#2918 = EDGE_LOOP ( 'NONE', ( #475, #2381, #4115, #4435 ) ) ;
#2919 = CARTESIAN_POINT ( 'NONE',  ( 2.850016022061364840, 2.740095827725957722, -2.698624854025656994 ) ) ;
#2920 = FILL_AREA_STYLE ('',( #1754 ) ) ;
#2921 = ADVANCED_FACE ( 'NONE', ( #2508 ), #3228, .F. ) ;
#2922 = CARTESIAN_POINT ( 'NONE',  ( 2.851260537736253653, 0.07107526839561281728, -0.07952093373177854252 ) ) ;
#2923 = MECHANICAL_DESIGN_GEOMETRIC_PRESENTATION_REPRESENTATION (  '', ( #1707 ), #3909 ) ;
#2924 = DIRECTION ( 'NONE',  ( 0.000000000000000000, 1.000000000000000000, 0.000000000000000000 ) ) ;
#2925 = DIRECTION ( 'NONE',  ( 0.000000000000000000, 1.000000000000000000, 0.000000000000000000 ) ) ;
#2926 = FACE_OUTER_BOUND ( 'NONE', #97, .T. ) ;
#2927 = DIRECTION ( 'NONE',  ( -1.000000000000000000, 0.000000000000000000, 0.000000000000000000 ) ) ;
#2928 = PLANE ( 'NONE',  #829 ) ;
#2929 = DIRECTION ( 'NONE',  ( 0.000000000000000000, 0.000000000000000000, -1.000000000000000000 ) ) ;
#2930 = ORIENTED_EDGE ( 'NONE', *, *, #4504, .F. ) ;
#2931 = CARTESIAN_POINT ( 'NONE',  ( 0.7500000000000000000, 0.05824000000000020133, -2.683520000000000127 ) ) ;
#2932 = ADVANCED_FACE ( 'NONE', ( #2059 ), #4393, .T. ) ;
#2933 = ADVANCED_FACE ( 'NONE', ( #2521 ), #2898, .T. ) ;
#2934 = VERTEX_POINT ( 'NONE', #4326 ) ;
#2935 = DIRECTION ( 'NONE',  ( -1.000000000000000000, 0.000000000000000000, 0.000000000000000000 ) ) ;
#2936 = VERTEX_POINT ( 'NONE', #4376 ) ;
#2937 = SURFACE_STYLE_FILL_AREA ( #3725 ) ;
#2938 = UNCERTAINTY_MEASURE_WITH_UNIT (LENGTH_MEASURE( 1.000000000000000082E-05 ), #41, 'distance_accuracy_value', 'NONE');
#2939 = ORIENTED_EDGE ( 'NONE', *, *, #1960, .T. ) ;
#2940 = PLANE ( 'NONE',  #1637 ) ;
#2941 = LINE ( 'NONE', #1924, #3116 ) ;
#2942 = CARTESIAN_POINT ( 'NONE',  ( 1.944000000000006390, 2.741759999999999753, -1.623113718722069665 ) ) ;
#2943 = EDGE_CURVE ( 'NONE', #2099, #636, #2546, .T. ) ;
#2944 = EDGE_CURVE ( 'NONE', #2000, #2623, #3623, .T. ) ;
#2945 = CARTESIAN_POINT ( 'NONE',  ( 3.541759999999999575, 0.000000000000000000, -2.741759999999999753 ) ) ;
#2946 =( NAMED_UNIT ( * ) SI_UNIT ( $, .STERADIAN. ) SOLID_ANGLE_UNIT ( ) );
#2947 = CARTESIAN_POINT ( 'NONE',  ( 2.908240000000000158, 2.741759999999999753, 0.000000000000000000 ) ) ;
#2948 = EDGE_CURVE ( 'NONE', #2811, #582, #702, .T. ) ;
#2949 = STYLED_ITEM ( 'NONE', ( #3848 ), #3851 ) ;
#2950 = ORIENTED_EDGE ( 'NONE', *, *, #2461, .F. ) ;
#2951 = CARTESIAN_POINT ( 'NONE',  ( 3.600000000000000089, 2.799999999999999822, -0.05823999999999999316 ) ) ;
#2952 = ORIENTED_EDGE ( 'NONE', *, *, #489, .T. ) ;
#2953 =( NAMED_UNIT ( * ) SI_UNIT ( $, .STERADIAN. ) SOLID_ANGLE_UNIT ( ) );
#2954 = PRESENTATION_LAYER_ASSIGNMENT (  '', '', ( #112 ) ) ;
#2955 = ORIENTED_EDGE ( 'NONE', *, *, #1100, .T. ) ;
#2956 = ORIENTED_EDGE ( 'NONE', *, *, #1039, .F. ) ;
#2957 = PRESENTATION_LAYER_ASSIGNMENT (  '', '', ( #3031 ) ) ;
#2958 = DIRECTION ( 'NONE',  ( -3.723221746172735870E-15, 1.000000000000000000, -0.000000000000000000 ) ) ;
#2959 = CARTESIAN_POINT ( 'NONE',  ( 0.7491423277319655405, 2.730239879384714463, -2.730239879384714463 ) ) ;
#2960 = DIRECTION ( 'NONE',  ( -1.000000000000000000, -0.000000000000000000, 0.000000000000000000 ) ) ;
#2961 = DIRECTION ( 'NONE',  ( 0.000000000000000000, 0.000000000000000000, -1.000000000000000000 ) ) ;
#2962 = VERTEX_POINT ( 'NONE', #336 ) ;
#2963 = DIRECTION ( 'NONE',  ( 0.000000000000000000, 0.000000000000000000, -1.000000000000000000 ) ) ;
#2964 = FILL_AREA_STYLE ('',( #1537 ) ) ;
#2965 = CARTESIAN_POINT ( 'NONE',  ( 2.850000000000000089, 0.05824000000000020133, -0.05824000000000020133 ) ) ;
#2966 = MECHANICAL_DESIGN_GEOMETRIC_PRESENTATION_REPRESENTATION (  '', ( #1980 ), #1751 ) ;
#2967 = FILL_AREA_STYLE ('',( #1232 ) ) ;
#2968 = DIRECTION ( 'NONE',  ( 1.000000000000000000, 0.000000000000000000, 0.000000000000000000 ) ) ;
#2969 = DIRECTION ( 'NONE',  ( -0.000000000000000000, -1.000000000000000000, 0.000000000000000000 ) ) ;
#2970 = EDGE_CURVE ( 'NONE', #4159, #4380, #4353, .T. ) ;
#2971 = PLANE ( 'NONE',  #58 ) ;
#2972 = AXIS2_PLACEMENT_3D ( 'NONE', #1330, #2835, #659 ) ;
#2973 = ORIENTED_EDGE ( 'NONE', *, *, #2859, .F. ) ;
#2974 = CARTESIAN_POINT ( 'NONE',  ( 1.944000000000006390, 2.746759999999999646, -1.983651549899683841 ) ) ;
#2975 = ORIENTED_EDGE ( 'NONE', *, *, #171, .F. ) ;
#2976 = EDGE_CURVE ( 'NONE', #3767, #1566, #1423, .T. ) ;
#2977 = CARTESIAN_POINT ( 'NONE',  ( 0.7474458939777556266, 0.07529810106369590195, -2.724701898936304545 ) ) ;
#2978 = ORIENTED_EDGE ( 'NONE', *, *, #1804, .T. ) ;
#2979 = STYLED_ITEM ( 'NONE', ( #2738 ), #2810 ) ;
#2980 = ORIENTED_EDGE ( 'NONE', *, *, #3132, .T. ) ;
#2981 = SURFACE_SIDE_STYLE ('',( #1826 ) ) ;
#2982 = CARTESIAN_POINT ( 'NONE',  ( 2.850000000000000089, 0.05823999999999999316, 0.000000000000000000 ) ) ;
#2983 = CARTESIAN_POINT ( 'NONE',  ( 2.850000000000000089, 0.05824000000000020133, -0.05824000000000020133 ) ) ;
#2984 = EDGE_CURVE ( 'NONE', #1527, #2531, #4644, .T. ) ;
#2985 = VECTOR ( 'NONE', #2854, 1000.000000000000000 ) ;
#2986 = ORIENTED_EDGE ( 'NONE', *, *, #2657, .T. ) ;
#2987 = CARTESIAN_POINT ( 'NONE',  ( 1.944000000000006390, 2.746759999999999646, -2.103578002401880642 ) ) ;
#2988 = DIRECTION ( 'NONE',  ( -1.000000000000000000, 0.000000000000000000, 0.000000000000000000 ) ) ;
#2989 = EDGE_CURVE ( 'NONE', #4442, #2606, #2831, .T. ) ;
#2990 = FILL_AREA_STYLE ('',( #1559 ) ) ;
#2991 = AXIS2_PLACEMENT_3D ( 'NONE', #4592, #4207, #2354 ) ;
#2992 = COLOUR_RGB ( '',0.7686274509803920907, 0.7686274509803920907, 0.7686274509803920907 ) ;
#2993 = UNCERTAINTY_MEASURE_WITH_UNIT (LENGTH_MEASURE( 1.000000000000000082E-05 ), #3804, 'distance_accuracy_value', 'NONE');
#2994 = AXIS2_PLACEMENT_3D ( 'NONE', #4443, #2543, #1489 ) ;
#2995 = CARTESIAN_POINT ( 'NONE',  ( 0.6917600000000000415, 2.741759999999999753, -0.05824000000000020133 ) ) ;
#2996 = PLANE ( 'NONE',  #253 ) ;
#2997 = MECHANICAL_DESIGN_GEOMETRIC_PRESENTATION_REPRESENTATION (  '', ( #3760 ), #3230 ) ;
#2998 = DIRECTION ( 'NONE',  ( -0.000000000000000000, -0.000000000000000000, 1.000000000000000000 ) ) ;
#2999 = PRESENTATION_STYLE_ASSIGNMENT (( #4451 ) ) ;
#3000 = PRESENTATION_LAYER_ASSIGNMENT (  '', '', ( #756 ) ) ;
#3001 = VERTEX_POINT ( 'NONE', #1036 ) ;
#3002 =( NAMED_UNIT ( * ) PLANE_ANGLE_UNIT ( ) SI_UNIT ( $, .RADIAN. ) );
#3003 = ORIENTED_EDGE ( 'NONE', *, *, #1931, .F. ) ;
#3004 = SURFACE_STYLE_FILL_AREA ( #207 ) ;
#3005 = AXIS2_PLACEMENT_3D ( 'NONE', #2333, #4570, #243 ) ;
#3006 = EDGE_CURVE ( 'NONE', #995, #2267, #3261, .T. ) ;
#3007 = ORIENTED_EDGE ( 'NONE', *, *, #3214, .T. ) ;
#3008 = ORIENTED_EDGE ( 'NONE', *, *, #3696, .F. ) ;
#3009 = CARTESIAN_POINT ( 'NONE',  ( 2.850000000000000089, 0.05824000000000020133, -2.799999999999999822 ) ) ;
#3010 =( NAMED_UNIT ( * ) PLANE_ANGLE_UNIT ( ) SI_UNIT ( $, .RADIAN. ) );
#3011 = DIRECTION ( 'NONE',  ( 0.000000000000000000, 0.000000000000000000, -1.000000000000000000 ) ) ;
#3012 = ORIENTED_EDGE ( 'NONE', *, *, #4281, .F. ) ;
#3013 = CARTESIAN_POINT ( 'NONE',  ( 2.849998559839500345, 2.741520629182616187, -2.689607843130266573 ) ) ;
#3014 = FILL_AREA_STYLE ('',( #3729 ) ) ;
#3015 = CARTESIAN_POINT ( 'NONE',  ( 1.865686967656117190, 2.746759999999999646, -0.9316085170136499949 ) ) ;
#3016 = DIRECTION ( 'NONE',  ( 0.9601763114346046901, 0.000000000000000000, 0.2793947940814874853 ) ) ;
#3017 = FILL_AREA_STYLE ('',( #1541 ) ) ;
#3018 = CARTESIAN_POINT ( 'NONE',  ( 1.532369079381479704, 2.741759999999999753, -0.7101235493540221100 ) ) ;
#3019 = FACE_OUTER_BOUND ( 'NONE', #3503, .T. ) ;
#3020 = EDGE_LOOP ( 'NONE', ( #1615, #3405, #227, #657 ) ) ;
#3021 = LINE ( 'NONE', #3716, #2424 ) ;
#3022 = VERTEX_POINT ( 'NONE', #1758 ) ;
#3023 = CIRCLE ( 'NONE', #2348, 0.05824000000000020133 ) ;
#3024 = VECTOR ( 'NONE', #4071, 1000.000000000000000 ) ;
#3025 = ORIENTED_EDGE ( 'NONE', *, *, #4025, .F. ) ;
#3026 = VERTEX_POINT ( 'NONE', #3215 ) ;
#3027 = CARTESIAN_POINT ( 'NONE',  ( 2.851363589254264586, 0.08039141117225961919, -0.07076882678794754744 ) ) ;
#3028 = DIRECTION ( 'NONE',  ( -0.000000000000000000, -1.000000000000000000, 0.000000000000000000 ) ) ;
#3029 = EDGE_CURVE ( 'NONE', #3859, #1739, #38, .T. ) ;
#3030 = CARTESIAN_POINT ( 'NONE',  ( 1.865686967656117190, 2.741759999999999753, -1.159793944193151738 ) ) ;
#3031 = STYLED_ITEM ( 'NONE', ( #3276 ), #4531 ) ;
#3032 = VERTEX_POINT ( 'NONE', #3242 ) ;
#3033 = LINE ( 'NONE', #255, #4523 ) ;
#3034 = CARTESIAN_POINT ( 'NONE',  ( 0.000000000000000000, 2.741759999999999753, -0.05823999999999999316 ) ) ;
#3035 = DIRECTION ( 'NONE',  ( 1.000000000000000000, 3.723221746172723248E-15, 0.000000000000000000 ) ) ;
#3036 = ADVANCED_FACE ( 'NONE', ( #1061 ), #16, .F. ) ;
#3037 = VECTOR ( 'NONE', #1341, 1000.000000000000000 ) ;
#3038 = SURFACE_SIDE_STYLE ('',( #865 ) ) ;
#3039 = VECTOR ( 'NONE', #1745, 1000.000000000000000 ) ;
#3040 = CARTESIAN_POINT ( 'NONE',  ( 3.600000000000000089, 0.05823999999999999316, -0.05823999999999999316 ) ) ;
#3041 = DIRECTION ( 'NONE',  ( 0.000000000000000000, 0.000000000000000000, -1.000000000000000000 ) ) ;
#3042 = EDGE_CURVE ( 'NONE', #45, #610, #465, .T. ) ;
#3043 = PRESENTATION_LAYER_ASSIGNMENT (  '', '', ( #3500 ) ) ;
#3044 = VERTEX_POINT ( 'NONE', #890 ) ;
#3045 = LINE ( 'NONE', #117, #323 ) ;
#3046 = PRESENTATION_LAYER_ASSIGNMENT (  '', '', ( #1247 ) ) ;
#3047 = ORIENTED_EDGE ( 'NONE', *, *, #2888, .T. ) ;
#3048 = EDGE_CURVE ( 'NONE', #852, #3612, #2330, .T. ) ;
#3049 = FACE_OUTER_BOUND ( 'NONE', #2368, .T. ) ;
#3050 = ORIENTED_EDGE ( 'NONE', *, *, #2115, .T. ) ;
#3051 = DIRECTION ( 'NONE',  ( 0.000000000000000000, 0.000000000000000000, 1.000000000000000000 ) ) ;
#3052 = EDGE_LOOP ( 'NONE', ( #3619, #4511, #3222, #138 ) ) ;
#3053 = LINE ( 'NONE', #3009, #4446 ) ;
#3054 = SURFACE_SIDE_STYLE ('',( #1945 ) ) ;
#3055 = LINE ( 'NONE', #641, #2154 ) ;
#3056 = MECHANICAL_DESIGN_GEOMETRIC_PRESENTATION_REPRESENTATION (  '', ( #4662 ), #1407 ) ;
#3057 = VECTOR ( 'NONE', #59, 1000.000000000000114 ) ;
#3058 = EDGE_CURVE ( 'NONE', #1824, #4489, #3065, .T. ) ;
#3059 = EDGE_LOOP ( 'NONE', ( #3484, #2343, #2767, #1887, #1066, #382 ) ) ;
#3060 = FILL_AREA_STYLE ('',( #4105 ) ) ;
#3061 = CARTESIAN_POINT ( 'NONE',  ( 2.852554106022254565, 2.724701898936304101, -0.07529810106369565215 ) ) ;
#3062 = AXIS2_PLACEMENT_3D ( 'NONE', #1700, #3957, #2109 ) ;
#3063 = EDGE_CURVE ( 'NONE', #4238, #1048, #2660, .T. ) ;
#3064 = SURFACE_STYLE_FILL_AREA ( #1003 ) ;
#3065 = CIRCLE ( 'NONE', #3606, 0.05824000000000020133 ) ;
#3066 = DIRECTION ( 'NONE',  ( -0.2763139702539095799, 0.000000000000000000, 0.9610674221107079473 ) ) ;
#3067 = PRESENTATION_LAYER_ASSIGNMENT (  '', '', ( #523 ) ) ;
#3068 = CARTESIAN_POINT ( 'NONE',  ( 0.7474458939777458566, 2.724701898936304101, -0.07529810106369576317 ) ) ;
#3069 =( GEOMETRIC_REPRESENTATION_CONTEXT ( 3 ) GLOBAL_UNCERTAINTY_ASSIGNED_CONTEXT ( ( #508 ) ) GLOBAL_UNIT_ASSIGNED_CONTEXT ( ( #351, #550, #2257 ) ) REPRESENTATION_CONTEXT ( 'NONE', 'WORKASPACE' ) );
#3070 = CIRCLE ( 'NONE', #2994, 0.05824000000000020133 ) ;
#3071 = EDGE_CURVE ( 'NONE', #610, #734, #2640, .T. ) ;
#3072 = SURFACE_SIDE_STYLE ('',( #2753 ) ) ;
#3073 = ORIENTED_EDGE ( 'NONE', *, *, #4, .F. ) ;
#3074 = CARTESIAN_POINT ( 'NONE',  ( 1.687297965358701246, 2.741759999999999753, -2.039673466595974816 ) ) ;
#3075 = ORIENTED_EDGE ( 'NONE', *, *, #2142, .T. ) ;
#3076 = CARTESIAN_POINT ( 'NONE',  ( 0.6917600000000000415, 2.741759999999999753, -2.741759999999999753 ) ) ;
#3077 = VECTOR ( 'NONE', #3814, 1000.000000000000000 ) ;
#3078 = ORIENTED_EDGE ( 'NONE', *, *, #1108, .T. ) ;
#3079 = LINE ( 'NONE', #2006, #1891 ) ;
#3080 = ORIENTED_EDGE ( 'NONE', *, *, #515, .T. ) ;
#3081 = FACE_OUTER_BOUND ( 'NONE', #143, .T. ) ;
#3082 = CARTESIAN_POINT ( 'NONE',  ( 0.6917600000000100335, 0.05823999999999999316, 0.000000000000000000 ) ) ;
#3083 = B_SPLINE_CURVE_WITH_KNOTS ( 'NONE', 3,
 ( #195, #257, #531, #1678, #2398, #3838, #1342, #620, #3136, #1618 ),
 .UNSPECIFIED., .F., .F.,
 ( 4, 3, 3, 4 ),
 ( 2.194714508423963179E-19, 1.938115349125927678E-05, 3.880233050465824711E-05, 4.563224590952803052E-05 ),
 .UNSPECIFIED. ) ;
#3084 = EDGE_LOOP ( 'NONE', ( #1947, #504, #2081, #779 ) ) ;
#3085 = LINE ( 'NONE', #4542, #3986 ) ;
#3086 = FACE_OUTER_BOUND ( 'NONE', #3634, .T. ) ;
#3087 =( LENGTH_UNIT ( ) NAMED_UNIT ( * ) SI_UNIT ( .MILLI., .METRE. ) );
#3088 = UNCERTAINTY_MEASURE_WITH_UNIT (LENGTH_MEASURE( 1.000000000000000082E-05 ), #529, 'distance_accuracy_value', 'NONE');
#3089 = CARTESIAN_POINT ( 'NONE',  ( 3.541759999999999575, 2.741759999999999753, 0.000000000000000000 ) ) ;
#3090 = CARTESIAN_POINT ( 'NONE',  ( 1.532369079381479704, 2.746759999999999646, -0.7101235493540221100 ) ) ;
#3091 = FILL_AREA_STYLE_COLOUR ( '', #1825 ) ;
#3092 = B_SPLINE_CURVE_WITH_KNOTS ( 'NONE', 3,
 ( #3779, #291, #4184, #3802, #3521, #3115, #2777, #1350, #2683, #3068 ),
 .UNSPECIFIED., .F., .F.,
 ( 4, 3, 3, 4 ),
 ( 8.789574002357003329E-19, 1.938115349126054055E-05, 3.880233050466060525E-05, 4.563224590952846420E-05 ),
 .UNSPECIFIED. ) ;
#3093 = CARTESIAN_POINT ( 'NONE',  ( 1.687297965358701246, 2.746759999999999646, -2.039673466595974816 ) ) ;
#3094 = AXIS2_PLACEMENT_3D ( 'NONE', #314, #705, #296 ) ;
#3095 = EDGE_CURVE ( 'NONE', #4489, #161, #842, .T. ) ;
#3096 = SURFACE_STYLE_FILL_AREA ( #265 ) ;
#3097 = FILL_AREA_STYLE_COLOUR ( '', #1071 ) ;
#3098 = CARTESIAN_POINT ( 'NONE',  ( 1.611265360455781170, 2.746759999999999646, -2.073934948893989105 ) ) ;
#3099 = SURFACE_SIDE_STYLE ('',( #2339 ) ) ;
#3100 = EDGE_CURVE ( 'NONE', #4192, #3676, #510, .T. ) ;
#3101 = VERTEX_POINT ( 'NONE', #1185 ) ;
#3102 = SURFACE_SIDE_STYLE ('',( #1855 ) ) ;
#3103 = ORIENTED_EDGE ( 'NONE', *, *, #4173, .T. ) ;
#3104 = DIRECTION ( 'NONE',  ( 0.000000000000000000, -0.000000000000000000, 1.000000000000000000 ) ) ;
#3105 = EDGE_CURVE ( 'NONE', #4338, #4442, #532, .T. ) ;
#3106 = COLOUR_RGB ( '',0.7686274509803920907, 0.7686274509803920907, 0.7686274509803920907 ) ;
#3107 = ORIENTED_EDGE ( 'NONE', *, *, #496, .T. ) ;
#3108 = AXIS2_PLACEMENT_3D ( 'NONE', #1351, #655, #244 ) ;
#3109 = PLANE ( 'NONE',  #413 ) ;
#3110 = DIRECTION ( 'NONE',  ( 0.000000000000000000, 0.000000000000000000, 1.000000000000000000 ) ) ;
#3111 = CARTESIAN_POINT ( 'NONE',  ( 1.707904418361210430, 2.741759999999999753, -0.5351839751692804015 ) ) ;
#3112 = LINE ( 'NONE', #2020, #3680 ) ;
#3113 = FILL_AREA_STYLE_COLOUR ( '', #147 ) ;
#3114 = LINE ( 'NONE', #675, #4399 ) ;
#3115 = CARTESIAN_POINT ( 'NONE',  ( 0.7495110761645460418, 2.714579188555791500, -0.06679815734959197726 ) ) ;
#3116 = VECTOR ( 'NONE', #174, 1000.000000000000000 ) ;
#3117 =( LENGTH_UNIT ( ) NAMED_UNIT ( * ) SI_UNIT ( .MILLI., .METRE. ) );
#3118 = EDGE_CURVE ( 'NONE', #2035, #4165, #3709, .T. ) ;
#3119 = ORIENTED_EDGE ( 'NONE', *, *, #1027, .T. ) ;
#3120 = DIRECTION ( 'NONE',  ( 0.9615454294334447871, 0.000000000000000000, 0.2746459304917005517 ) ) ;
#3121 = MECHANICAL_DESIGN_GEOMETRIC_PRESENTATION_REPRESENTATION (  '', ( #2731 ), #1474 ) ;
#3122 = ORIENTED_EDGE ( 'NONE', *, *, #4173, .F. ) ;
#3123 = FILL_AREA_STYLE ('',( #1695 ) ) ;
#3124 = EDGE_CURVE ( 'NONE', #4082, #4150, #1580, .T. ) ;
#3125 = ORIENTED_EDGE ( 'NONE', *, *, #3302, .F. ) ;
#3126 = CARTESIAN_POINT ( 'NONE',  ( 3.541759999999999575, 2.741759999999999753, 0.000000000000000000 ) ) ;
#3127 =( NAMED_UNIT ( * ) PLANE_ANGLE_UNIT ( ) SI_UNIT ( $, .RADIAN. ) );
#3128 =( NAMED_UNIT ( * ) PLANE_ANGLE_UNIT ( ) SI_UNIT ( $, .RADIAN. ) );
#3129 = DIRECTION ( 'NONE',  ( -0.000000000000000000, -1.000000000000000000, 0.000000000000000000 ) ) ;
#3130 = AXIS2_PLACEMENT_3D ( 'NONE', #2814, #3883, #379 ) ;
#3131 = EDGE_CURVE ( 'NONE', #852, #4082, #1883, .T. ) ;
#3132 = EDGE_CURVE ( 'NONE', #2196, #582, #2287, .T. ) ;
#3133 = ORIENTED_EDGE ( 'NONE', *, *, #2944, .T. ) ;
#3134 = DIRECTION ( 'NONE',  ( -1.000000000000000000, 0.000000000000000000, 0.000000000000000000 ) ) ;
#3135 = CARTESIAN_POINT ( 'NONE',  ( 2.850652693277696770, 2.715417980553091137, -0.06737132831336718752 ) ) ;
#3136 = CARTESIAN_POINT ( 'NONE',  ( 0.7479341417746532272, 0.07370422405897728013, -0.07689197806814268565 ) ) ;
#3137 = CARTESIAN_POINT ( 'NONE',  ( 1.532369079381479704, 2.746759999999999646, -1.560922121378591987 ) ) ;
#3138 = UNCERTAINTY_MEASURE_WITH_UNIT (LENGTH_MEASURE( 1.000000000000000082E-05 ), #1728, 'distance_accuracy_value', 'NONE');
#3139 = AXIS2_PLACEMENT_3D ( 'NONE', #1813, #751, #1840 ) ;
#3140 = LINE ( 'NONE', #3591, #2684 ) ;
#3141 = ADVANCED_FACE ( 'NONE', ( #4065 ), #2243, .F. ) ;
#3142 = CARTESIAN_POINT ( 'NONE',  ( 0.6917600000000000415, 2.741759999999999753, -2.799999999999999822 ) ) ;
#3143 = ADVANCED_FACE ( 'NONE', ( #3355 ), #4469, .T. ) ;
#3144 = LINE ( 'NONE', #3090, #3229 ) ;
#3145 = PRESENTATION_STYLE_ASSIGNMENT (( #1684 ) ) ;
#3146 = SURFACE_STYLE_USAGE ( .BOTH. , #2405 ) ;
#3147 = PRESENTATION_LAYER_ASSIGNMENT (  '', '', ( #941 ) ) ;
#3148 = AXIS2_PLACEMENT_3D ( 'NONE', #61, #2924, #2497 ) ;
#3149 = SURFACE_SIDE_STYLE ('',( #3475 ) ) ;
#3150 = ORIENTED_EDGE ( 'NONE', *, *, #114, .T. ) ;
#3151 = FILL_AREA_STYLE_COLOUR ( '', #4116 ) ;
#3152 = VECTOR ( 'NONE', #1563, 1000.000000000000000 ) ;
#3153 = ORIENTED_EDGE ( 'NONE', *, *, #1279, .T. ) ;
#3154 = ORIENTED_EDGE ( 'NONE', *, *, #768, .F. ) ;
#3155 = FILL_AREA_STYLE ('',( #2762 ) ) ;
#3156 = COLOUR_RGB ( '',0.7686274509803920907, 0.7686274509803920907, 0.7686274509803920907 ) ;
#3157 = EDGE_CURVE ( 'NONE', #4314, #360, #4154, .T. ) ;
#3158 = COLOUR_RGB ( '',0.7686274509803920907, 0.7686274509803920907, 0.7686274509803920907 ) ;
#3159 = ORIENTED_EDGE ( 'NONE', *, *, #3599, .F. ) ;
#3160 = CARTESIAN_POINT ( 'NONE',  ( 2.850089346839637994, 2.702630782055434722, -2.738535230702321410 ) ) ;
#3161 = LINE ( 'NONE', #1363, #3660 ) ;
#3162 = DIRECTION ( 'NONE',  ( 0.000000000000000000, 1.000000000000000000, -0.000000000000000000 ) ) ;
#3163 = ADVANCED_FACE ( 'NONE', ( #2799 ), #1348, .T. ) ;
#3164 = CARTESIAN_POINT ( 'NONE',  ( 0.6917600000000100335, 0.05823999999999999316, 0.000000000000000000 ) ) ;
#3165 = LINE ( 'NONE', #3469, #2241 ) ;
#3166 = EDGE_LOOP ( 'NONE', ( #3231, #2227, #2601, #2229, #2634, #586, #2273, #4527, #211, #2478, #1941 ) ) ;
#3167 = CARTESIAN_POINT ( 'NONE',  ( 0.7493473067223033190, 2.715417980553090249, -2.732628671686633481 ) ) ;
#3168 = DIRECTION ( 'NONE',  ( 0.9610992334315860974, 0.000000000000000000, 0.2762033010252007426 ) ) ;
#3169 = CARTESIAN_POINT ( 'NONE',  ( 0.7483244899547514262, 0.07859784019378834863, -2.727815163929701914 ) ) ;
#3170 = EDGE_CURVE ( 'NONE', #4165, #4082, #3165, .T. ) ;
#3171 = DIRECTION ( 'NONE',  ( 0.000000000000000000, 0.000000000000000000, -1.000000000000000000 ) ) ;
#3172 = DIRECTION ( 'NONE',  ( -0.000000000000000000, -0.000000000000000000, -1.000000000000000000 ) ) ;
#3173 =( NAMED_UNIT ( * ) SI_UNIT ( $, .STERADIAN. ) SOLID_ANGLE_UNIT ( ) );
#3174 = ORIENTED_EDGE ( 'NONE', *, *, #2110, .T. ) ;
#3175 = DIRECTION ( 'NONE',  ( -1.000000000000000000, 0.000000000000000000, 0.000000000000000000 ) ) ;
#3176 = ORIENTED_EDGE ( 'NONE', *, *, #2748, .T. ) ;
#3177 = DIRECTION ( 'NONE',  ( 1.000000000000000000, 0.000000000000000000, -0.000000000000000000 ) ) ;
#3178 = FILL_AREA_STYLE_COLOUR ( '', #3297 ) ;
#3179 = ORIENTED_EDGE ( 'NONE', *, *, #2513, .F. ) ;
#3180 =( NAMED_UNIT ( * ) SI_UNIT ( $, .STERADIAN. ) SOLID_ANGLE_UNIT ( ) );
#3181 = FACE_OUTER_BOUND ( 'NONE', #3900, .T. ) ;
#3182 = AXIS2_PLACEMENT_3D ( 'NONE', #3787, #4011, #1634 ) ;
#3183 = UNCERTAINTY_MEASURE_WITH_UNIT (LENGTH_MEASURE( 1.000000000000000082E-05 ), #4406, 'distance_accuracy_value', 'NONE');
#3184 = CARTESIAN_POINT ( 'NONE',  ( 0.05823999999999999316, 2.741759999999999753, -2.741759999999999753 ) ) ;
#3185 = VECTOR ( 'NONE', #162, 1000.000000000000000 ) ;
#3186 = SURFACE_STYLE_USAGE ( .BOTH. , #3256 ) ;
#3187 = EDGE_LOOP ( 'NONE', ( #2465, #1648, #1173, #1200 ) ) ;
#3188 = CARTESIAN_POINT ( 'NONE',  ( 0.7500000000000000000, 0.05824000000000020133, -2.683520000000000127 ) ) ;
#3189 = ADVANCED_FACE ( 'NONE', ( #2069 ), #2749, .F. ) ;
#3190 = DIRECTION ( 'NONE',  ( -1.000000000000000000, 0.000000000000000000, 0.000000000000000000 ) ) ;
#3191 = PRESENTATION_LAYER_ASSIGNMENT (  '', '', ( #3722 ) ) ;
#3192 = SURFACE_STYLE_USAGE ( .BOTH. , #2832 ) ;
#3193 = CARTESIAN_POINT ( 'NONE',  ( 3.600000000000000089, 2.741759999999999753, -2.799999999999999822 ) ) ;
#3194 = EDGE_CURVE ( 'NONE', #636, #3887, #1028, .T. ) ;
#3195 = EDGE_LOOP ( 'NONE', ( #1217, #22, #4529, #4382 ) ) ;
#3196 = DIRECTION ( 'NONE',  ( -3.606871066604838096E-15, 0.000000000000000000, 1.000000000000000000 ) ) ;
#3197 = VECTOR ( 'NONE', #4031, 1000.000000000000000 ) ;
#3198 = ORIENTED_EDGE ( 'NONE', *, *, #2422, .F. ) ;
#3199 =( NAMED_UNIT ( * ) PLANE_ANGLE_UNIT ( ) SI_UNIT ( $, .RADIAN. ) );
#3200 = EDGE_CURVE ( 'NONE', #4006, #731, #3518, .T. ) ;
#3201 = ORIENTED_EDGE ( 'NONE', *, *, #3899, .F. ) ;
#3202 = SURFACE_STYLE_FILL_AREA ( #3155 ) ;
#3203 = VECTOR ( 'NONE', #3309, 1000.000000000000000 ) ;
#3204 = ORIENTED_EDGE ( 'NONE', *, *, #2984, .T. ) ;
#3205 = CARTESIAN_POINT ( 'NONE',  ( 2.850089346839638438, 2.738535230702320966, -0.09736921794456455947 ) ) ;
#3206 = SURFACE_STYLE_FILL_AREA ( #3233 ) ;
#3207 = CARTESIAN_POINT ( 'NONE',  ( 1.944000000000006390, 2.746759999999999646, -0.7460696939635345082 ) ) ;
#3208 = VECTOR ( 'NONE', #2506, 1000.000000000000000 ) ;
#3209 = CIRCLE ( 'NONE', #1764, 0.05824000000000020133 ) ;
#3210 = ORIENTED_EDGE ( 'NONE', *, *, #300, .T. ) ;
#3211 = DIRECTION ( 'NONE',  ( 0.000000000000000000, 0.000000000000000000, 1.000000000000000000 ) ) ;
#3212 = DIRECTION ( 'NONE',  ( -0.000000000000000000, 0.000000000000000000, 1.000000000000000000 ) ) ;
#3213 = SURFACE_STYLE_USAGE ( .BOTH. , #4350 ) ;
#3214 = EDGE_CURVE ( 'NONE', #3767, #3932, #1709, .T. ) ;
#3215 = CARTESIAN_POINT ( 'NONE',  ( 2.908240000000000158, 2.799999999999999822, -2.741759999999999753 ) ) ;
#3216 = AXIS2_PLACEMENT_3D ( 'NONE', #4033, #2960, #51 ) ;
#3217 = CARTESIAN_POINT ( 'NONE',  ( 1.532369079381479704, 2.746759999999999646, -0.9104450990217833883 ) ) ;
#3218 = CARTESIAN_POINT ( 'NONE',  ( 3.600000000000000089, 0.000000000000000000, -2.799999999999999822 ) ) ;
#3219 = DIRECTION ( 'NONE',  ( 1.000000000000000000, 0.000000000000000000, 0.000000000000000000 ) ) ;
#3220 = AXIS2_PLACEMENT_3D ( 'NONE', #2872, #1397, #2188 ) ;
#3221 = SURFACE_STYLE_FILL_AREA ( #3578 ) ;
#3222 = ORIENTED_EDGE ( 'NONE', *, *, #1262, .F. ) ;
#3223 = CARTESIAN_POINT ( 'NONE',  ( 1.687284197684115750, 2.746759999999999646, -0.9824688076061879327 ) ) ;
#3224 = VECTOR ( 'NONE', #359, 1000.000000000000000 ) ;
#3225 = ORIENTED_EDGE ( 'NONE', *, *, #4064, .T. ) ;
#3226 = MECHANICAL_DESIGN_GEOMETRIC_PRESENTATION_REPRESENTATION (  '', ( #3374 ), #593 ) ;
#3227 = CARTESIAN_POINT ( 'NONE',  ( 1.611856304720737043, 2.746759999999999646, -2.429006833949353350 ) ) ;
#3228 = PLANE ( 'NONE',  #3062 ) ;
#3229 = VECTOR ( 'NONE', #1276, 1000.000000000000000 ) ;
#3230 =( GEOMETRIC_REPRESENTATION_CONTEXT ( 3 ) GLOBAL_UNCERTAINTY_ASSIGNED_CONTEXT ( ( #3236 ) ) GLOBAL_UNIT_ASSIGNED_CONTEXT ( ( #1456, #1098, #3988 ) ) REPRESENTATION_CONTEXT ( 'NONE', 'WORKASPACE' ) );
#3231 = ORIENTED_EDGE ( 'NONE', *, *, #2976, .T. ) ;
#3232 =( NAMED_UNIT ( * ) SI_UNIT ( $, .STERADIAN. ) SOLID_ANGLE_UNIT ( ) );
#3233 = FILL_AREA_STYLE ('',( #736 ) ) ;
#3234 = FILL_AREA_STYLE ('',( #1775 ) ) ;
#3235 = DIRECTION ( 'NONE',  ( 0.000000000000000000, 0.000000000000000000, 1.000000000000000000 ) ) ;
#3236 = UNCERTAINTY_MEASURE_WITH_UNIT (LENGTH_MEASURE( 1.000000000000000082E-05 ), #1456, 'distance_accuracy_value', 'NONE');
#3237 =( GEOMETRIC_REPRESENTATION_CONTEXT ( 3 ) GLOBAL_UNCERTAINTY_ASSIGNED_CONTEXT ( ( #1103 ) ) GLOBAL_UNIT_ASSIGNED_CONTEXT ( ( #2057, #4601, #2901 ) ) REPRESENTATION_CONTEXT ( 'NONE', 'WORKASPACE' ) );
#3238 = EDGE_LOOP ( 'NONE', ( #3721, #899, #517 ) ) ;
#3239 = CARTESIAN_POINT ( 'NONE',  ( -0.8184128072525136410, 2.741759999999998865, 0.006335664914779973525 ) ) ;
#3240 = LINE ( 'NONE', #56, #1600 ) ;
#3241 = AXIS2_PLACEMENT_3D ( 'NONE', #3446, #2425, #4210 ) ;
#3242 = CARTESIAN_POINT ( 'NONE',  ( 1.763380634530516300, 2.741759999999999753, -2.017938064331727954 ) ) ;
#3243 =( NAMED_UNIT ( * ) PLANE_ANGLE_UNIT ( ) SI_UNIT ( $, .RADIAN. ) );
#3244 = CARTESIAN_POINT ( 'NONE',  ( 2.908240000000000158, 0.000000000000000000, 0.000000000000000000 ) ) ;
#3245 = DIRECTION ( 'NONE',  ( 0.000000000000000000, 0.000000000000000000, -1.000000000000000000 ) ) ;
#3246 = SURFACE_SIDE_STYLE ('',( #786 ) ) ;
#3247 = ORIENTED_EDGE ( 'NONE', *, *, #3622, .T. ) ;
#3248 = CARTESIAN_POINT ( 'NONE',  ( 0.7499553718791236445, 0.06183509406618918625, -2.704563364018940597 ) ) ;
#3249 = VERTEX_POINT ( 'NONE', #3089 ) ;
#3250 = ADVANCED_FACE ( 'NONE', ( #1299 ), #2401, .F. ) ;
#3251 = VECTOR ( 'NONE', #1736, 1000.000000000000000 ) ;
#3252 = ORIENTED_EDGE ( 'NONE', *, *, #139, .T. ) ;
#3253 = CARTESIAN_POINT ( 'NONE',  ( 1.720495581945722385, 2.746759999999999646, -0.5311099949728128600 ) ) ;
#3254 = CARTESIAN_POINT ( 'NONE',  ( 1.687297965358701246, 2.746759999999999646, -2.039673466595974816 ) ) ;
#3255 = SURFACE_SIDE_STYLE ('',( #3616 ) ) ;
#3256 = SURFACE_SIDE_STYLE ('',( #409 ) ) ;
#3257 = VERTEX_POINT ( 'NONE', #553 ) ;
#3258 = AXIS2_PLACEMENT_3D ( 'NONE', #1311, #4193, #1767 ) ;
#3259 = DIRECTION ( 'NONE',  ( -0.000000000000000000, -1.000000000000000000, 0.000000000000000000 ) ) ;
#3260 = CARTESIAN_POINT ( 'NONE',  ( 2.850044628120886880, 0.09543663598106019719, -2.738164905933810900 ) ) ;
#3261 = LINE ( 'NONE', #3600, #2910 ) ;
#3262 = DIRECTION ( 'NONE',  ( 0.000000000000000000, 0.000000000000000000, -1.000000000000000000 ) ) ;
#3263 =( NAMED_UNIT ( * ) PLANE_ANGLE_UNIT ( ) SI_UNIT ( $, .RADIAN. ) );
#3264 =( LENGTH_UNIT ( ) NAMED_UNIT ( * ) SI_UNIT ( .MILLI., .METRE. ) );
#3265 = CIRCLE ( 'NONE', #2195, 0.05823999999999999316 ) ;
#3266 = CARTESIAN_POINT ( 'NONE',  ( 3.600000000000000089, 0.000000000000000000, -2.741759999999999753 ) ) ;
#3267 = ORIENTED_EDGE ( 'NONE', *, *, #3063, .F. ) ;
#3268 = CARTESIAN_POINT ( 'NONE',  ( 1.720495581945717278, 2.741759999999999753, -0.6534257646995780267 ) ) ;
#3269 = ORIENTED_EDGE ( 'NONE', *, *, #701, .F. ) ;
#3270 = CARTESIAN_POINT ( 'NONE',  ( 3.541759999999999575, 2.741759999999999753, -2.741759999999999753 ) ) ;
#3271 = AXIS2_PLACEMENT_3D ( 'NONE', #2282, #152, #1949 ) ;
#3272 = EDGE_CURVE ( 'NONE', #3426, #1824, #3112, .T. ) ;
#3273 = FILL_AREA_STYLE_COLOUR ( '', #1481 ) ;
#3274 = ORIENTED_EDGE ( 'NONE', *, *, #2897, .F. ) ;
#3275 = ORIENTED_EDGE ( 'NONE', *, *, #2805, .F. ) ;
#3276 = PRESENTATION_STYLE_ASSIGNMENT (( #4562 ) ) ;
#3277 = CARTESIAN_POINT ( 'NONE',  ( 3.600000000000000089, 0.000000000000000000, -0.05823999999999999316 ) ) ;
#3278 = FACE_OUTER_BOUND ( 'NONE', #69, .T. ) ;
#3279 = UNCERTAINTY_MEASURE_WITH_UNIT (LENGTH_MEASURE( 1.000000000000000082E-05 ), #458, 'distance_accuracy_value', 'NONE');
#3280 = EDGE_CURVE ( 'NONE', #4380, #3426, #2041, .T. ) ;
#3281 = MECHANICAL_DESIGN_GEOMETRIC_PRESENTATION_REPRESENTATION (  '', ( #1681 ), #1548 ) ;
#3282 = ORIENTED_EDGE ( 'NONE', *, *, #1461, .F. ) ;
#3283 = DIRECTION ( 'NONE',  ( -0.000000000000000000, -1.000000000000000000, 0.000000000000000000 ) ) ;
#3284 = CARTESIAN_POINT ( 'NONE',  ( 2.849998559839500345, 0.05847937081738385084, -0.1103921568697335404 ) ) ;
#3285 = STYLED_ITEM ( 'NONE', ( #494 ), #2291 ) ;
#3286 = EDGE_CURVE ( 'NONE', #493, #3385, #261, .T. ) ;
#3287 = CARTESIAN_POINT ( 'NONE',  ( 1.943999999999999506, 2.746759999999999646, -0.3499999999999999778 ) ) ;
#3288 = SURFACE_STYLE_USAGE ( .BOTH. , #3733 ) ;
#3289 = CARTESIAN_POINT ( 'NONE',  ( 2.908240000000000158, 0.000000000000000000, 0.000000000000000000 ) ) ;
#3290 = FILL_AREA_STYLE ('',( #3976 ) ) ;
#3291 = FACE_OUTER_BOUND ( 'NONE', #914, .T. ) ;
#3292 = ORIENTED_EDGE ( 'NONE', *, *, #1305, .T. ) ;
#3293 = LINE ( 'NONE', #70, #4395 ) ;
#3294 = ORIENTED_EDGE ( 'NONE', *, *, #1516, .F. ) ;
#3295 = CARTESIAN_POINT ( 'NONE',  ( 3.600000000000000089, 2.741759999999999753, -2.741759999999999753 ) ) ;
#3296 = MECHANICAL_DESIGN_GEOMETRIC_PRESENTATION_REPRESENTATION (  '', ( #941 ), #4510 ) ;
#3297 = COLOUR_RGB ( '',0.7686274509803920907, 0.7686274509803920907, 0.7686274509803920907 ) ;
#3298 =( GEOMETRIC_REPRESENTATION_CONTEXT ( 3 ) GLOBAL_UNCERTAINTY_ASSIGNED_CONTEXT ( ( #1904 ) ) GLOBAL_UNIT_ASSIGNED_CONTEXT ( ( #2406, #2048, #4572 ) ) REPRESENTATION_CONTEXT ( 'NONE', 'WORKASPACE' ) );
#3299 = ORIENTED_EDGE ( 'NONE', *, *, #2600, .T. ) ;
#3300 =( NAMED_UNIT ( * ) SI_UNIT ( $, .STERADIAN. ) SOLID_ANGLE_UNIT ( ) );
#3301 = PRESENTATION_STYLE_ASSIGNMENT (( #1896 ) ) ;
#3302 = EDGE_CURVE ( 'NONE', #3365, #4606, #1750, .T. ) ;
#3303 =( BOUNDED_CURVE ( )  B_SPLINE_CURVE ( 3, ( #1833, #57, #2259, #4417 ),
 .UNSPECIFIED., .F., .T. ) 
 B_SPLINE_CURVE_WITH_KNOTS ( ( 4, 4 ),
 ( 1.570796326794896558, 1.868047688116102334 ),
 .UNSPECIFIED. ) 
 CURVE ( )  GEOMETRIC_REPRESENTATION_ITEM ( )  RATIONAL_B_SPLINE_CURVE ( ( 1.000000000000000000, 0.9926503465430338569, 0.9926503465430338569, 1.000000000000000000 ) ) 
 REPRESENTATION_ITEM ( '' )  );
#3304 = CIRCLE ( 'NONE', #3516, 0.05824000000000020133 ) ;
#3305 = AXIS2_PLACEMENT_3D ( 'NONE', #1900, #411, #3328 ) ;
#3306 = ORIENTED_EDGE ( 'NONE', *, *, #2422, .T. ) ;
#3307 = SPHERICAL_SURFACE ( 'NONE', #3305, 0.05823999999999999316 ) ;
#3308 =( NAMED_UNIT ( * ) SI_UNIT ( $, .STERADIAN. ) SOLID_ANGLE_UNIT ( ) );
#3309 = DIRECTION ( 'NONE',  ( -0.000000000000000000, -1.000000000000000000, 0.000000000000000000 ) ) ;
#3310 = COLOUR_RGB ( '',0.7686274509803920907, 0.7686274509803920907, 0.7686274509803920907 ) ;
#3311 =( NAMED_UNIT ( * ) PLANE_ANGLE_UNIT ( ) SI_UNIT ( $, .RADIAN. ) );
#3312 = CYLINDRICAL_SURFACE ( 'NONE', #81, 0.05823999999999999316 ) ;
#3313 = ADVANCED_FACE ( 'NONE', ( #3893 ), #2917, .T. ) ;
#3314 =( NAMED_UNIT ( * ) SI_UNIT ( $, .STERADIAN. ) SOLID_ANGLE_UNIT ( ) );
#3315 = EDGE_LOOP ( 'NONE', ( #1570, #3179, #760, #1068 ) ) ;
#3316 = LINE ( 'NONE', #2197, #4553 ) ;
#3317 = ORIENTED_EDGE ( 'NONE', *, *, #2970, .T. ) ;
#3318 = CARTESIAN_POINT ( 'NONE',  ( 1.610734679207226794, 2.746759999999999646, -1.885302797215325343 ) ) ;
#3319 = B_SPLINE_CURVE_WITH_KNOTS ( 'NONE', 3,
 ( #4062, #3992, #761, #2184, #1831, #2919, #4373, #3013, #1228, #4202 ),
 .UNSPECIFIED., .F., .F.,
 ( 4, 3, 3, 4 ),
 ( 0.000000000000000000, 1.833143621111691141E-05, 3.656618479249391734E-05, 4.558081643555577251E-05 ),
 .UNSPECIFIED. ) ;
#3320 = VERTEX_POINT ( 'NONE', #1056 ) ;
#3321 = FILL_AREA_STYLE ('',( #1874 ) ) ;
#3322 = PRESENTATION_STYLE_ASSIGNMENT (( #1507 ) ) ;
#3323 = AXIS2_PLACEMENT_3D ( 'NONE', #1445, #767, #1116 ) ;
#3324 = SURFACE_STYLE_FILL_AREA ( #1177 ) ;
#3325 = ADVANCED_FACE ( 'NONE', ( #386 ), #4371, .T. ) ;
#3326 = SURFACE_STYLE_USAGE ( .BOTH. , #3102 ) ;
#3327 = VERTEX_POINT ( 'NONE', #4638 ) ;
#3328 = DIRECTION ( 'NONE',  ( 1.000000000000000000, 0.000000000000000000, 0.000000000000000000 ) ) ;
#3329 = DIRECTION ( 'NONE',  ( -1.000000000000000000, 0.000000000000000000, 0.000000000000000000 ) ) ;
#3330 = DIRECTION ( 'NONE',  ( 1.000000000000000000, -0.000000000000000000, 0.000000000000000000 ) ) ;
#3331 = LINE ( 'NONE', #764, #3057 ) ;
#3332 = EDGE_CURVE ( 'NONE', #4145, #1248, #1487, .T. ) ;
#3333 =( NAMED_UNIT ( * ) PLANE_ANGLE_UNIT ( ) SI_UNIT ( $, .RADIAN. ) );
#3334 = DIRECTION ( 'NONE',  ( 1.000000000000000000, 0.000000000000000000, 0.000000000000000000 ) ) ;
#3335 =( NAMED_UNIT ( * ) PLANE_ANGLE_UNIT ( ) SI_UNIT ( $, .RADIAN. ) );
#3336 = MECHANICAL_DESIGN_GEOMETRIC_PRESENTATION_REPRESENTATION (  '', ( #3820 ), #2793 ) ;
#3337 = AXIS2_PLACEMENT_3D ( 'NONE', #2223, #3954, #730 ) ;
#3338 = ORIENTED_EDGE ( 'NONE', *, *, #2836, .T. ) ;
#3339 = DIRECTION ( 'NONE',  ( 0.000000000000000000, 0.000000000000000000, 1.000000000000000000 ) ) ;
#3340 = VERTEX_POINT ( 'NONE', #739 ) ;
#3341 = VECTOR ( 'NONE', #1838, 1000.000000000000000 ) ;
#3342 = ADVANCED_FACE ( 'NONE', ( #1030 ), #1419, .T. ) ;
#3343 = ORIENTED_EDGE ( 'NONE', *, *, #3483, .T. ) ;
#3344 = ORIENTED_EDGE ( 'NONE', *, *, #3420, .F. ) ;
#3345 = VECTOR ( 'NONE', #3168, 1000.000000000000000 ) ;
#3346 = PLANE ( 'NONE',  #4134 ) ;
#3347 = CARTESIAN_POINT ( 'NONE',  ( 1.944000000000006390, 2.741759999999999753, -2.103578002401880642 ) ) ;
#3348 = LINE ( 'NONE', #3724, #4649 ) ;
#3349 = AXIS2_PLACEMENT_3D ( 'NONE', #4196, #1611, #945 ) ;
#3350 = ORIENTED_EDGE ( 'NONE', *, *, #1765, .F. ) ;
#3351 = CARTESIAN_POINT ( 'NONE',  ( 0.7499999999999997780, 0.1164800000000001529, -0.05824000000000020133 ) ) ;
#3352 = DIRECTION ( 'NONE',  ( -0.000000000000000000, -0.000000000000000000, 1.000000000000000000 ) ) ;
#3353 = DIRECTION ( 'NONE',  ( 0.000000000000000000, 0.000000000000000000, 1.000000000000000000 ) ) ;
#3354 = VECTOR ( 'NONE', #86, 1000.000000000000000 ) ;
#3355 = FACE_OUTER_BOUND ( 'NONE', #3919, .T. ) ;
#3356 =( LENGTH_UNIT ( ) NAMED_UNIT ( * ) SI_UNIT ( .MILLI., .METRE. ) );
#3357 = CARTESIAN_POINT ( 'NONE',  ( 1.944000000000006390, 2.741759999999999753, -1.672652312619159698 ) ) ;
#3358 = LINE ( 'NONE', #4545, #4422 ) ;
#3359 = EDGE_CURVE ( 'NONE', #1019, #1729, #4509, .T. ) ;
#3360 =( GEOMETRIC_REPRESENTATION_CONTEXT ( 3 ) GLOBAL_UNCERTAINTY_ASSIGNED_CONTEXT ( ( #3183 ) ) GLOBAL_UNIT_ASSIGNED_CONTEXT ( ( #4406, #2175, #1503 ) ) REPRESENTATION_CONTEXT ( 'NONE', 'WORKASPACE' ) );
#3361 = ORIENTED_EDGE ( 'NONE', *, *, #4394, .T. ) ;
#3362 = ORIENTED_EDGE ( 'NONE', *, *, #4020, .T. ) ;
#3363 = VECTOR ( 'NONE', #978, 1000.000000000000000 ) ;
#3364 = VERTEX_POINT ( 'NONE', #434 ) ;
#3365 = VERTEX_POINT ( 'NONE', #587 ) ;
#3366 = CARTESIAN_POINT ( 'NONE',  ( 2.908240000000000158, 2.741759999999999753, -2.799999999999999822 ) ) ;
#3367 = DIRECTION ( 'NONE',  ( -1.000000000000000000, 0.000000000000000000, 0.000000000000000000 ) ) ;
#3368 = SURFACE_SIDE_STYLE ('',( #3324 ) ) ;
#3369 = EDGE_CURVE ( 'NONE', #1766, #1741, #460, .T. ) ;
#3370 = VECTOR ( 'NONE', #4278, 1000.000000000000000 ) ;
#3371 = ORIENTED_EDGE ( 'NONE', *, *, #1666, .F. ) ;
#3372 = DIRECTION ( 'NONE',  ( 3.723221746172735870E-15, -1.000000000000000000, 0.000000000000000000 ) ) ;
#3373 = CARTESIAN_POINT ( 'NONE',  ( 2.850000000000000533, 0.06403198713132465802, -0.06403198713132476905 ) ) ;
#3374 = STYLED_ITEM ( 'NONE', ( #62 ), #572 ) ;
#3375 = UNCERTAINTY_MEASURE_WITH_UNIT (LENGTH_MEASURE( 1.000000000000000082E-05 ), #3442, 'distance_accuracy_value', 'NONE');
#3376 = AXIS2_PLACEMENT_3D ( 'NONE', #1599, #2750, #4208 ) ;
#3377 = CARTESIAN_POINT ( 'NONE',  ( 1.687297965358701246, 2.746759999999999646, -1.863024197635491763 ) ) ;
#3378 = CARTESIAN_POINT ( 'NONE',  ( 1.610720911532859345, 2.746759999999999646, -1.004747407186507457 ) ) ;
#3379 = CARTESIAN_POINT ( 'NONE',  ( 1.611847357580686646, 2.746759999999999646, -2.316306086614288606 ) ) ;
#3380 = DIRECTION ( 'NONE',  ( -0.000000000000000000, 1.000000000000000000, 0.000000000000000000 ) ) ;
#3381 = DIRECTION ( 'NONE',  ( -0.9999960426590096541, 0.000000000000000000, -0.002813301676014988602 ) ) ;
#3382 = VECTOR ( 'NONE', #2969, 1000.000000000000000 ) ;
#3383 = EDGE_LOOP ( 'NONE', ( #25, #301, #2711, #4652 ) ) ;
#3384 = CARTESIAN_POINT ( 'NONE',  ( 1.826443497879789213, 2.746759999999999646, -1.415070833206682366 ) ) ;
#3385 = VERTEX_POINT ( 'NONE', #3457 ) ;
#3386 = ORIENTED_EDGE ( 'NONE', *, *, #1176, .F. ) ;
#3387 = ORIENTED_EDGE ( 'NONE', *, *, #4370, .F. ) ;
#3388 = CARTESIAN_POINT ( 'NONE',  ( 0.7499999999999997780, 2.735968012868675192, -2.735968012868675192 ) ) ;
#3389 = CARTESIAN_POINT ( 'NONE',  ( 1.611265360455781170, 2.741759999999999753, -2.073934948893989105 ) ) ;
#3390 = DIRECTION ( 'NONE',  ( -0.000000000000000000, -1.000000000000000000, 0.000000000000000000 ) ) ;
#3391 = ORIENTED_EDGE ( 'NONE', *, *, #2720, .T. ) ;
#3392 = SURFACE_STYLE_FILL_AREA ( #3060 ) ;
#3393 = CARTESIAN_POINT ( 'NONE',  ( 1.720495581945722385, 2.746759999999999646, -0.5311099949728128600 ) ) ;
#3394 = DIRECTION ( 'NONE',  ( 1.000000000000000000, 0.000000000000000000, -0.000000000000000000 ) ) ;
#3395 = DIRECTION ( 'NONE',  ( 0.2764273280489756290, 0.000000000000000000, -0.9610348236706638403 ) ) ;
#3396 = PRESENTATION_STYLE_ASSIGNMENT (( #1954 ) ) ;
#3397 = CARTESIAN_POINT ( 'NONE',  ( 0.6917600000000000415, 2.741759999999999753, -0.05823999999999999316 ) ) ;
#3398 = VERTEX_POINT ( 'NONE', #4166 ) ;
#3399 = CARTESIAN_POINT ( 'NONE',  ( 0.7500000000000099920, -1.061118197659225996E-14, -2.741759999999999753 ) ) ;
#3400 = ORIENTED_EDGE ( 'NONE', *, *, #894, .T. ) ;
#3401 = STYLED_ITEM ( 'NONE', ( #307 ), #3325 ) ;
#3402 = EDGE_CURVE ( 'NONE', #972, #3032, #920, .T. ) ;
#3403 = ORIENTED_EDGE ( 'NONE', *, *, #694, .F. ) ;
#3404 = CARTESIAN_POINT ( 'NONE',  ( 0.7499999999999997780, 0.1164800000000001806, -0.1164800000000001806 ) ) ;
#3405 = ORIENTED_EDGE ( 'NONE', *, *, #3006, .F. ) ;
#3406 = DIRECTION ( 'NONE',  ( -1.000000000000000000, 0.000000000000000000, -0.000000000000000000 ) ) ;
#3407 =( LENGTH_UNIT ( ) NAMED_UNIT ( * ) SI_UNIT ( .MILLI., .METRE. ) );
#3408 = AXIS2_PLACEMENT_3D ( 'NONE', #606, #748, #1088 ) ;
#3409 = CARTESIAN_POINT ( 'NONE',  ( 2.908240000000000158, 0.05823999999999999316, -2.799999999999999822 ) ) ;
#3410 = EDGE_CURVE ( 'NONE', #4284, #3327, #1264, .T. ) ;
#3411 = PRESENTATION_LAYER_ASSIGNMENT (  '', '', ( #3574 ) ) ;
#3412 = ORIENTED_EDGE ( 'NONE', *, *, #3969, .T. ) ;
#3413 = DIRECTION ( 'NONE',  ( 0.000000000000000000, 0.000000000000000000, 1.000000000000000000 ) ) ;
#3414 = CARTESIAN_POINT ( 'NONE',  ( 1.944000000000006390, 2.746759999999999646, -2.103578002401880642 ) ) ;
#3415 =( LENGTH_UNIT ( ) NAMED_UNIT ( * ) SI_UNIT ( .MILLI., .METRE. ) );
#3416 = EDGE_CURVE ( 'NONE', #3640, #45, #3079, .T. ) ;
#3417 = CARTESIAN_POINT ( 'NONE',  ( 1.763380634529654323, 2.746759999999999646, -0.9607584374758031398 ) ) ;
#3418 = LINE ( 'NONE', #1995, #1418 ) ;
#3419 = PLANE ( 'NONE',  #1155 ) ;
#3420 = EDGE_CURVE ( 'NONE', #4001, #2099, #552, .T. ) ;
#3421 = ADVANCED_FACE ( 'NONE', ( #4533 ), #2586, .T. ) ;
#3422 =( GEOMETRIC_REPRESENTATION_CONTEXT ( 3 ) GLOBAL_UNCERTAINTY_ASSIGNED_CONTEXT ( ( #4179 ) ) GLOBAL_UNIT_ASSIGNED_CONTEXT ( ( #3087, #1295, #2016 ) ) REPRESENTATION_CONTEXT ( 'NONE', 'WORKASPACE' ) );
#3423 = SURFACE_SIDE_STYLE ('',( #4158 ) ) ;
#3424 = EDGE_LOOP ( 'NONE', ( #2105, #832, #3119, #811 ) ) ;
#3425 = VECTOR ( 'NONE', #3028, 1000.000000000000000 ) ;
#3426 = VERTEX_POINT ( 'NONE', #231 ) ;
#3427 = PLANE ( 'NONE',  #2372 ) ;
#3428 = COLOUR_RGB ( '',0.7686274509803920907, 0.7686274509803920907, 0.7686274509803920907 ) ;
#3429 = ORIENTED_EDGE ( 'NONE', *, *, #108, .F. ) ;
#3430 = ORIENTED_EDGE ( 'NONE', *, *, #1800, .T. ) ;
#3431 = CARTESIAN_POINT ( 'NONE',  ( 2.850000000000000089, 0.1164800000000001529, -0.05824000000000020133 ) ) ;
#3432 =( LENGTH_UNIT ( ) NAMED_UNIT ( * ) SI_UNIT ( .MILLI., .METRE. ) );
#3433 = VECTOR ( 'NONE', #3162, 1000.000000000000000 ) ;
#3434 = MECHANICAL_DESIGN_GEOMETRIC_PRESENTATION_REPRESENTATION (  '', ( #4424 ), #3673 ) ;
#3435 = VERTEX_POINT ( 'NONE', #1287 ) ;
#3436 = DIRECTION ( 'NONE',  ( 0.000000000000000000, 0.000000000000000000, 1.000000000000000000 ) ) ;
#3437 = CARTESIAN_POINT ( 'NONE',  ( 2.849999999999907274, 2.686559285007560138, -0.05823999999999480981 ) ) ;
#3438 = ADVANCED_FACE ( 'NONE', ( #4555 ), #709, .T. ) ;
#3439 = CARTESIAN_POINT ( 'NONE',  ( 1.532369079381479704, 2.746759999999999646, -1.214544228466160281 ) ) ;
#3440 = CARTESIAN_POINT ( 'NONE',  ( 1.944000000000006390, 2.741759999999999753, -1.672652312619159698 ) ) ;
#3441 =( GEOMETRIC_REPRESENTATION_CONTEXT ( 3 ) GLOBAL_UNCERTAINTY_ASSIGNED_CONTEXT ( ( #3840 ) ) GLOBAL_UNIT_ASSIGNED_CONTEXT ( ( #2446, #3867, #981 ) ) REPRESENTATION_CONTEXT ( 'NONE', 'WORKASPACE' ) );
#3442 =( LENGTH_UNIT ( ) NAMED_UNIT ( * ) SI_UNIT ( .MILLI., .METRE. ) );
#3443 = DIRECTION ( 'NONE',  ( 1.000000000000000000, -0.000000000000000000, 0.000000000000000000 ) ) ;
#3444 =( GEOMETRIC_REPRESENTATION_CONTEXT ( 3 ) GLOBAL_UNCERTAINTY_ASSIGNED_CONTEXT ( ( #1210 ) ) GLOBAL_UNIT_ASSIGNED_CONTEXT ( ( #2899, #4671, #1424 ) ) REPRESENTATION_CONTEXT ( 'NONE', 'WORKASPACE' ) );
#3445 = EDGE_CURVE ( 'NONE', #3022, #3727, #707, .T. ) ;
#3446 = CARTESIAN_POINT ( 'NONE',  ( 2.908240000000000158, 0.05823999999999999316, -2.741759999999999753 ) ) ;
#3447 = VECTOR ( 'NONE', #193, 1000.000000000000000 ) ;
#3448 = MECHANICAL_DESIGN_GEOMETRIC_PRESENTATION_REPRESENTATION (  '', ( #292 ), #1565 ) ;
#3449 =( NAMED_UNIT ( * ) PLANE_ANGLE_UNIT ( ) SI_UNIT ( $, .RADIAN. ) );
#3450 = ORIENTED_EDGE ( 'NONE', *, *, #10, .T. ) ;
#3451 =( NAMED_UNIT ( * ) SI_UNIT ( $, .STERADIAN. ) SOLID_ANGLE_UNIT ( ) );
#3452 = EDGE_CURVE ( 'NONE', #3854, #1411, #661, .T. ) ;
#3453 = CARTESIAN_POINT ( 'NONE',  ( 1.720495581945717278, 2.746759999999999646, -0.6534257646995780267 ) ) ;
#3454 = PLANE ( 'NONE',  #935 ) ;
#3455 = VECTOR ( 'NONE', #2063, 1000.000000000000000 ) ;
#3456 = ORIENTED_EDGE ( 'NONE', *, *, #1737, .T. ) ;
#3457 = CARTESIAN_POINT ( 'NONE',  ( 1.763380634529654323, 2.741759999999999753, -0.9607584374758031398 ) ) ;
#3458 = ORIENTED_EDGE ( 'NONE', *, *, #4370, .T. ) ;
#3459 = CARTESIAN_POINT ( 'NONE',  ( 2.850207013399458589, 0.09126101466390727779, -0.06358659156683479918 ) ) ;
#3460 = FILL_AREA_STYLE_COLOUR ( '', #1985 ) ;
#3461 = APPLICATION_CONTEXT ( 'automotive_design' ) ;
#3462 = ORIENTED_EDGE ( 'NONE', *, *, #4375, .F. ) ;
#3463 = DIRECTION ( 'NONE',  ( -0.000000000000000000, -1.000000000000000000, -0.000000000000000000 ) ) ;
#3464 = SURFACE_SIDE_STYLE ('',( #596 ) ) ;
#3465 = CYLINDRICAL_SURFACE ( 'NONE', #3584, 0.05823999999999998622 ) ;
#3466 = DIRECTION ( 'NONE',  ( -0.002813301676014988602, 0.000000000000000000, 0.9999960426590096541 ) ) ;
#3467 = UNCERTAINTY_MEASURE_WITH_UNIT (LENGTH_MEASURE( 1.000000000000000082E-05 ), #3614, 'distance_accuracy_value', 'NONE');
#3468 = EDGE_CURVE ( 'NONE', #636, #2789, #271, .T. ) ;
#3469 = CARTESIAN_POINT ( 'NONE',  ( 0.7500000000000000000, 0.05824000000000020133, -0.1164799999999999724 ) ) ;
#3470 = PRESENTATION_STYLE_ASSIGNMENT (( #1300 ) ) ;
#3471 = DIRECTION ( 'NONE',  ( -0.9610992334305258344, 0.000000000000000000, -0.2762033010288897361 ) ) ;
#3472 = DIRECTION ( 'NONE',  ( 0.9610876102172832836, 0.000000000000000000, 0.2762437428917279281 ) ) ;
#3473 = EDGE_CURVE ( 'NONE', #1893, #1633, #3928, .T. ) ;
#3474 =( NAMED_UNIT ( * ) PLANE_ANGLE_UNIT ( ) SI_UNIT ( $, .RADIAN. ) );
#3475 = SURFACE_STYLE_FILL_AREA ( #3924 ) ;
#3476 = CARTESIAN_POINT ( 'NONE',  ( 1.532369079381479704, 2.746759999999999646, -1.560922121378591987 ) ) ;
#3477 = SURFACE_SIDE_STYLE ('',( #3221 ) ) ;
#3478 = EDGE_CURVE ( 'NONE', #3327, #3859, #2054, .T. ) ;
#3479 = EDGE_LOOP ( 'NONE', ( #1286, #3807, #837, #4532 ) ) ;
#3480 = SURFACE_STYLE_FILL_AREA ( #3123 ) ;
#3481 = EDGE_LOOP ( 'NONE', ( #297, #2542, #3387, #4074 ) ) ;
#3482 = CARTESIAN_POINT ( 'NONE',  ( 1.532369079381479704, 2.746759999999999646, -2.451850088074075895 ) ) ;
#3483 = EDGE_CURVE ( 'NONE', #4001, #1172, #3023, .T. ) ;
#3484 = ORIENTED_EDGE ( 'NONE', *, *, #4375, .T. ) ;
#3485 = DIRECTION ( 'NONE',  ( 0.000000000000000000, 0.000000000000000000, 1.000000000000000000 ) ) ;
#3486 = LINE ( 'NONE', #194, #1539 ) ;
#3487 = LINE ( 'NONE', #3137, #3363 ) ;
#3488 = DIRECTION ( 'NONE',  ( 0.000000000000000000, 0.000000000000000000, -1.000000000000000000 ) ) ;
#3489 = DIRECTION ( 'NONE',  ( -0.000000000000000000, -0.000000000000000000, 1.000000000000000000 ) ) ;
#3490 = CARTESIAN_POINT ( 'NONE',  ( 1.944000000000006390, 2.741759999999999753, -1.429865641467908510 ) ) ;
#3491 = SURFACE_SIDE_STYLE ('',( #2043 ) ) ;
#3492 =( LENGTH_UNIT ( ) NAMED_UNIT ( * ) SI_UNIT ( .MILLI., .METRE. ) );
#3493 = CIRCLE ( 'NONE', #1460, 0.05823999999999999316 ) ;
#3494 = MECHANICAL_DESIGN_GEOMETRIC_PRESENTATION_REPRESENTATION (  '', ( #2130 ), #4102 ) ;
#3495 = FILL_AREA_STYLE_COLOUR ( '', #878 ) ;
#3496 =( NAMED_UNIT ( * ) PLANE_ANGLE_UNIT ( ) SI_UNIT ( $, .RADIAN. ) );
#3497 = ORIENTED_EDGE ( 'NONE', *, *, #490, .F. ) ;
#3498 = EDGE_CURVE ( 'NONE', #1729, #2172, #3936, .T. ) ;
#3499 = DIRECTION ( 'NONE',  ( 1.000000000000000000, 0.000000000000000000, -0.000000000000000000 ) ) ;
#3500 = STYLED_ITEM ( 'NONE', ( #2450 ), #1653 ) ;
#3501 = VERTEX_POINT ( 'NONE', #4628 ) ;
#3502 = SURFACE_SIDE_STYLE ('',( #2411 ) ) ;
#3503 = EDGE_LOOP ( 'NONE', ( #491, #794, #3907, #48 ) ) ;
#3504 = CARTESIAN_POINT ( 'NONE',  ( 1.610734679207226794, 2.746759999999999646, -1.885302797215325343 ) ) ;
#3505 = APPLICATION_PROTOCOL_DEFINITION ( 'draft international standard', 'automotive_design', 1998, #3461 ) ;
#3506 = EDGE_CURVE ( 'NONE', #4119, #4284, #2031, .T. ) ;
#3507 = CARTESIAN_POINT ( 'NONE',  ( 1.944000000000006390, 2.741759999999999753, -0.7919942905095858077 ) ) ;
#3508 = MECHANICAL_DESIGN_GEOMETRIC_PRESENTATION_REPRESENTATION (  '', ( #4418 ), #4191 ) ;
#3509 = ORIENTED_EDGE ( 'NONE', *, *, #365, .T. ) ;
#3510 = CARTESIAN_POINT ( 'NONE',  ( 2.852065858225357520, 2.726295775941022015, -0.07689197806814181135 ) ) ;
#3511 = FACE_OUTER_BOUND ( 'NONE', #2535, .T. ) ;
#3512 = DIRECTION ( 'NONE',  ( 0.000000000000000000, 1.000000000000000000, 0.000000000000000000 ) ) ;
#3513 = CARTESIAN_POINT ( 'NONE',  ( 0.7499999999999997780, 2.741759999999999753, -0.05824000000000020133 ) ) ;
#3514 = UNCERTAINTY_MEASURE_WITH_UNIT (LENGTH_MEASURE( 1.000000000000000082E-05 ), #4659, 'distance_accuracy_value', 'NONE');
#3515 = PRESENTATION_LAYER_ASSIGNMENT (  '', '', ( #2602 ) ) ;
#3516 = AXIS2_PLACEMENT_3D ( 'NONE', #3738, #2686, #3714 ) ;
#3517 = FILL_AREA_STYLE_COLOUR ( '', #2483 ) ;
#3518 = LINE ( 'NONE', #3440, #808 ) ;
#3519 = DIRECTION ( 'NONE',  ( -0.000000000000000000, -1.000000000000000000, 0.000000000000000000 ) ) ;
#3520 = DIRECTION ( 'NONE',  ( -0.9619530280415479195, 0.000000000000000000, -0.2732148821746301914 ) ) ;
#3521 = CARTESIAN_POINT ( 'NONE',  ( 0.7497929866005417221, 2.708738985336092142, -0.06358659156683447999 ) ) ;
#3522 = AXIS2_PLACEMENT_3D ( 'NONE', #4295, #1052, #1459 ) ;
#3523 = STYLED_ITEM ( 'NONE', ( #2592 ), #3143 ) ;
#3524 = AXIS2_PLACEMENT_3D ( 'NONE', #3602, #3262, #392 ) ;
#3525 = PRESENTATION_STYLE_ASSIGNMENT (( #913 ) ) ;
#3526 = CARTESIAN_POINT ( 'NONE',  ( 0.7487394622637568720, 0.07952093373177840374, -0.07107526839561292831 ) ) ;
#3527 = LINE ( 'NONE', #4236, #235 ) ;
#3528 = CARTESIAN_POINT ( 'NONE',  ( 1.944000000000006390, 2.746759999999999646, -1.623113718722069665 ) ) ;
#3529 =( GEOMETRIC_REPRESENTATION_CONTEXT ( 3 ) GLOBAL_UNCERTAINTY_ASSIGNED_CONTEXT ( ( #129 ) ) GLOBAL_UNIT_ASSIGNED_CONTEXT ( ( #1625, #3474, #3780 ) ) REPRESENTATION_CONTEXT ( 'NONE', 'WORKASPACE' ) );
#3530 = MECHANICAL_DESIGN_GEOMETRIC_PRESENTATION_REPRESENTATION (  '', ( #1192 ), #1863 ) ;
#3531 = ADVANCED_FACE ( 'NONE', ( #971 ), #2479, .T. ) ;
#3532 = ORIENTED_EDGE ( 'NONE', *, *, #4539, .T. ) ;
#3533 = CARTESIAN_POINT ( 'NONE',  ( 1.610720911532859345, 2.741759999999999753, -1.004747407186507457 ) ) ;
#3534 = ORIENTED_EDGE ( 'NONE', *, *, #2692, .F. ) ;
#3535 = ADVANCED_FACE ( 'NONE', ( #471 ), #1429, .F. ) ;
#3536 = PRESENTATION_STYLE_ASSIGNMENT (( #1471 ) ) ;
#3537 = CARTESIAN_POINT ( 'NONE',  ( 3.541759999999999575, 0.05823999999999999316, -0.05823999999999999316 ) ) ;
#3538 = PRESENTATION_LAYER_ASSIGNMENT (  '', '', ( #4675 ) ) ;
#3539 = PRESENTATION_STYLE_ASSIGNMENT (( #1047 ) ) ;
#3540 = EDGE_CURVE ( 'NONE', #995, #4599, #3651, .T. ) ;
#3541 =( GEOMETRIC_REPRESENTATION_CONTEXT ( 3 ) GLOBAL_UNCERTAINTY_ASSIGNED_CONTEXT ( ( #3891 ) ) GLOBAL_UNIT_ASSIGNED_CONTEXT ( ( #2217, #1235, #3671 ) ) REPRESENTATION_CONTEXT ( 'NONE', 'WORKASPACE' ) );
#3542 = ORIENTED_EDGE ( 'NONE', *, *, #2943, .T. ) ;
#3543 = DIRECTION ( 'NONE',  ( -0.000000000000000000, -1.000000000000000000, 0.000000000000000000 ) ) ;
#3544 = PLANE ( 'NONE',  #125 ) ;
#3545 = PLANE ( 'NONE',  #1770 ) ;
#3546 = DIRECTION ( 'NONE',  ( -0.9615825319869173438, 0.000000000000000000, -0.2745159998572558879 ) ) ;
#3547 =( LENGTH_UNIT ( ) NAMED_UNIT ( * ) SI_UNIT ( .MILLI., .METRE. ) );
#3548 = VERTEX_POINT ( 'NONE', #2530 ) ;
#3549 = CARTESIAN_POINT ( 'NONE',  ( 1.575771045540717674, 2.741759999999999753, -1.624255184048812417 ) ) ;
#3550 = CARTESIAN_POINT ( 'NONE',  ( 2.908240000000000158, 0.05823999999999999316, -0.05823999999999999316 ) ) ;
#3551 = EDGE_CURVE ( 'NONE', #2962, #1227, #422, .T. ) ;
#3552 = B_SPLINE_CURVE_WITH_KNOTS ( 'NONE', 3,
 ( #4666, #4642, #4324, #1084, #3572, #2829, #3643, #3169, #335, #1422 ),
 .UNSPECIFIED., .F., .F.,
 ( 4, 3, 3, 4 ),
 ( 2.710505431213761085E-20, 1.938115349125928017E-05, 3.880233050465820645E-05, 4.563224590952756973E-05 ),
 .UNSPECIFIED. ) ;
#3553 = CARTESIAN_POINT ( 'NONE',  ( 2.850000000000000089, 0.05824000000000020133, -2.689980384497082877 ) ) ;
#3554 = CARTESIAN_POINT ( 'NONE',  ( 0.7499839779386453520, 0.1013751459743421623, -0.05990417227404237765 ) ) ;
#3555 = LINE ( 'NONE', #985, #4540 ) ;
#3556 = AXIS2_PLACEMENT_3D ( 'NONE', #2075, #1645, #1665 ) ;
#3557 = CARTESIAN_POINT ( 'NONE',  ( 1.611856304720737043, 2.746759999999999646, -2.429006833949353350 ) ) ;
#3558 = ORIENTED_EDGE ( 'NONE', *, *, #4118, .F. ) ;
#3559 = ORIENTED_EDGE ( 'NONE', *, *, #3124, .F. ) ;
#3560 = DIRECTION ( 'NONE',  ( -0.000000000000000000, -1.000000000000000000, 0.000000000000000000 ) ) ;
#3561 = EDGE_CURVE ( 'NONE', #573, #1005, #3316, .T. ) ;
#3562 = ORIENTED_EDGE ( 'NONE', *, *, #4578, .T. ) ;
#3563 = CARTESIAN_POINT ( 'NONE',  ( 2.851363589254264586, 2.729231173212052219, -0.08039141117225935551 ) ) ;
#3564 = LINE ( 'NONE', #2511, #3039 ) ;
#3565 = EDGE_CURVE ( 'NONE', #1411, #2196, #1888, .T. ) ;
#3566 = UNCERTAINTY_MEASURE_WITH_UNIT (LENGTH_MEASURE( 1.000000000000000082E-05 ), #3415, 'distance_accuracy_value', 'NONE');
#3567 = CARTESIAN_POINT ( 'NONE',  ( 1.944000000000006390, 2.746759999999999646, -0.6208239129099735187 ) ) ;
#3568 = AXIS2_PLACEMENT_3D ( 'NONE', #1120, #398, #4677 ) ;
#3569 = EDGE_LOOP ( 'NONE', ( #1572, #172, #644 ) ) ;
#3570 = CARTESIAN_POINT ( 'NONE',  ( 1.532369079381479704, 2.746759999999999646, -0.8455874476530370609 ) ) ;
#3571 = DIRECTION ( 'NONE',  ( -0.9617234872620624708, 0.000000000000000000, -0.2740217765953967821 ) ) ;
#3572 = CARTESIAN_POINT ( 'NONE',  ( 0.7497929866005513810, 0.09126101466390908190, -2.736413408433165717 ) ) ;
#3573 =( NAMED_UNIT ( * ) SI_UNIT ( $, .STERADIAN. ) SOLID_ANGLE_UNIT ( ) );
#3574 = STYLED_ITEM ( 'NONE', ( #2589 ), #4430 ) ;
#3575 = FILL_AREA_STYLE_COLOUR ( '', #2804 ) ;
#3576 = FACE_OUTER_BOUND ( 'NONE', #4366, .T. ) ;
#3577 = COLOUR_RGB ( '',0.6470588235294117974, 0.5176470588235293491, 0.000000000000000000 ) ;
#3578 = FILL_AREA_STYLE ('',( #1309 ) ) ;
#3579 = VERTEX_POINT ( 'NONE', #3268 ) ;
#3580 = CARTESIAN_POINT ( 'NONE',  ( 0.6917600000000098115, 0.05823999999999999316, -2.741759999999999753 ) ) ;
#3581 = EDGE_LOOP ( 'NONE', ( #3210, #854, #2053, #970 ) ) ;
#3582 = CARTESIAN_POINT ( 'NONE',  ( 2.850000000000000533, 2.735968012868675192, -0.06403198713132471354 ) ) ;
#3583 = SURFACE_STYLE_FILL_AREA ( #2482 ) ;
#3584 = AXIS2_PLACEMENT_3D ( 'NONE', #1970, #3797, #3035 ) ;
#3585 = ORIENTED_EDGE ( 'NONE', *, *, #2096, .T. ) ;
#3586 = CARTESIAN_POINT ( 'NONE',  ( 1.611847357579664575, 2.746759999999999646, -2.199075594982799142 ) ) ;
#3587 = FACE_OUTER_BOUND ( 'NONE', #1549, .T. ) ;
#3588 = LINE ( 'NONE', #3277, #792 ) ;
#3589 = AXIS2_PLACEMENT_3D ( 'NONE', #146, #50, #1850 ) ;
#3590 =( NAMED_UNIT ( * ) SI_UNIT ( $, .STERADIAN. ) SOLID_ANGLE_UNIT ( ) );
#3591 = CARTESIAN_POINT ( 'NONE',  ( 1.865671948376557809, 2.746759999999999646, -1.812111339561971679 ) ) ;
#3592 = AXIS2_PLACEMENT_3D ( 'NONE', #3295, #1845, #4004 ) ;
#3593 =( NAMED_UNIT ( * ) PLANE_ANGLE_UNIT ( ) SI_UNIT ( $, .RADIAN. ) );
#3594 = ORIENTED_EDGE ( 'NONE', *, *, #642, .F. ) ;
#3595 = DIRECTION ( 'NONE',  ( -0.9984327301130250243, 0.000000000000000000, -0.05596501978067342647 ) ) ;
#3596 = DIRECTION ( 'NONE',  ( 0.000000000000000000, 0.000000000000000000, 1.000000000000000000 ) ) ;
#3597 =( NAMED_UNIT ( * ) SI_UNIT ( $, .STERADIAN. ) SOLID_ANGLE_UNIT ( ) );
#3598 = MECHANICAL_DESIGN_GEOMETRIC_PRESENTATION_REPRESENTATION (  '', ( #1016 ), #4198 ) ;
#3599 = EDGE_CURVE ( 'NONE', #1145, #4489, #43, .T. ) ;
#3600 = CARTESIAN_POINT ( 'NONE',  ( 1.611847357580686646, 2.746759999999999646, -2.316306086614288606 ) ) ;
#3601 = VECTOR ( 'NONE', #3857, 1000.000000000000000 ) ;
#3602 = CARTESIAN_POINT ( 'NONE',  ( 2.908240000000000158, 0.05823999999999999316, 0.000000000000000000 ) ) ;
#3603 = SURFACE_SIDE_STYLE ('',( #444 ) ) ;
#3604 = SURFACE_SIDE_STYLE ('',( #1472 ) ) ;
#3605 = DIRECTION ( 'NONE',  ( -0.9611638845408968512, 0.000000000000000000, -0.2759782365590690012 ) ) ;
#3606 = AXIS2_PLACEMENT_3D ( 'NONE', #2995, #4419, #3776 ) ;
#3607 = EDGE_LOOP ( 'NONE', ( #1206, #3594, #2510, #1635 ) ) ;
#3608 = FACE_OUTER_BOUND ( 'NONE', #2695, .T. ) ;
#3609 = VERTEX_POINT ( 'NONE', #1167 ) ;
#3610 = LINE ( 'NONE', #3227, #1395 ) ;
#3611 = AXIS2_PLACEMENT_3D ( 'NONE', #2536, #2630, #4007 ) ;
#3612 = VERTEX_POINT ( 'NONE', #2554 ) ;
#3613 = CARTESIAN_POINT ( 'NONE',  ( 2.852554106022254565, 2.724701898936304101, -0.07529810106369565215 ) ) ;
#3614 =( LENGTH_UNIT ( ) NAMED_UNIT ( * ) SI_UNIT ( .MILLI., .METRE. ) );
#3615 = DIRECTION ( 'NONE',  ( 0.000000000000000000, 0.000000000000000000, -1.000000000000000000 ) ) ;
#3616 = SURFACE_STYLE_FILL_AREA ( #4317 ) ;
#3617 = UNCERTAINTY_MEASURE_WITH_UNIT (LENGTH_MEASURE( 1.000000000000000082E-05 ), #1170, 'distance_accuracy_value', 'NONE');
#3618 = CIRCLE ( 'NONE', #4218, 0.05823999999999999316 ) ;
#3619 = ORIENTED_EDGE ( 'NONE', *, *, #1039, .T. ) ;
#3620 = CARTESIAN_POINT ( 'NONE',  ( 0.7499553718791136525, 2.738164905933810456, -0.09543663598106022494 ) ) ;
#3621 = PRESENTATION_LAYER_ASSIGNMENT (  '', '', ( #1205 ) ) ;
#3622 = EDGE_CURVE ( 'NONE', #2838, #830, #2879, .T. ) ;
#3623 = LINE ( 'NONE', #783, #2837 ) ;
#3624 = CARTESIAN_POINT ( 'NONE',  ( 0.6917600000000000415, 2.741759999999999753, 0.000000000000000000 ) ) ;
#3625 = PLANE ( 'NONE',  #1533 ) ;
#3626 =( LENGTH_UNIT ( ) NAMED_UNIT ( * ) SI_UNIT ( .MILLI., .METRE. ) );
#3627 = PRESENTATION_STYLE_ASSIGNMENT (( #2552 ) ) ;
#3628 = EDGE_CURVE ( 'NONE', #2172, #852, #3293, .T. ) ;
#3629 = ORIENTED_EDGE ( 'NONE', *, *, #1800, .F. ) ;
#3630 = DIRECTION ( 'NONE',  ( -0.9985542843760948362, 0.000000000000000000, -0.05375259206908060416 ) ) ;
#3631 = ORIENTED_EDGE ( 'NONE', *, *, #1889, .T. ) ;
#3632 = DIRECTION ( 'NONE',  ( 0.9610853065513847993, 0.000000000000000000, 0.2762517575166369976 ) ) ;
#3633 = EDGE_CURVE ( 'NONE', #2210, #852, #2364, .T. ) ;
#3634 = EDGE_LOOP ( 'NONE', ( #1023, #539, #3429, #1822 ) ) ;
#3635 = FACE_OUTER_BOUND ( 'NONE', #236, .T. ) ;
#3636 = DIRECTION ( 'NONE',  ( -1.000000000000000000, 0.000000000000000000, 0.000000000000000000 ) ) ;
#3637 = SURFACE_STYLE_FILL_AREA ( #3659 ) ;
#3638 =( NAMED_UNIT ( * ) PLANE_ANGLE_UNIT ( ) SI_UNIT ( $, .RADIAN. ) );
#3639 = ADVANCED_FACE ( 'NONE', ( #4360 ), #3980, .F. ) ;
#3640 = VERTEX_POINT ( 'NONE', #1067 ) ;
#3641 = VECTOR ( 'NONE', #943, 1000.000000000000000 ) ;
#3642 = CARTESIAN_POINT ( 'NONE',  ( 1.687284197684115750, 2.741759999999999753, -0.9824688076061879327 ) ) ;
#3643 = CARTESIAN_POINT ( 'NONE',  ( 0.7486364107457456063, 0.08039141117226179800, -2.729231173212054440 ) ) ;
#3644 =( LENGTH_UNIT ( ) NAMED_UNIT ( * ) SI_UNIT ( .MILLI., .METRE. ) );
#3645 = SURFACE_STYLE_USAGE ( .BOTH. , #1760 ) ;
#3646 = FACE_OUTER_BOUND ( 'NONE', #3084, .T. ) ;
#3647 =( LENGTH_UNIT ( ) NAMED_UNIT ( * ) SI_UNIT ( .MILLI., .METRE. ) );
#3648 = CARTESIAN_POINT ( 'NONE',  ( 1.944000000000006390, 2.746759999999999646, -1.235447311932450276 ) ) ;
#3649 =( GEOMETRIC_REPRESENTATION_CONTEXT ( 3 ) GLOBAL_UNCERTAINTY_ASSIGNED_CONTEXT ( ( #649 ) ) GLOBAL_UNIT_ASSIGNED_CONTEXT ( ( #333, #35, #3308 ) ) REPRESENTATION_CONTEXT ( 'NONE', 'WORKASPACE' ) );
#3650 = ORIENTED_EDGE ( 'NONE', *, *, #176, .T. ) ;
#3651 = LINE ( 'NONE', #4002, #3860 ) ;
#3652 = EDGE_CURVE ( 'NONE', #1640, #1892, #753, .T. ) ;
#3653 = ORIENTED_EDGE ( 'NONE', *, *, #3214, .F. ) ;
#3654 = SURFACE_STYLE_USAGE ( .BOTH. , #2556 ) ;
#3655 =( GEOMETRIC_REPRESENTATION_CONTEXT ( 3 ) GLOBAL_UNCERTAINTY_ASSIGNED_CONTEXT ( ( #3467 ) ) GLOBAL_UNIT_ASSIGNED_CONTEXT ( ( #3614, #2090, #3180 ) ) REPRESENTATION_CONTEXT ( 'NONE', 'WORKASPACE' ) );
#3656 = EDGE_CURVE ( 'NONE', #1943, #4380, #2503, .T. ) ;
#3657 = ORIENTED_EDGE ( 'NONE', *, *, #1009, .T. ) ;
#3658 = CARTESIAN_POINT ( 'NONE',  ( 1.944000000000006390, 2.741759999999999753, -0.7460696939635345082 ) ) ;
#3659 = FILL_AREA_STYLE ('',( #2179 ) ) ;
#3660 = VECTOR ( 'NONE', #2792, 1000.000000000000000 ) ;
#3661 = UNCERTAINTY_MEASURE_WITH_UNIT (LENGTH_MEASURE( 1.000000000000000082E-05 ), #4076, 'distance_accuracy_value', 'NONE');
#3662 = AXIS2_PLACEMENT_3D ( 'NONE', #3835, #2370, #3177 ) ;
#3663 = ADVANCED_FACE ( 'NONE', ( #3608 ), #788, .F. ) ;
#3664 = ORIENTED_EDGE ( 'NONE', *, *, #4025, .T. ) ;
#3665 = SURFACE_STYLE_USAGE ( .BOTH. , #2281 ) ;
#3666 = DIRECTION ( 'NONE',  ( 0.000000000000000000, -1.000000000000000000, 0.000000000000000000 ) ) ;
#3667 = CARTESIAN_POINT ( 'NONE',  ( 1.865686967656117190, 2.746759999999999646, -1.159793944193151738 ) ) ;
#3668 =( NAMED_UNIT ( * ) PLANE_ANGLE_UNIT ( ) SI_UNIT ( $, .RADIAN. ) );
#3669 = CARTESIAN_POINT ( 'NONE',  ( 1.944000000000006390, 2.741759999999999753, -1.320128519256672073 ) ) ;
#3670 = LINE ( 'NONE', #3289, #3341 ) ;
#3671 =( NAMED_UNIT ( * ) SI_UNIT ( $, .STERADIAN. ) SOLID_ANGLE_UNIT ( ) );
#3672 = VECTOR ( 'NONE', #3605, 1000.000000000000114 ) ;
#3673 =( GEOMETRIC_REPRESENTATION_CONTEXT ( 3 ) GLOBAL_UNCERTAINTY_ASSIGNED_CONTEXT ( ( #1437 ) ) GLOBAL_UNIT_ASSIGNED_CONTEXT ( ( #999, #3638, #1414 ) ) REPRESENTATION_CONTEXT ( 'NONE', 'WORKASPACE' ) );
#3674 = VERTEX_POINT ( 'NONE', #3675 ) ;
#3675 = CARTESIAN_POINT ( 'NONE',  ( 1.611856304720737043, 2.741759999999999753, -2.429006833949353350 ) ) ;
#3676 = VERTEX_POINT ( 'NONE', #377 ) ;
#3677 = CYLINDRICAL_SURFACE ( 'NONE', #3592, 0.05824000000000020133 ) ;
#3678 = AXIS2_PLACEMENT_3D ( 'NONE', #1441, #4496, #1561 ) ;
#3679 = EDGE_CURVE ( 'NONE', #4407, #1981, #4453, .T. ) ;
#3680 = VECTOR ( 'NONE', #1620, 1000.000000000000000 ) ;
#3681 = MECHANICAL_DESIGN_GEOMETRIC_PRESENTATION_REPRESENTATION (  '', ( #950 ), #3529 ) ;
#3682 = ORIENTED_EDGE ( 'NONE', *, *, #1677, .F. ) ;
#3683 =( NAMED_UNIT ( * ) SI_UNIT ( $, .STERADIAN. ) SOLID_ANGLE_UNIT ( ) );
#3684 = EDGE_CURVE ( 'NONE', #2111, #2035, #3265, .T. ) ;
#3685 = VECTOR ( 'NONE', #3728, 1000.000000000000000 ) ;
#3686 = ORIENTED_EDGE ( 'NONE', *, *, #247, .F. ) ;
#3687 = FACE_OUTER_BOUND ( 'NONE', #3852, .T. ) ;
#3688 = DIRECTION ( 'NONE',  ( -0.9610674221107078363, 0.000000000000000000, -0.2763139702539094689 ) ) ;
#3689 = COLOUR_RGB ( '',0.7686274509803920907, 0.7686274509803920907, 0.7686274509803920907 ) ;
#3690 = EDGE_CURVE ( 'NONE', #1448, #995, #3021, .T. ) ;
#3691 = CARTESIAN_POINT ( 'NONE',  ( 2.850000000000000089, 0.05824000000000020133, -2.683520000000000127 ) ) ;
#3692 = STYLED_ITEM ( 'NONE', ( #4472 ), #1462 ) ;
#3693 = SURFACE_STYLE_USAGE ( .BOTH. , #4087 ) ;
#3694 = LINE ( 'NONE', #4398, #2165 ) ;
#3695 = DIRECTION ( 'NONE',  ( 1.000000000000000000, 0.000000000000000000, 0.000000000000000000 ) ) ;
#3696 = EDGE_CURVE ( 'NONE', #3398, #2447, #537, .T. ) ;
#3697 = ORIENTED_EDGE ( 'NONE', *, *, #1344, .T. ) ;
#3698 = CARTESIAN_POINT ( 'NONE',  ( 1.532369079381479704, 2.741759999999999753, -0.9104450990217833883 ) ) ;
#3699 = EDGE_LOOP ( 'NONE', ( #4003, #2650, #4036, #589 ) ) ;
#3700 = ORIENTED_EDGE ( 'NONE', *, *, #1251, .F. ) ;
#3701 = DIRECTION ( 'NONE',  ( 0.000000000000000000, 0.000000000000000000, 1.000000000000000000 ) ) ;
#3702 = CARTESIAN_POINT ( 'NONE',  ( 0.6917600000000000415, 2.741759999999999753, -2.741759999999999753 ) ) ;
#3703 = PRESENTATION_LAYER_ASSIGNMENT (  '', '', ( #4078 ) ) ;
#3704 = ORIENTED_EDGE ( 'NONE', *, *, #701, .T. ) ;
#3705 = DIRECTION ( 'NONE',  ( -1.000000000000000000, 0.000000000000000000, 0.000000000000000000 ) ) ;
#3706 = ADVANCED_FACE ( 'NONE', ( #137 ), #2646, .T. ) ;
#3707 = CYLINDRICAL_SURFACE ( 'NONE', #1679, 0.05823999999999998622 ) ;
#3708 = UNCERTAINTY_MEASURE_WITH_UNIT (LENGTH_MEASURE( 1.000000000000000082E-05 ), #1322, 'distance_accuracy_value', 'NONE');
#3709 = LINE ( 'NONE', #1598, #3750 ) ;
#3710 = CARTESIAN_POINT ( 'NONE',  ( 0.05823999999999999316, 0.05823999999999999316, -2.741759999999999753 ) ) ;
#3711 = CARTESIAN_POINT ( 'NONE',  ( 1.687284197684115750, 2.741759999999999753, -1.159145611914445873 ) ) ;
#3712 = DIRECTION ( 'NONE',  ( 1.000000000000000000, -0.000000000000000000, -0.000000000000000000 ) ) ;
#3713 = SURFACE_STYLE_FILL_AREA ( #4090 ) ;
#3714 = DIRECTION ( 'NONE',  ( 0.000000000000000000, 0.000000000000000000, 1.000000000000000000 ) ) ;
#3715 = ORIENTED_EDGE ( 'NONE', *, *, #365, .F. ) ;
#3716 = CARTESIAN_POINT ( 'NONE',  ( 1.944000000000006390, 2.746759999999999646, -2.220836029381371812 ) ) ;
#3717 = EDGE_LOOP ( 'NONE', ( #685, #2316, #4252, #2318, #2149, #254, #2986, #2412, #3299, #2857, #75, #270, #4061, #815, #3458, #541, #55 ) ) ;
#3718 = CARTESIAN_POINT ( 'NONE',  ( 1.720495581945717278, 2.746759999999999646, -0.6534257646995780267 ) ) ;
#3719 = PRESENTATION_LAYER_ASSIGNMENT (  '', '', ( #777 ) ) ;
#3720 = ORIENTED_EDGE ( 'NONE', *, *, #1950, .F. ) ;
#3721 = ORIENTED_EDGE ( 'NONE', *, *, #1044, .F. ) ;
#3722 = STYLED_ITEM ( 'NONE', ( #4203 ), #4468 ) ;
#3723 = CARTESIAN_POINT ( 'NONE',  ( 1.577535811012221290, 2.746759999999999646, -1.340669888712066493 ) ) ;
#3724 = CARTESIAN_POINT ( 'NONE',  ( 1.610734679207226794, 2.741759999999999753, -1.885302797215325343 ) ) ;
#3725 = FILL_AREA_STYLE ('',( #4462 ) ) ;
#3726 = PRESENTATION_LAYER_ASSIGNMENT (  '', '', ( #2883 ) ) ;
#3727 = VERTEX_POINT ( 'NONE', #2666 ) ;
#3728 = DIRECTION ( 'NONE',  ( -0.000000000000000000, -1.000000000000000000, 0.000000000000000000 ) ) ;
#3729 = FILL_AREA_STYLE_COLOUR ( '', #643 ) ;
#3730 = DIRECTION ( 'NONE',  ( 0.000000000000000000, 0.000000000000000000, 1.000000000000000000 ) ) ;
#3731 = AXIS2_PLACEMENT_3D ( 'NONE', #1881, #3330, #106 ) ;
#3732 = DIRECTION ( 'NONE',  ( 0.000000000000000000, 0.000000000000000000, -1.000000000000000000 ) ) ;
#3733 = SURFACE_SIDE_STYLE ('',( #1907 ) ) ;
#3734 = PLANE ( 'NONE',  #713 ) ;
#3735 = FACE_OUTER_BOUND ( 'NONE', #1288, .T. ) ;
#3736 = FACE_OUTER_BOUND ( 'NONE', #192, .T. ) ;
#3737 = EDGE_CURVE ( 'NONE', #582, #2557, #851, .T. ) ;
#3738 = CARTESIAN_POINT ( 'NONE',  ( 2.908240000000000158, 0.05823999999999999316, -2.741759999999999753 ) ) ;
#3739 = ORIENTED_EDGE ( 'NONE', *, *, #1484, .T. ) ;
#3740 = DIRECTION ( 'NONE',  ( 3.723221746172735870E-15, -1.000000000000000000, 0.000000000000000000 ) ) ;
#3741 = ORIENTED_EDGE ( 'NONE', *, *, #963, .T. ) ;
#3742 = MECHANICAL_DESIGN_GEOMETRIC_PRESENTATION_REPRESENTATION (  '', ( #2906 ), #3069 ) ;
#3743 = EDGE_CURVE ( 'NONE', #2340, #2172, #1956, .T. ) ;
#3744 = ORIENTED_EDGE ( 'NONE', *, *, #3842, .T. ) ;
#3745 = AXIS2_PLACEMENT_3D ( 'NONE', #79, #526, #1153 ) ;
#3746 = ORIENTED_EDGE ( 'NONE', *, *, #1944, .F. ) ;
#3747 = SURFACE_STYLE_FILL_AREA ( #796 ) ;
#3748 = FILL_AREA_STYLE_COLOUR ( '', #578 ) ;
#3749 = DIRECTION ( 'NONE',  ( 0.000000000000000000, 0.000000000000000000, 1.000000000000000000 ) ) ;
#3750 = VECTOR ( 'NONE', #2618, 1000.000000000000000 ) ;
#3751 = ORIENTED_EDGE ( 'NONE', *, *, #2001, .F. ) ;
#3752 = CARTESIAN_POINT ( 'NONE',  ( 1.687284197684115750, 2.746759999999999646, -1.159145611914445873 ) ) ;
#3753 = DIRECTION ( 'NONE',  ( -0.9615323037684311291, 0.000000000000000000, -0.2746918797667186607 ) ) ;
#3754 = LINE ( 'NONE', #862, #2816 ) ;
#3755 = COLOUR_RGB ( '',0.7686274509803920907, 0.7686274509803920907, 0.7686274509803920907 ) ;
#3756 = PRESENTATION_LAYER_ASSIGNMENT (  '', '', ( #292 ) ) ;
#3757 = CARTESIAN_POINT ( 'NONE',  ( 1.763380634530516300, 2.746759999999999646, -1.841313827505607126 ) ) ;
#3758 = FILL_AREA_STYLE_COLOUR ( '', #4058 ) ;
#3759 = SURFACE_SIDE_STYLE ('',( #4110 ) ) ;
#3760 = STYLED_ITEM ( 'NONE', ( #4055 ), #1182 ) ;
#3761 = SURFACE_STYLE_USAGE ( .BOTH. , #2313 ) ;
#3762 = PRESENTATION_LAYER_ASSIGNMENT (  '', '', ( #3692 ) ) ;
#3763 = ORIENTED_EDGE ( 'NONE', *, *, #1785, .T. ) ;
#3764 = CARTESIAN_POINT ( 'NONE',  ( 3.600000000000000089, 2.741759999999999753, -0.05823999999999999316 ) ) ;
#3765 = VERTEX_POINT ( 'NONE', #2336 ) ;
#3766 = EDGE_CURVE ( 'NONE', #4141, #1179, #184, .T. ) ;
#3767 = VERTEX_POINT ( 'NONE', #204 ) ;
#3768 = ORIENTED_EDGE ( 'NONE', *, *, #4020, .F. ) ;
#3769 =( NAMED_UNIT ( * ) SI_UNIT ( $, .STERADIAN. ) SOLID_ANGLE_UNIT ( ) );
#3770 =( NAMED_UNIT ( * ) SI_UNIT ( $, .STERADIAN. ) SOLID_ANGLE_UNIT ( ) );
#3771 = ORIENTED_EDGE ( 'NONE', *, *, #4103, .F. ) ;
#3772 = CARTESIAN_POINT ( 'NONE',  ( 1.532369079381479704, 2.741759999999999753, -1.741460643546117293 ) ) ;
#3773 = DIRECTION ( 'NONE',  ( 0.000000000000000000, 0.000000000000000000, 1.000000000000000000 ) ) ;
#3774 = EDGE_CURVE ( 'NONE', #1640, #1981, #4140, .T. ) ;
#3775 = FACE_OUTER_BOUND ( 'NONE', #1143, .T. ) ;
#3776 = DIRECTION ( 'NONE',  ( 0.000000000000000000, -1.000000000000000000, -3.606871066604838096E-15 ) ) ;
#3777 = SURFACE_STYLE_USAGE ( .BOTH. , #2331 ) ;
#3778 = DIRECTION ( 'NONE',  ( 0.000000000000000000, 0.000000000000000000, 1.000000000000000000 ) ) ;
#3779 = CARTESIAN_POINT ( 'NONE',  ( 0.7499999999999997780, 2.683519999999998795, -0.05824000000000020133 ) ) ;
#3780 =( NAMED_UNIT ( * ) SI_UNIT ( $, .STERADIAN. ) SOLID_ANGLE_UNIT ( ) );
#3781 = ORIENTED_EDGE ( 'NONE', *, *, #4539, .F. ) ;
#3782 = CARTESIAN_POINT ( 'NONE',  ( 2.850000000000000089, 2.741759999999999753, -2.741759999999999753 ) ) ;
#3783 = ORIENTED_EDGE ( 'NONE', *, *, #4401, .T. ) ;
#3784 = VECTOR ( 'NONE', #93, 1000.000000000000000 ) ;
#3785 = EDGE_CURVE ( 'NONE', #4338, #1227, #1152, .T. ) ;
#3786 = ORIENTED_EDGE ( 'NONE', *, *, #3656, .T. ) ;
#3787 = CARTESIAN_POINT ( 'NONE',  ( 0.6917600000000100335, -1.082802241108935926E-14, -2.741759999999999753 ) ) ;
#3788 = ORIENTED_EDGE ( 'NONE', *, *, #4578, .F. ) ;
#3789 = EDGE_CURVE ( 'NONE', #1227, #1780, #3045, .T. ) ;
#3790 = CARTESIAN_POINT ( 'NONE',  ( 1.944000000000006390, 2.741759999999999753, -0.4670490083270785187 ) ) ;
#3791 = LINE ( 'NONE', #3389, #503 ) ;
#3792 = LINE ( 'NONE', #2675, #2532 ) ;
#3793 = EDGE_CURVE ( 'NONE', #4313, #1040, #2504, .T. ) ;
#3794 = AXIS2_PLACEMENT_3D ( 'NONE', #4416, #3352, #2258 ) ;
#3795 = ORIENTED_EDGE ( 'NONE', *, *, #176, .F. ) ;
#3796 = DIRECTION ( 'NONE',  ( -1.000000000000000000, 0.000000000000000000, 0.000000000000000000 ) ) ;
#3797 = DIRECTION ( 'NONE',  ( 3.723221746172735870E-15, -1.000000000000000000, 0.000000000000000000 ) ) ;
#3798 = MECHANICAL_DESIGN_GEOMETRIC_PRESENTATION_REPRESENTATION (  '', ( #2883 ), #3655 ) ;
#3799 = CARTESIAN_POINT ( 'NONE',  ( 3.541759999999999575, 0.05823999999999999316, -2.741759999999999753 ) ) ;
#3800 = DIRECTION ( 'NONE',  ( -1.000000000000000000, 0.000000000000000000, 0.000000000000000000 ) ) ;
#3801 =( LENGTH_UNIT ( ) NAMED_UNIT ( * ) SI_UNIT ( .MILLI., .METRE. ) );
#3802 = CARTESIAN_POINT ( 'NONE',  ( 0.7499106531603624282, 2.702630782055434722, -0.06146476929767853009 ) ) ;
#3803 = VECTOR ( 'NONE', #2658, 1000.000000000000227 ) ;
#3804 =( LENGTH_UNIT ( ) NAMED_UNIT ( * ) SI_UNIT ( .MILLI., .METRE. ) );
#3805 = ORIENTED_EDGE ( 'NONE', *, *, #4474, .F. ) ;
#3806 = COLOUR_RGB ( '',0.7686274509803920907, 0.7686274509803920907, 0.7686274509803920907 ) ;
#3807 = ORIENTED_EDGE ( 'NONE', *, *, #3551, .F. ) ;
#3808 = AXIS2_PLACEMENT_3D ( 'NONE', #2577, #2935, #4026 ) ;
#3809 = EDGE_LOOP ( 'NONE', ( #2707, #2013, #189 ) ) ;
#3810 = DIRECTION ( 'NONE',  ( -0.000000000000000000, -1.000000000000000000, 0.000000000000000000 ) ) ;
#3811 = VERTEX_POINT ( 'NONE', #3074 ) ;
#3812 = DIRECTION ( 'NONE',  ( 0.000000000000000000, 0.000000000000000000, 1.000000000000000000 ) ) ;
#3813 = ORIENTED_EDGE ( 'NONE', *, *, #1365, .F. ) ;
#3814 = DIRECTION ( 'NONE',  ( 0.000000000000000000, 0.000000000000000000, -1.000000000000000000 ) ) ;
#3815 = LINE ( 'NONE', #3414, #2882 ) ;
#3816 = DIRECTION ( 'NONE',  ( 0.000000000000000000, 0.000000000000000000, 1.000000000000000000 ) ) ;
#3817 = EDGE_CURVE ( 'NONE', #3398, #731, #915, .T. ) ;
#3818 = CARTESIAN_POINT ( 'NONE',  ( 1.532369079381479704, 2.746759999999999646, -1.430900981354680468 ) ) ;
#3819 = SURFACE_SIDE_STYLE ('',( #3064 ) ) ;
#3820 = STYLED_ITEM ( 'NONE', ( #2160 ), #3313 ) ;
#3821 = DIRECTION ( 'NONE',  ( 0.000000000000000000, 0.000000000000000000, 1.000000000000000000 ) ) ;
#3822 = PLANE ( 'NONE',  #4095 ) ;
#3823 = AXIS2_PLACEMENT_3D ( 'NONE', #309, #741, #3595 ) ;
#3824 = VECTOR ( 'NONE', #3960, 1000.000000000000114 ) ;
#3825 = FILL_AREA_STYLE_COLOUR ( '', #2083 ) ;
#3826 = CARTESIAN_POINT ( 'NONE',  ( 0.7474458939777557376, 0.07529810106369563827, -0.07529810106369567990 ) ) ;
#3827 = PLANE ( 'NONE',  #3094 ) ;
#3828 = EDGE_CURVE ( 'NONE', #1816, #1019, #1011, .T. ) ;
#3829 = SURFACE_STYLE_USAGE ( .BOTH. , #1630 ) ;
#3830 = PRESENTATION_LAYER_ASSIGNMENT (  '', '', ( #3911 ) ) ;
#3831 = ORIENTED_EDGE ( 'NONE', *, *, #4199, .F. ) ;
#3832 = DIRECTION ( 'NONE',  ( 3.723221746172735870E-15, -1.000000000000000000, 0.000000000000000000 ) ) ;
#3833 = AXIS2_PLACEMENT_3D ( 'NONE', #3870, #4157, #961 ) ;
#3834 = EDGE_LOOP ( 'NONE', ( #3559, #2440, #3805 ) ) ;
#3835 = CARTESIAN_POINT ( 'NONE',  ( 3.600000000000000089, 0.000000000000000000, -2.799999999999999822 ) ) ;
#3836 = ORIENTED_EDGE ( 'NONE', *, *, #3565, .T. ) ;
#3837 = LINE ( 'NONE', #1249, #679 ) ;
#3838 = CARTESIAN_POINT ( 'NONE',  ( 0.7495110761645559228, 0.06679815734959106133, -0.08542081144420979322 ) ) ;
#3839 = LINE ( 'NONE', #4069, #936 ) ;
#3840 = UNCERTAINTY_MEASURE_WITH_UNIT (LENGTH_MEASURE( 1.000000000000000082E-05 ), #2446, 'distance_accuracy_value', 'NONE');
#3841 = CARTESIAN_POINT ( 'NONE',  ( 3.600000000000000089, 2.799999999999999822, 0.000000000000000000 ) ) ;
#3842 = EDGE_CURVE ( 'NONE', #2300, #3676, #680, .T. ) ;
#3843 = DIRECTION ( 'NONE',  ( -1.000000000000000000, 0.000000000000000000, -5.943634068010693762E-14 ) ) ;
#3844 = DIRECTION ( 'NONE',  ( -0.000000000000000000, -1.000000000000000000, 0.000000000000000000 ) ) ;
#3845 = DIRECTION ( 'NONE',  ( 0.000000000000000000, 0.000000000000000000, -1.000000000000000000 ) ) ;
#3846 = CARTESIAN_POINT ( 'NONE',  ( 0.7499999999999997780, 2.683519999999998795, -2.741759999999999753 ) ) ;
#3847 = STYLED_ITEM ( 'NONE', ( #4019 ), #165 ) ;
#3848 = PRESENTATION_STYLE_ASSIGNMENT (( #1664 ) ) ;
#3849 = SURFACE_STYLE_USAGE ( .BOTH. , #2455 ) ;
#3850 = FILL_AREA_STYLE ('',( #3151 ) ) ;
#3851 = ADVANCED_FACE ( 'NONE', ( #1328 ), #2833, .T. ) ;
#3852 = EDGE_LOOP ( 'NONE', ( #887, #1913, #674 ) ) ;
#3853 = DIRECTION ( 'NONE',  ( -0.000000000000000000, -1.000000000000000000, 0.000000000000000000 ) ) ;
#3854 = VERTEX_POINT ( 'NONE', #4216 ) ;
#3855 = CARTESIAN_POINT ( 'NONE',  ( 0.7497929866005416111, 2.736413408433164829, -2.708738985336092586 ) ) ;
#3856 = DIRECTION ( 'NONE',  ( -0.000000000000000000, -1.000000000000000000, 0.000000000000000000 ) ) ;
#3857 = DIRECTION ( 'NONE',  ( -0.000000000000000000, 1.000000000000000000, -0.000000000000000000 ) ) ;
#3858 = VECTOR ( 'NONE', #1259, 1000.000000000000114 ) ;
#3859 = VERTEX_POINT ( 'NONE', #2073 ) ;
#3860 = VECTOR ( 'NONE', #1817, 1000.000000000000227 ) ;
#3861 = CARTESIAN_POINT ( 'NONE',  ( 3.600000000000000089, 2.741759999999999753, -2.741759999999999753 ) ) ;
#3862 = CARTESIAN_POINT ( 'NONE',  ( 2.850016022061364840, 2.698624854025657882, -0.05990417227404232214 ) ) ;
#3863 = FACE_OUTER_BOUND ( 'NONE', #3166, .T. ) ;
#3864 = LINE ( 'NONE', #4205, #3433 ) ;
#3865 = VECTOR ( 'NONE', #1188, 1000.000000000000000 ) ;
#3866 = DIRECTION ( 'NONE',  ( 0.000000000000000000, -1.000000000000000000, 0.000000000000000000 ) ) ;
#3867 =( NAMED_UNIT ( * ) PLANE_ANGLE_UNIT ( ) SI_UNIT ( $, .RADIAN. ) );
#3868 = CARTESIAN_POINT ( 'NONE',  ( 1.687284197684115750, 2.746759999999999646, -1.159145611914445873 ) ) ;
#3869 = LINE ( 'NONE', #2101, #3345 ) ;
#3870 = CARTESIAN_POINT ( 'NONE',  ( 1.687284197684115750, 2.746759999999999646, -0.9824688076061879327 ) ) ;
#3871 = AXIS2_PLACEMENT_3D ( 'NONE', #3393, #1596, #2239 ) ;
#3872 = EDGE_CURVE ( 'NONE', #4629, #939, #343, .T. ) ;
#3873 = AXIS2_PLACEMENT_3D ( 'NONE', #4409, #2205, #3701 ) ;
#3874 = PRESENTATION_STYLE_ASSIGNMENT (( #4138 ) ) ;
#3875 = DIRECTION ( 'NONE',  ( 1.000000000000000000, -0.000000000000000000, -0.000000000000000000 ) ) ;
#3876 = ORIENTED_EDGE ( 'NONE', *, *, #1078, .T. ) ;
#3877 = CARTESIAN_POINT ( 'NONE',  ( 3.600000000000000089, 2.799999999999999822, -2.741759999999999753 ) ) ;
#3878 = PRESENTATION_LAYER_ASSIGNMENT (  '', '', ( #1980 ) ) ;
#3879 = ADVANCED_FACE ( 'NONE', ( #1716 ), #2727, .T. ) ;
#3880 = ORIENTED_EDGE ( 'NONE', *, *, #4521, .F. ) ;
#3881 = ORIENTED_EDGE ( 'NONE', *, *, #664, .F. ) ;
#3882 = SURFACE_STYLE_FILL_AREA ( #3290 ) ;
#3883 = DIRECTION ( 'NONE',  ( -0.000000000000000000, -3.606871066604850718E-15, -1.000000000000000000 ) ) ;
#3884 = DIRECTION ( 'NONE',  ( 0.000000000000000000, 1.000000000000000000, 0.000000000000000000 ) ) ;
#3885 =( GEOMETRIC_REPRESENTATION_CONTEXT ( 3 ) GLOBAL_UNCERTAINTY_ASSIGNED_CONTEXT ( ( #305 ) ) GLOBAL_UNIT_ASSIGNED_CONTEXT ( ( #321, #2788, #2153 ) ) REPRESENTATION_CONTEXT ( 'NONE', 'WORKASPACE' ) );
#3886 = AXIS2_PLACEMENT_3D ( 'NONE', #1374, #3196, #2809 ) ;
#3887 = VERTEX_POINT ( 'NONE', #1062 ) ;
#3888 = CARTESIAN_POINT ( 'NONE',  ( 2.850488923835454269, 2.714579188555791944, -2.733201842650407887 ) ) ;
#3889 = CARTESIAN_POINT ( 'NONE',  ( 0.7474458939777557376, 0.07529810106369563827, -0.07529810106369567990 ) ) ;
#3890 = DIRECTION ( 'NONE',  ( -0.000000000000000000, 1.000000000000000000, 0.000000000000000000 ) ) ;
#3891 = UNCERTAINTY_MEASURE_WITH_UNIT (LENGTH_MEASURE( 1.000000000000000082E-05 ), #2217, 'distance_accuracy_value', 'NONE');
#3892 = VECTOR ( 'NONE', #3110, 1000.000000000000000 ) ;
#3893 = FACE_OUTER_BOUND ( 'NONE', #1752, .T. ) ;
#3894 = ORIENTED_EDGE ( 'NONE', *, *, #980, .F. ) ;
#3895 = CARTESIAN_POINT ( 'NONE',  ( 0.7499553718791135415, 2.704563364018938376, -2.738164905933811344 ) ) ;
#3896 = CARTESIAN_POINT ( 'NONE',  ( 1.944000000000006390, 2.746759999999999646, -0.7460696939635345082 ) ) ;
#3897 = VECTOR ( 'NONE', #2262, 1000.000000000000000 ) ;
#3898 = AXIS2_PLACEMENT_3D ( 'NONE', #2144, #369, #1087 ) ;
#3899 = EDGE_CURVE ( 'NONE', #3340, #2111, #3670, .T. ) ;
#3900 = EDGE_LOOP ( 'NONE', ( #3585, #875, #2973, #2237 ) ) ;
#3901 = CARTESIAN_POINT ( 'NONE',  ( 3.600000000000000089, 0.000000000000000000, -2.741759999999999753 ) ) ;
#3902 = VECTOR ( 'NONE', #1054, 1000.000000000000000 ) ;
#3903 = VECTOR ( 'NONE', #3463, 1000.000000000000000 ) ;
#3904 = ORIENTED_EDGE ( 'NONE', *, *, #3561, .F. ) ;
#3905 = DIRECTION ( 'NONE',  ( -0.000000000000000000, -1.000000000000000000, -0.000000000000000000 ) ) ;
#3906 = EDGE_CURVE ( 'NONE', #498, #3327, #1112, .T. ) ;
#3907 = ORIENTED_EDGE ( 'NONE', *, *, #4325, .F. ) ;
#3908 = DIRECTION ( 'NONE',  ( -0.7145695586381775044, 0.000000000000000000, 0.6995643972270459976 ) ) ;
#3909 =( GEOMETRIC_REPRESENTATION_CONTEXT ( 3 ) GLOBAL_UNCERTAINTY_ASSIGNED_CONTEXT ( ( #3661 ) ) GLOBAL_UNIT_ASSIGNED_CONTEXT ( ( #4076, #1482, #2735 ) ) REPRESENTATION_CONTEXT ( 'NONE', 'WORKASPACE' ) );
#3910 = DIRECTION ( 'NONE',  ( 0.000000000000000000, 0.000000000000000000, -1.000000000000000000 ) ) ;
#3911 = STYLED_ITEM ( 'NONE', ( #499 ), #1337 ) ;
#3912 = ADVANCED_FACE ( 'NONE', ( #18 ), #1443, .F. ) ;
#3913 = ORIENTED_EDGE ( 'NONE', *, *, #2888, .F. ) ;
#3914 = DIRECTION ( 'NONE',  ( 0.9619530280415479195, 0.000000000000000000, 0.2732148821746301914 ) ) ;
#3915 = CARTESIAN_POINT ( 'NONE',  ( 1.611265360455781170, 2.741759999999999753, -2.073934948893989105 ) ) ;
#3916 = CARTESIAN_POINT ( 'NONE',  ( 0.05824000000000020133, 0.000000000000000000, 0.000000000000000000 ) ) ;
#3917 = ADVANCED_FACE ( 'NONE', ( #2926 ), #3625, .F. ) ;
#3918 = FILL_AREA_STYLE_COLOUR ( '', #479 ) ;
#3919 = EDGE_LOOP ( 'NONE', ( #1608, #2502, #1317 ) ) ;
#3920 =( NAMED_UNIT ( * ) SI_UNIT ( $, .STERADIAN. ) SOLID_ANGLE_UNIT ( ) );
#3921 = DIRECTION ( 'NONE',  ( 0.000000000000000000, 0.000000000000000000, 1.000000000000000000 ) ) ;
#3922 = SURFACE_STYLE_USAGE ( .BOTH. , #3995 ) ;
#3923 = PRESENTATION_STYLE_ASSIGNMENT (( #3192 ) ) ;
#3924 = FILL_AREA_STYLE ('',( #3097 ) ) ;
#3925 = DIRECTION ( 'NONE',  ( 1.000000000000000000, -3.723221746172735870E-15, 0.000000000000000000 ) ) ;
#3926 = AXIS2_PLACEMENT_3D ( 'NONE', #20, #1140, #373 ) ;
#3927 = ORIENTED_EDGE ( 'NONE', *, *, #775, .F. ) ;
#3928 = LINE ( 'NONE', #4239, #3641 ) ;
#3929 = ORIENTED_EDGE ( 'NONE', *, *, #1378, .F. ) ;
#3930 = CARTESIAN_POINT ( 'NONE',  ( 2.850000000000000533, 0.06403198713132457476, -2.735968012868675636 ) ) ;
#3931 = SURFACE_STYLE_FILL_AREA ( #4311 ) ;
#3932 = VERTEX_POINT ( 'NONE', #2900 ) ;
#3933 = CARTESIAN_POINT ( 'NONE',  ( 2.850207013399459033, 2.736413408433164829, -0.09126101466390709738 ) ) ;
#3934 = DIRECTION ( 'NONE',  ( 0.000000000000000000, 0.000000000000000000, 1.000000000000000000 ) ) ;
#3935 = FILL_AREA_STYLE ('',( #1803 ) ) ;
#3936 = CIRCLE ( 'NONE', #181, 0.05823999999999998622 ) ;
#3937 = ADVANCED_FACE ( 'NONE', ( #2523 ), #704, .F. ) ;
#3938 = B_SPLINE_CURVE_WITH_KNOTS ( 'NONE', 3,
 ( #2378, #1783, #390, #4619, #3260, #3970, #1034, #1731, #1060, #2803 ),
 .UNSPECIFIED., .F., .F.,
 ( 4, 3, 3, 4 ),
 ( 0.000000000000000000, 1.833143621111621685E-05, 3.656618479249318550E-05, 4.558081643555640270E-05 ),
 .UNSPECIFIED. ) ;
#3939 = UNCERTAINTY_MEASURE_WITH_UNIT (LENGTH_MEASURE( 1.000000000000000082E-05 ), #2341, 'distance_accuracy_value', 'NONE');
#3940 = LINE ( 'NONE', #719, #277 ) ;
#3941 = PRESENTATION_LAYER_ASSIGNMENT (  '', '', ( #2949 ) ) ;
#3942 = SURFACE_STYLE_FILL_AREA ( #1439 ) ;
#3943 = ORIENTED_EDGE ( 'NONE', *, *, #1944, .T. ) ;
#3944 = LINE ( 'NONE', #4640, #2916 ) ;
#3945 = CARTESIAN_POINT ( 'NONE',  ( 3.600000000000000089, 2.741759999999999753, -2.799999999999999822 ) ) ;
#3946 = CARTESIAN_POINT ( 'NONE',  ( 3.541759999999999575, 0.05823999999999999316, -2.741759999999999753 ) ) ;
#3947 = AXIS2_PLACEMENT_3D ( 'NONE', #1564, #1973, #3778 ) ;
#3948 = EDGE_CURVE ( 'NONE', #1005, #4119, #4329, .T. ) ;
#3949 = FILL_AREA_STYLE ('',( #1138 ) ) ;
#3950 = CARTESIAN_POINT ( 'NONE',  ( 1.532369079381479704, 2.741759999999999753, -1.430900981354680468 ) ) ;
#3951 = SURFACE_STYLE_USAGE ( .BOTH. , #3603 ) ;
#3952 = PRESENTATION_LAYER_ASSIGNMENT (  '', '', ( #2435 ) ) ;
#3953 = VERTEX_POINT ( 'NONE', #486 ) ;
#3954 = DIRECTION ( 'NONE',  ( -1.000000000000000000, 0.000000000000000000, 0.000000000000000000 ) ) ;
#3955 = ORIENTED_EDGE ( 'NONE', *, *, #1226, .F. ) ;
#3956 = SURFACE_STYLE_USAGE ( .BOTH. , #4602 ) ;
#3957 = DIRECTION ( 'NONE',  ( -1.000000000000000000, 0.000000000000000000, 0.000000000000000000 ) ) ;
#3958 = VECTOR ( 'NONE', #2120, 1000.000000000000114 ) ;
#3959 = ORIENTED_EDGE ( 'NONE', *, *, #871, .F. ) ;
#3960 = DIRECTION ( 'NONE',  ( -0.9617234872620624708, 0.000000000000000000, -0.2740217765953967821 ) ) ;
#3961 = ADVANCED_FACE ( 'NONE', ( #4067 ), #3734, .F. ) ;
#3962 = PLANE ( 'NONE',  #1835 ) ;
#3963 = AXIS2_PLACEMENT_3D ( 'NONE', #3537, #2128, #4264 ) ;
#3964 = DIRECTION ( 'NONE',  ( -0.000000000000000000, -1.000000000000000000, 0.000000000000000000 ) ) ;
#3965 = PRESENTATION_LAYER_ASSIGNMENT (  '', '', ( #4035 ) ) ;
#3966 = ORIENTED_EDGE ( 'NONE', *, *, #4325, .T. ) ;
#3967 = CARTESIAN_POINT ( 'NONE',  ( 1.944000000000006390, 2.746759999999999646, -1.518511938874666178 ) ) ;
#3968 = CARTESIAN_POINT ( 'NONE',  ( 1.865686967656117190, 2.746759999999999646, -0.9316085170136499949 ) ) ;
#3969 = EDGE_CURVE ( 'NONE', #991, #2340, #4133, .T. ) ;
#3970 = CARTESIAN_POINT ( 'NONE',  ( 2.850016022061364840, 0.1013751459743420097, -2.740095827725957722 ) ) ;
#3971 = VECTOR ( 'NONE', #258, 1000.000000000000000 ) ;
#3972 = SURFACE_STYLE_FILL_AREA ( #3949 ) ;
#3973 = AXIS2_PLACEMENT_3D ( 'NONE', #615, #4224, #2698 ) ;
#3974 = CARTESIAN_POINT ( 'NONE',  ( 1.865671948376557809, 2.741759999999999753, -2.005877581997301817 ) ) ;
#3975 = CARTESIAN_POINT ( 'NONE',  ( 1.687284197684115750, 2.746759999999999646, -1.159145611914445873 ) ) ;
#3976 = FILL_AREA_STYLE_COLOUR ( '', #3310 ) ;
#3977 = EDGE_CURVE ( 'NONE', #3676, #3032, #2332, .T. ) ;
#3978 =( NAMED_UNIT ( * ) SI_UNIT ( $, .STERADIAN. ) SOLID_ANGLE_UNIT ( ) );
#3979 = ORIENTED_EDGE ( 'NONE', *, *, #1404, .F. ) ;
#3980 = PLANE ( 'NONE',  #2044 ) ;
#3981 = EDGE_CURVE ( 'NONE', #1587, #1227, #912, .T. ) ;
#3982 = VERTEX_POINT ( 'NONE', #3711 ) ;
#3983 = PRESENTATION_LAYER_ASSIGNMENT (  '', '', ( #950 ) ) ;
#3984 = VECTOR ( 'NONE', #2238, 1000.000000000000000 ) ;
#3985 = ORIENTED_EDGE ( 'NONE', *, *, #1447, .F. ) ;
#3986 = VECTOR ( 'NONE', #1293, 1000.000000000000000 ) ;
#3987 = ORIENTED_EDGE ( 'NONE', *, *, #3105, .T. ) ;
#3988 =( NAMED_UNIT ( * ) SI_UNIT ( $, .STERADIAN. ) SOLID_ANGLE_UNIT ( ) );
#3989 = DIRECTION ( 'NONE',  ( -0.9611542233438713501, 0.000000000000000000, -0.2760118818968482768 ) ) ;
#3990 = UNCERTAINTY_MEASURE_WITH_UNIT (LENGTH_MEASURE( 1.000000000000000082E-05 ), #500, 'distance_accuracy_value', 'NONE');
#3991 = ORIENTED_EDGE ( 'NONE', *, *, #2121, .F. ) ;
#3992 = CARTESIAN_POINT ( 'NONE',  ( 2.851260537736253653, 2.728924731604386977, -2.720479066268221224 ) ) ;
#3993 = DIRECTION ( 'NONE',  ( -1.000000000000000000, 0.000000000000000000, 0.000000000000000000 ) ) ;
#3994 = ADVANCED_FACE ( 'NONE', ( #158 ), #3419, .F. ) ;
#3995 = SURFACE_SIDE_STYLE ('',( #3972 ) ) ;
#3996 = DIRECTION ( 'NONE',  ( -0.000000000000000000, -0.000000000000000000, 1.000000000000000000 ) ) ;
#3997 = DIRECTION ( 'NONE',  ( -0.000000000000000000, -1.000000000000000000, 0.000000000000000000 ) ) ;
#3998 = SURFACE_STYLE_FILL_AREA ( #2524 ) ;
#3999 = DIRECTION ( 'NONE',  ( 1.000000000000000000, -0.000000000000000000, 0.000000000000000000 ) ) ;
#4000 = CLOSED_SHELL ( 'NONE', ( #148, #2540, #4039, #2644, #1543, #3036, #3912, #1396, #2404, #1823, #1601, #4384, #1137, #2326, #464, #3663, #3639, #789, #2921, #4525, #2045, #4434, #3961, #2571, #484 ) ) ;
#4001 = VERTEX_POINT ( 'NONE', #4522 ) ;
#4002 = CARTESIAN_POINT ( 'NONE',  ( 1.611847357580686646, 2.746759999999999646, -2.316306086614288606 ) ) ;
#4003 = ORIENTED_EDGE ( 'NONE', *, *, #1169, .T. ) ;
#4004 = DIRECTION ( 'NONE',  ( 0.000000000000000000, 0.000000000000000000, 1.000000000000000000 ) ) ;
#4005 = EDGE_CURVE ( 'NONE', #1019, #4159, #1898, .T. ) ;
#4006 = VERTEX_POINT ( 'NONE', #3357 ) ;
#4007 = DIRECTION ( 'NONE',  ( 0.000000000000000000, 0.000000000000000000, 1.000000000000000000 ) ) ;
#4008 = CARTESIAN_POINT ( 'NONE',  ( 2.850000000000000089, 2.741759999999999753, -0.05824000000000020133 ) ) ;
#4009 = CARTESIAN_POINT ( 'NONE',  ( 3.600000000000000089, 2.799999999999999822, 0.000000000000000000 ) ) ;
#4010 = FACE_OUTER_BOUND ( 'NONE', #3052, .T. ) ;
#4011 = DIRECTION ( 'NONE',  ( 3.723221746172735870E-15, -1.000000000000000000, 0.000000000000000000 ) ) ;
#4012 = EDGE_LOOP ( 'NONE', ( #3682, #4650, #660, #3497, #1238, #544 ) ) ;
#4013 =( NAMED_UNIT ( * ) PLANE_ANGLE_UNIT ( ) SI_UNIT ( $, .RADIAN. ) );
#4014 = CARTESIAN_POINT ( 'NONE',  ( 1.532369079381479704, 2.746759999999999646, -1.255601935242362188 ) ) ;
#4015 = LINE ( 'NONE', #1209, #44 ) ;
#4016 = MECHANICAL_DESIGN_GEOMETRIC_PRESENTATION_REPRESENTATION (  '', ( #633 ), #911 ) ;
#4017 = DIRECTION ( 'NONE',  ( -1.000000000000000000, 0.000000000000000000, 0.000000000000000000 ) ) ;
#4018 = LINE ( 'NONE', #4089, #1042 ) ;
#4019 = PRESENTATION_STYLE_ASSIGNMENT (( #2569 ) ) ;
#4020 = EDGE_CURVE ( 'NONE', #2623, #4006, #2682, .T. ) ;
#4021 = VECTOR ( 'NONE', #362, 1000.000000000000000 ) ;
#4022 = ORIENTED_EDGE ( 'NONE', *, *, #3410, .T. ) ;
#4023 = DIRECTION ( 'NONE',  ( -1.000000000000000000, -0.000000000000000000, -0.000000000000000000 ) ) ;
#4024 = VERTEX_POINT ( 'NONE', #1277 ) ;
#4025 = EDGE_CURVE ( 'NONE', #474, #2557, #892, .T. ) ;
#4026 = DIRECTION ( 'NONE',  ( 0.000000000000000000, 0.000000000000000000, 1.000000000000000000 ) ) ;
#4027 = COLOUR_RGB ( '',0.7686274509803920907, 0.7686274509803920907, 0.7686274509803920907 ) ;
#4028 = ORIENTED_EDGE ( 'NONE', *, *, #515, .F. ) ;
#4029 = ORIENTED_EDGE ( 'NONE', *, *, #3793, .F. ) ;
#4030 = LINE ( 'NONE', #3253, #4288 ) ;
#4031 = DIRECTION ( 'NONE',  ( -0.000000000000000000, -1.000000000000000000, 0.000000000000000000 ) ) ;
#4032 = CYLINDRICAL_SURFACE ( 'NONE', #2896, 0.05823999999999999316 ) ;
#4033 = CARTESIAN_POINT ( 'NONE',  ( 3.600000000000000089, 0.05823999999999999316, -2.741759999999999753 ) ) ;
#4034 = FILL_AREA_STYLE ('',( #2236 ) ) ;
#4035 = STYLED_ITEM ( 'NONE', ( #686 ), #2199 ) ;
#4036 = ORIENTED_EDGE ( 'NONE', *, *, #114, .F. ) ;
#4037 = LINE ( 'NONE', #2564, #3685 ) ;
#4038 =( NAMED_UNIT ( * ) PLANE_ANGLE_UNIT ( ) SI_UNIT ( $, .RADIAN. ) );
#4039 = ADVANCED_FACE ( 'NONE', ( #1884 ), #2996, .F. ) ;
#4040 = DIRECTION ( 'NONE',  ( 0.000000000000000000, 0.000000000000000000, 1.000000000000000000 ) ) ;
#4041 = DIRECTION ( 'NONE',  ( -0.2793947940814875408, 0.000000000000000000, 0.9601763114346048011 ) ) ;
#4042 = LINE ( 'NONE', #1301, #1074 ) ;
#4043 = SURFACE_STYLE_FILL_AREA ( #1213 ) ;
#4044 = MECHANICAL_DESIGN_GEOMETRIC_PRESENTATION_REPRESENTATION (  '', ( #665 ), #2451 ) ;
#4045 = PRODUCT_DEFINITION_SHAPE ( 'NONE', 'NONE',  #2230 ) ;
#4046 = CIRCLE ( 'NONE', #1693, 0.05823999999999998622 ) ;
#4047 = EDGE_LOOP ( 'NONE', ( #3966, #1987, #4291 ) ) ;
#4048 = DIRECTION ( 'NONE',  ( 0.000000000000000000, 0.000000000000000000, 1.000000000000000000 ) ) ;
#4049 = EDGE_LOOP ( 'NONE', ( #1265, #634, #882, #809 ) ) ;
#4050 = SURFACE_STYLE_FILL_AREA ( #1195 ) ;
#4051 = MECHANICAL_DESIGN_GEOMETRIC_PRESENTATION_REPRESENTATION (  '', ( #2609 ), #1772 ) ;
#4052 = ADVANCED_FACE ( 'NONE', ( #1929 ), #1622, .T. ) ;
#4053 = COLOUR_RGB ( '',0.7686274509803920907, 0.7686274509803920907, 0.7686274509803920907 ) ;
#4054 = ORIENTED_EDGE ( 'NONE', *, *, #947, .F. ) ;
#4055 = PRESENTATION_STYLE_ASSIGNMENT (( #795 ) ) ;
#4056 = DIRECTION ( 'NONE',  ( 1.000000000000000000, 0.000000000000000000, 0.000000000000000000 ) ) ;
#4057 = CARTESIAN_POINT ( 'NONE',  ( 1.575771045540717674, 2.746759999999999646, -1.624255184048812417 ) ) ;
#4058 = COLOUR_RGB ( '',0.7686274509803920907, 0.7686274509803920907, 0.7686274509803920907 ) ;
#4059 = FACE_OUTER_BOUND ( 'NONE', #3834, .T. ) ;
#4060 =( NAMED_UNIT ( * ) SI_UNIT ( $, .STERADIAN. ) SOLID_ANGLE_UNIT ( ) );
#4061 = ORIENTED_EDGE ( 'NONE', *, *, #272, .T. ) ;
#4062 = CARTESIAN_POINT ( 'NONE',  ( 2.852554106022254565, 2.724701898936304101, -2.724701898936304101 ) ) ;
#4063 = FACE_OUTER_BOUND ( 'NONE', #697, .T. ) ;
#4064 = EDGE_CURVE ( 'NONE', #4664, #116, #512, .T. ) ;
#4065 = FACE_OUTER_BOUND ( 'NONE', #2732, .T. ) ;
#4066 =( GEOMETRIC_REPRESENTATION_CONTEXT ( 3 ) GLOBAL_UNCERTAINTY_ASSIGNED_CONTEXT ( ( #2093 ) ) GLOBAL_UNIT_ASSIGNED_CONTEXT ( ( #2369, #4459, #1221 ) ) REPRESENTATION_CONTEXT ( 'NONE', 'WORKASPACE' ) );
#4067 = FACE_OUTER_BOUND ( 'NONE', #3607, .T. ) ;
#4068 = SURFACE_STYLE_FILL_AREA ( #111 ) ;
#4069 = CARTESIAN_POINT ( 'NONE',  ( 3.600000000000000089, 2.741759999999999753, 0.000000000000000000 ) ) ;
#4070 = ORIENTED_EDGE ( 'NONE', *, *, #2226, .F. ) ;
#4071 = DIRECTION ( 'NONE',  ( -0.000000000000000000, -1.000000000000000000, 0.000000000000000000 ) ) ;
#4072 = EDGE_LOOP ( 'NONE', ( #3247, #4174, #3739, #376 ) ) ;
#4073 = PLANE ( 'NONE',  #1012 ) ;
#4074 = ORIENTED_EDGE ( 'NONE', *, *, #3402, .T. ) ;
#4075 = ORIENTED_EDGE ( 'NONE', *, *, #1931, .T. ) ;
#4076 =( LENGTH_UNIT ( ) NAMED_UNIT ( * ) SI_UNIT ( .MILLI., .METRE. ) );
#4077 = SURFACE_SIDE_STYLE ('',( #3747 ) ) ;
#4078 = STYLED_ITEM ( 'NONE', ( #2747 ), #196 ) ;
#4079 = VECTOR ( 'NONE', #4357, 1000.000000000000114 ) ;
#4080 = CYLINDRICAL_SURFACE ( 'NONE', #3216, 0.05824000000000020133 ) ;
#4081 = MANIFOLD_SOLID_BREP ( 'Scale1[3]', #4614 ) ;
#4082 = VERTEX_POINT ( 'NONE', #909 ) ;
#4083 = CARTESIAN_POINT ( 'NONE',  ( 3.600000000000000089, 0.05823999999999999316, -2.799999999999999822 ) ) ;
#4084 = EDGE_CURVE ( 'NONE', #2049, #2850, #2776, .T. ) ;
#4085 = UNCERTAINTY_MEASURE_WITH_UNIT (LENGTH_MEASURE( 1.000000000000000082E-05 ), #3644, 'distance_accuracy_value', 'NONE');
#4086 = CARTESIAN_POINT ( 'NONE',  ( 0.7500000000000099920, 0.05823999999999999316, 0.000000000000000000 ) ) ;
#4087 = SURFACE_SIDE_STYLE ('',( #4420 ) ) ;
#4088 = DIRECTION ( 'NONE',  ( 0.9985542843760949472, 0.000000000000000000, 0.05375259206908061804 ) ) ;
#4089 = CARTESIAN_POINT ( 'NONE',  ( 0.7499999999999997780, 0.1164800000000001806, -0.05824000000000020133 ) ) ;
#4090 = FILL_AREA_STYLE ('',( #2290 ) ) ;
#4091 = PRESENTATION_LAYER_ASSIGNMENT (  '', '', ( #3401 ) ) ;
#4092 = COLOUR_RGB ( '',0.7686274509803920907, 0.7686274509803920907, 0.7686274509803920907 ) ;
#4093 = ORIENTED_EDGE ( 'NONE', *, *, #2638, .T. ) ;
#4094 = ORIENTED_EDGE ( 'NONE', *, *, #947, .T. ) ;
#4095 = AXIS2_PLACEMENT_3D ( 'NONE', #289, #3443, #3845 ) ;
#4096 = ORIENTED_EDGE ( 'NONE', *, *, #3369, .T. ) ;
#4097 = ORIENTED_EDGE ( 'NONE', *, *, #1785, .F. ) ;
#4098 = VECTOR ( 'NONE', #4156, 1000.000000000000000 ) ;
#4099 = LINE ( 'NONE', #2344, #459 ) ;
#4100 = CARTESIAN_POINT ( 'NONE',  ( 1.532369079381479704, 2.741759999999999753, -0.8455874476530370609 ) ) ;
#4101 = PRESENTATION_STYLE_ASSIGNMENT (( #1851 ) ) ;
#4102 =( GEOMETRIC_REPRESENTATION_CONTEXT ( 3 ) GLOBAL_UNCERTAINTY_ASSIGNED_CONTEXT ( ( #260 ) ) GLOBAL_UNIT_ASSIGNED_CONTEXT ( ( #4536, #3127, #638 ) ) REPRESENTATION_CONTEXT ( 'NONE', 'WORKASPACE' ) );
#4103 = EDGE_CURVE ( 'NONE', #734, #2892, #4042, .T. ) ;
#4104 = ORIENTED_EDGE ( 'NONE', *, *, #1115, .F. ) ;
#4105 = FILL_AREA_STYLE_COLOUR ( '', #2470 ) ;
#4106 = CARTESIAN_POINT ( 'NONE',  ( 2.852554106022254565, 0.07529810106369556888, -0.07529810106369576317 ) ) ;
#4107 = COLOUR_RGB ( '',0.7686274509803920907, 0.7686274509803920907, 0.7686274509803920907 ) ;
#4108 = ADVANCED_FACE ( 'NONE', ( #263 ), #3822, .F. ) ;
#4109 = DIRECTION ( 'NONE',  ( 0.000000000000000000, 0.000000000000000000, 1.000000000000000000 ) ) ;
#4110 = SURFACE_STYLE_FILL_AREA ( #1234 ) ;
#4111 = DIRECTION ( 'NONE',  ( 0.000000000000000000, 0.000000000000000000, 1.000000000000000000 ) ) ;
#4112 = MECHANICAL_DESIGN_GEOMETRIC_PRESENTATION_REPRESENTATION (  '', ( #1247 ), #2667 ) ;
#4113 = ORIENTED_EDGE ( 'NONE', *, *, #3048, .T. ) ;
#4114 = CARTESIAN_POINT ( 'NONE',  ( 1.944000000000006390, 2.746759999999999646, -1.983651549899683841 ) ) ;
#4115 = ORIENTED_EDGE ( 'NONE', *, *, #2397, .F. ) ;
#4116 = COLOUR_RGB ( '',0.7686274509803920907, 0.7686274509803920907, 0.7686274509803920907 ) ;
#4117 = MECHANICAL_DESIGN_GEOMETRIC_PRESENTATION_REPRESENTATION (  '', ( #2072 ), #3298 ) ;
#4118 = EDGE_CURVE ( 'NONE', #1824, #470, #1738, .T. ) ;
#4119 = VERTEX_POINT ( 'NONE', #242 ) ;
#4120 = ORIENTED_EDGE ( 'NONE', *, *, #85, .T. ) ;
#4121 = LINE ( 'NONE', #4195, #74 ) ;
#4122 = FILL_AREA_STYLE_COLOUR ( '', #2661 ) ;
#4123 = LINE ( 'NONE', #885, #364 ) ;
#4124 = AXIS2_PLACEMENT_3D ( 'NONE', #2334, #1663, #2688 ) ;
#4125 = EDGE_LOOP ( 'NONE', ( #667, #2690, #3715, #2256 ) ) ;
#4126 = DIRECTION ( 'NONE',  ( 1.000000000000000000, -0.000000000000000000, -0.000000000000000000 ) ) ;
#4127 = CARTESIAN_POINT ( 'NONE',  ( 0.7499999999999997780, 2.799999999999999822, -0.05824000000000020133 ) ) ;
#4128 = DIRECTION ( 'NONE',  ( -0.000000000000000000, 1.000000000000000000, -0.000000000000000000 ) ) ;
#4129 = VECTOR ( 'NONE', #1347, 1000.000000000000000 ) ;
#4130 = VECTOR ( 'NONE', #3283, 1000.000000000000000 ) ;
#4131 =( NAMED_UNIT ( * ) PLANE_ANGLE_UNIT ( ) SI_UNIT ( $, .RADIAN. ) );
#4132 = CARTESIAN_POINT ( 'NONE',  ( 2.850000000000000089, 2.741759999999999753, -0.1164799999999999724 ) ) ;
#4133 = LINE ( 'NONE', #180, #2278 ) ;
#4134 = AXIS2_PLACEMENT_3D ( 'NONE', #144, #1649, #3406 ) ;
#4135 = CARTESIAN_POINT ( 'NONE',  ( 1.575771045540717674, 2.746759999999999646, -1.624255184048812417 ) ) ;
#4136 = ADVANCED_FACE ( 'NONE', ( #2403 ), #960, .T. ) ;
#4137 = EDGE_CURVE ( 'NONE', #1576, #734, #1369, .T. ) ;
#4138 = SURFACE_STYLE_USAGE ( .BOTH. , #1689 ) ;
#4139 = ORIENTED_EDGE ( 'NONE', *, *, #2627, .F. ) ;
#4140 = LINE ( 'NONE', #3384, #3185 ) ;
#4141 = VERTEX_POINT ( 'NONE', #3896 ) ;
#4142 = CARTESIAN_POINT ( 'NONE',  ( 1.532369079381479704, 2.746759999999999646, -1.214544228466160281 ) ) ;
#4143 = EDGE_LOOP ( 'NONE', ( #2127, #4244, #2117, #2826 ) ) ;
#4144 = DIRECTION ( 'NONE',  ( -1.000000000000000000, 0.000000000000000000, -0.000000000000000000 ) ) ;
#4145 = VERTEX_POINT ( 'NONE', #4548 ) ;
#4146 = CARTESIAN_POINT ( 'NONE',  ( 2.850000000000000089, 2.741759999999999753, -0.1164799999999999724 ) ) ;
#4147 = SURFACE_SIDE_STYLE ('',( #614 ) ) ;
#4148 = DIRECTION ( 'NONE',  ( 0.000000000000000000, 0.000000000000000000, 1.000000000000000000 ) ) ;
#4149 = STYLED_ITEM ( 'NONE', ( #418 ), #133 ) ;
#4150 = VERTEX_POINT ( 'NONE', #1642 ) ;
#4151 =( NAMED_UNIT ( * ) PLANE_ANGLE_UNIT ( ) SI_UNIT ( $, .RADIAN. ) );
#4152 = DIRECTION ( 'NONE',  ( 0.8843386665637650301, 0.000000000000000000, 0.4668459304955137057 ) ) ;
#4153 = DIRECTION ( 'NONE',  ( -0.000000000000000000, -1.000000000000000000, 0.000000000000000000 ) ) ;
#4154 = LINE ( 'NONE', #601, #4276 ) ;
#4155 = DIRECTION ( 'NONE',  ( -0.000000000000000000, 1.000000000000000000, -0.000000000000000000 ) ) ;
#4156 = DIRECTION ( 'NONE',  ( -1.000000000000000000, 0.000000000000000000, 0.000000000000000000 ) ) ;
#4157 = DIRECTION ( 'NONE',  ( -0.2793947940878393488, 0.000000000000000000, 0.9601763114327566129 ) ) ;
#4158 = SURFACE_STYLE_FILL_AREA ( #4186 ) ;
#4159 = VERTEX_POINT ( 'NONE', #4209 ) ;
#4160 = CARTESIAN_POINT ( 'NONE',  ( 2.850000000000000533, 2.735968012868675192, -2.735968012868675192 ) ) ;
#4161 = EDGE_CURVE ( 'NONE', #3674, #2434, #3114, .T. ) ;
#4162 = EDGE_LOOP ( 'NONE', ( #4194, #324, #927, #3704 ) ) ;
#4163 = VECTOR ( 'NONE', #3810, 1000.000000000000000 ) ;
#4164 = VECTOR ( 'NONE', #3630, 1000.000000000000114 ) ;
#4165 = VERTEX_POINT ( 'NONE', #4183 ) ;
#4166 = CARTESIAN_POINT ( 'NONE',  ( 1.944000000000006390, 2.746759999999999646, -1.983651549899683841 ) ) ;
#4167 = EDGE_CURVE ( 'NONE', #318, #2962, #3493, .T. ) ;
#4168 = VERTEX_POINT ( 'NONE', #2377 ) ;
#4169 = DIRECTION ( 'NONE',  ( 1.000000000000000000, 0.000000000000000000, 0.000000000000000000 ) ) ;
#4170 = COLOUR_RGB ( '',0.7686274509803920907, 0.7686274509803920907, 0.7686274509803920907 ) ;
#4171 = DIRECTION ( 'NONE',  ( 0.7059037656364455238, 0.000000000000000000, -0.7083077534944018927 ) ) ;
#4172 = MECHANICAL_DESIGN_GEOMETRIC_PRESENTATION_REPRESENTATION (  '', ( #3031 ), #2509 ) ;
#4173 = EDGE_CURVE ( 'NONE', #3932, #3101, #3869, .T. ) ;
#4174 = ORIENTED_EDGE ( 'NONE', *, *, #2513, .T. ) ;
#4175 = LINE ( 'NONE', #928, #3077 ) ;
#4176 = FILL_AREA_STYLE_COLOUR ( '', #848 ) ;
#4177 = SURFACE_STYLE_FILL_AREA ( #2990 ) ;
#4178 = PLANE ( 'NONE',  #4584 ) ;
#4179 = UNCERTAINTY_MEASURE_WITH_UNIT (LENGTH_MEASURE( 1.000000000000000082E-05 ), #3087, 'distance_accuracy_value', 'NONE');
#4180 = DIRECTION ( 'NONE',  ( -5.943634068010693762E-14, 0.000000000000000000, 1.000000000000000000 ) ) ;
#4181 = EDGE_CURVE ( 'NONE', #470, #217, #4569, .T. ) ;
#4182 = DIRECTION ( 'NONE',  ( -0.9615323037684311291, 0.000000000000000000, -0.2746918797667186607 ) ) ;
#4183 = CARTESIAN_POINT ( 'NONE',  ( 2.850000000000000089, 0.05824000000000020133, -0.1164799999999999724 ) ) ;
#4184 = CARTESIAN_POINT ( 'NONE',  ( 0.7500281936837366326, 2.696529121468274059, -0.05934521978077461624 ) ) ;
#4185 = VECTOR ( 'NONE', #4128, 1000.000000000000000 ) ;
#4186 = FILL_AREA_STYLE ('',( #3825 ) ) ;
#4187 = FILL_AREA_STYLE_COLOUR ( '', #107 ) ;
#4188 = AXIS2_PLACEMENT_3D ( 'NONE', #4009, #4460, #2583 ) ;
#4189 = SURFACE_STYLE_FILL_AREA ( #2407 ) ;
#4190 = FACE_OUTER_BOUND ( 'NONE', #4049, .T. ) ;
#4191 =( GEOMETRIC_REPRESENTATION_CONTEXT ( 3 ) GLOBAL_UNCERTAINTY_ASSIGNED_CONTEXT ( ( #2136 ) ) GLOBAL_UNIT_ASSIGNED_CONTEXT ( ( #2002, #4480, #2382 ) ) REPRESENTATION_CONTEXT ( 'NONE', 'WORKASPACE' ) );
#4192 = VERTEX_POINT ( 'NONE', #2071 ) ;
#4193 = DIRECTION ( 'NONE',  ( 0.000000000000000000, 1.000000000000000000, 0.000000000000000000 ) ) ;
#4194 = ORIENTED_EDGE ( 'NONE', *, *, #1794, .T. ) ;
#4195 = CARTESIAN_POINT ( 'NONE',  ( 1.763380634529654323, 2.746759999999999646, -1.137410209649718507 ) ) ;
#4196 = CARTESIAN_POINT ( 'NONE',  ( 0.000000000000000000, 0.000000000000000000, 0.000000000000000000 ) ) ;
#4197 = DIRECTION ( 'NONE',  ( 0.000000000000000000, -1.000000000000000000, 0.000000000000000000 ) ) ;
#4198 =( GEOMETRIC_REPRESENTATION_CONTEXT ( 3 ) GLOBAL_UNCERTAINTY_ASSIGNED_CONTEXT ( ( #1388 ) ) GLOBAL_UNIT_ASSIGNED_CONTEXT ( ( #1165, #3335, #3314 ) ) REPRESENTATION_CONTEXT ( 'NONE', 'WORKASPACE' ) );
#4199 = EDGE_CURVE ( 'NONE', #3435, #3982, #4618, .T. ) ;
#4200 = VECTOR ( 'NONE', #3235, 1000.000000000000000 ) ;
#4201 = EDGE_LOOP ( 'NONE', ( #1406, #1873, #1329, #3771, #4646, #4632, #1239, #2786, #853, #1523, #2433, #1391, #4432, #4561, #951, #3831, #3788, #4307, #1521, #126, #2651, #102, #873 ) ) ;
#4202 = CARTESIAN_POINT ( 'NONE',  ( 2.850000000000000089, 2.741759999999999753, -2.683520000000000127 ) ) ;
#4203 = PRESENTATION_STYLE_ASSIGNMENT (( #997 ) ) ;
#4204 = CARTESIAN_POINT ( 'NONE',  ( 1.532369079381479704, 2.746759999999999646, -1.741460643546117293 ) ) ;
#4205 = CARTESIAN_POINT ( 'NONE',  ( 0.05824000000000020133, 2.799999999999999822, -2.799999999999999822 ) ) ;
#4206 = VECTOR ( 'NONE', #88, 1000.000000000000000 ) ;
#4207 = DIRECTION ( 'NONE',  ( 0.000000000000000000, 1.000000000000000000, 0.000000000000000000 ) ) ;
#4208 = DIRECTION ( 'NONE',  ( 1.000000000000000000, 0.000000000000000000, 0.000000000000000000 ) ) ;
#4209 = CARTESIAN_POINT ( 'NONE',  ( 0.7500000000000000000, 2.741759999999999753, -2.741759999999999753 ) ) ;
#4210 = DIRECTION ( 'NONE',  ( 0.000000000000000000, 0.000000000000000000, -1.000000000000000000 ) ) ;
#4211 = MECHANICAL_DESIGN_GEOMETRIC_PRESENTATION_REPRESENTATION (  '', ( #371 ), #884 ) ;
#4212 = EDGE_CURVE ( 'NONE', #4314, #1766, #3240, .T. ) ;
#4213 = EDGE_CURVE ( 'NONE', #2742, #3426, #1243, .T. ) ;
#4214 = PRESENTATION_LAYER_ASSIGNMENT (  '', '', ( #3760 ) ) ;
#4215 = SURFACE_STYLE_USAGE ( .BOTH. , #3072 ) ;
#4216 = CARTESIAN_POINT ( 'NONE',  ( 1.532369079381479704, 2.746759999999999646, -0.9104450990217833883 ) ) ;
#4217 = CARTESIAN_POINT ( 'NONE',  ( 1.944000000000006390, 2.746759999999999646, -1.429865641467908510 ) ) ;
#4218 = AXIS2_PLACEMENT_3D ( 'NONE', #3397, #3334, #89 ) ;
#4219 = EDGE_LOOP ( 'NONE', ( #2668, #4556, #4028 ) ) ;
#4220 = EDGE_LOOP ( 'NONE', ( #4093, #3653, #2930, #1450 ) ) ;
#4221 = CARTESIAN_POINT ( 'NONE',  ( 0.7500281936837365215, 2.740654780219224484, -2.696529121468274504 ) ) ;
#4222 = PRESENTATION_STYLE_ASSIGNMENT (( #2345 ) ) ;
#4223 = CARTESIAN_POINT ( 'NONE',  ( 1.532369079381479704, 2.746759999999999646, -0.8455874476530370609 ) ) ;
#4224 = DIRECTION ( 'NONE',  ( 0.000000000000000000, 1.000000000000000000, 0.000000000000000000 ) ) ;
#4225 = EDGE_LOOP ( 'NONE', ( #71, #1043, #2677, #1670, #163, #4075, #2055, #4029 ) ) ;
#4226 = DIRECTION ( 'NONE',  ( 0.2763173343569854667, 0.000000000000000000, -0.9610664548998939516 ) ) ;
#4227 = DIRECTION ( 'NONE',  ( 0.000000000000000000, -0.000000000000000000, -1.000000000000000000 ) ) ;
#4228 = CARTESIAN_POINT ( 'NONE',  ( 1.532369079381479704, 2.741759999999999753, -0.4682956089486576823 ) ) ;
#4229 = UNCERTAINTY_MEASURE_WITH_UNIT (LENGTH_MEASURE( 1.000000000000000082E-05 ), #2027, 'distance_accuracy_value', 'NONE');
#4230 = DIRECTION ( 'NONE',  ( 0.7083077534944018927, 0.000000000000000000, 0.7059037656364454127 ) ) ;
#4231 = LINE ( 'NONE', #2402, #2245 ) ;
#4232 =( NAMED_UNIT ( * ) SI_UNIT ( $, .STERADIAN. ) SOLID_ANGLE_UNIT ( ) );
#4233 = DIRECTION ( 'NONE',  ( 0.2762033010252007981, 0.000000000000000000, -0.9610992334315860974 ) ) ;
#4234 = FACE_OUTER_BOUND ( 'NONE', #397, .T. ) ;
#4235 = SURFACE_STYLE_FILL_AREA ( #938 ) ;
#4236 = CARTESIAN_POINT ( 'NONE',  ( 1.687297965358701246, 2.741759999999999753, -2.039673466595974816 ) ) ;
#4237 = DIRECTION ( 'NONE',  ( -0.000000000000000000, 0.000000000000000000, 1.000000000000000000 ) ) ;
#4238 = VERTEX_POINT ( 'NONE', #2544 ) ;
#4239 = CARTESIAN_POINT ( 'NONE',  ( 2.850000000000000089, 0.000000000000000000, -0.05824000000000020133 ) ) ;
#4240 = ORIENTED_EDGE ( 'NONE', *, *, #607, .T. ) ;
#4241 = CARTESIAN_POINT ( 'NONE',  ( 0.05824000000000020133, 2.799999999999999822, -2.741759999999999753 ) ) ;
#4242 = CARTESIAN_POINT ( 'NONE',  ( 0.6917600000000100335, 0.05823999999999999316, -0.05824000000000020133 ) ) ;
#4243 = FILL_AREA_STYLE_COLOUR ( '', #442 ) ;
#4244 = ORIENTED_EDGE ( 'NONE', *, *, #1727, .T. ) ;
#4245 =( GEOMETRIC_REPRESENTATION_CONTEXT ( 3 ) GLOBAL_UNCERTAINTY_ASSIGNED_CONTEXT ( ( #4269 ) ) GLOBAL_UNIT_ASSIGNED_CONTEXT ( ( #393, #2874, #2946 ) ) REPRESENTATION_CONTEXT ( 'NONE', 'WORKASPACE' ) );
#4246 = CARTESIAN_POINT ( 'NONE',  ( 1.532369079381479704, 2.746759999999999646, -1.214544228466160281 ) ) ;
#4247 = DIRECTION ( 'NONE',  ( -0.4668459304955137057, 0.000000000000000000, 0.8843386665637650301 ) ) ;
#4248 = PRESENTATION_STYLE_ASSIGNMENT (( #2886 ) ) ;
#4249 = EDGE_CURVE ( 'NONE', #4119, #498, #1083, .T. ) ;
#4250 = LINE ( 'NONE', #3111, #1882 ) ;
#4251 = DIRECTION ( 'NONE',  ( 1.000000000000000000, 0.000000000000000000, 0.000000000000000000 ) ) ;
#4252 = ORIENTED_EDGE ( 'NONE', *, *, #2604, .T. ) ;
#4253 = CARTESIAN_POINT ( 'NONE',  ( 1.865686967656117190, 2.746759999999999646, -1.159793944193151738 ) ) ;
#4254 = DIRECTION ( 'NONE',  ( 0.000000000000000000, 0.000000000000000000, 1.000000000000000000 ) ) ;
#4255 = PRODUCT_DEFINITION_FORMATION_WITH_SPECIFIED_SOURCE ( 'ANY', '', #1135, .NOT_KNOWN. ) ;
#4256 = EDGE_CURVE ( 'NONE', #1741, #493, #1782, .T. ) ;
#4257 = ORIENTED_EDGE ( 'NONE', *, *, #2456, .F. ) ;
#4258 = SURFACE_STYLE_USAGE ( .BOTH. , #632 ) ;
#4259 = VECTOR ( 'NONE', #647, 1000.000000000000000 ) ;
#4260 = VECTOR ( 'NONE', #3856, 1000.000000000000000 ) ;
#4261 = ORIENTED_EDGE ( 'NONE', *, *, #932, .F. ) ;
#4262 =( NAMED_UNIT ( * ) SI_UNIT ( $, .STERADIAN. ) SOLID_ANGLE_UNIT ( ) );
#4263 = ORIENTED_EDGE ( 'NONE', *, *, #3872, .F. ) ;
#4264 = DIRECTION ( 'NONE',  ( 0.000000000000000000, 0.000000000000000000, -1.000000000000000000 ) ) ;
#4265 = ADVANCED_FACE ( 'NONE', ( #2520 ), #4349, .T. ) ;
#4266 = ORIENTED_EDGE ( 'NONE', *, *, #1027, .F. ) ;
#4267 = FACE_OUTER_BOUND ( 'NONE', #3809, .T. ) ;
#4268 = PRESENTATION_STYLE_ASSIGNMENT (( #2092 ) ) ;
#4269 = UNCERTAINTY_MEASURE_WITH_UNIT (LENGTH_MEASURE( 1.000000000000000082E-05 ), #393, 'distance_accuracy_value', 'NONE');
#4270 = DIRECTION ( 'NONE',  ( 0.000000000000000000, -1.000000000000000000, 0.000000000000000000 ) ) ;
#4271 = CARTESIAN_POINT ( 'NONE',  ( 0.6917600000000100335, -1.082802241108935926E-14, -2.741759999999999753 ) ) ;
#4272 = ORIENTED_EDGE ( 'NONE', *, *, #2567, .T. ) ;
#4273 = LINE ( 'NONE', #3868, #1778 ) ;
#4274 = CARTESIAN_POINT ( 'NONE',  ( 0.000000000000000000, 0.05823999999999999316, -0.05823999999999999316 ) ) ;
#4275 = VECTOR ( 'NONE', #3732, 1000.000000000000000 ) ;
#4276 = VECTOR ( 'NONE', #1367, 1000.000000000000000 ) ;
#4277 = AXIS2_PLACEMENT_3D ( 'NONE', #3710, #2925, #2968 ) ;
#4278 = DIRECTION ( 'NONE',  ( 0.000000000000000000, 0.000000000000000000, 1.000000000000000000 ) ) ;
#4279 = CARTESIAN_POINT ( 'NONE',  ( 1.720495581945722385, 2.741759999999999753, -0.5311099949728128600 ) ) ;
#4280 = ORIENTED_EDGE ( 'NONE', *, *, #2207, .F. ) ;
#4281 = EDGE_CURVE ( 'NONE', #3026, #3364, #2185, .T. ) ;
#4282 = LINE ( 'NONE', #2431, #2598 ) ;
#4283 = AXIS2_PLACEMENT_3D ( 'NONE', #952, #888, #2036 ) ;
#4284 = VERTEX_POINT ( 'NONE', #3642 ) ;
#4285 =( NAMED_UNIT ( * ) SI_UNIT ( $, .STERADIAN. ) SOLID_ANGLE_UNIT ( ) );
#4286 = EDGE_LOOP ( 'NONE', ( #1505, #2817, #790 ) ) ;
#4287 = EDGE_CURVE ( 'NONE', #4150, #2962, #2659, .T. ) ;
#4288 = VECTOR ( 'NONE', #816, 1000.000000000000000 ) ;
#4289 = CARTESIAN_POINT ( 'NONE',  ( 1.944000000000006390, 2.741759999999999753, -2.103578002401880642 ) ) ;
#4290 = MECHANICAL_DESIGN_GEOMETRIC_PRESENTATION_REPRESENTATION (  '', ( #756 ), #2547 ) ;
#4291 = ORIENTED_EDGE ( 'NONE', *, *, #3981, .F. ) ;
#4292 = DIRECTION ( 'NONE',  ( -0.000000000000000000, -1.000000000000000000, -0.000000000000000000 ) ) ;
#4293 = DIRECTION ( 'NONE',  ( -0.004650693823668811989, 0.000000000000000000, 0.9999891854650021505 ) ) ;
#4294 = EDGE_CURVE ( 'NONE', #1331, #2099, #412, .T. ) ;
#4295 = CARTESIAN_POINT ( 'NONE',  ( 0.6917600000000100335, 0.05823999999999999316, -2.741759999999999753 ) ) ;
#4296 = CARTESIAN_POINT ( 'NONE',  ( 3.600000000000000089, 0.05823999999999999316, 0.000000000000000000 ) ) ;
#4297 = CARTESIAN_POINT ( 'NONE',  ( 1.611847357579664575, 2.741759999999999753, -2.199075594982799142 ) ) ;
#4298 = ORIENTED_EDGE ( 'NONE', *, *, #1889, .F. ) ;
#4299 = FACE_OUTER_BOUND ( 'NONE', #1674, .T. ) ;
#4300 = CARTESIAN_POINT ( 'NONE',  ( 0.7500014401605002989, 2.741520629182616187, -0.1103921568697333044 ) ) ;
#4301 = DIRECTION ( 'NONE',  ( 1.000000000000000000, 0.000000000000000000, 0.000000000000000000 ) ) ;
#4302 = DIRECTION ( 'NONE',  ( -0.9619530280415479195, 0.000000000000000000, -0.2732148821746301914 ) ) ;
#4303 = PLANE ( 'NONE',  #367 ) ;
#4304 = CARTESIAN_POINT ( 'NONE',  ( 3.600000000000000089, 0.000000000000000000, 0.000000000000000000 ) ) ;
#4305 = FACE_OUTER_BOUND ( 'NONE', #3569, .T. ) ;
#4306 = SURFACE_STYLE_USAGE ( .BOTH. , #3477 ) ;
#4307 = ORIENTED_EDGE ( 'NONE', *, *, #1100, .F. ) ;
#4308 = CARTESIAN_POINT ( 'NONE',  ( 0.7499956264635523340, 0.05895372992004457163, -2.692609876274625780 ) ) ;
#4309 = ORIENTED_EDGE ( 'NONE', *, *, #3118, .F. ) ;
#4310 = CARTESIAN_POINT ( 'NONE',  ( 2.852554106022254565, 2.724701898936304101, -0.07529810106369565215 ) ) ;
#4311 = FILL_AREA_STYLE ('',( #4243 ) ) ;
#4312 = EDGE_CURVE ( 'NONE', #2713, #2111, #186, .T. ) ;
#4313 = VERTEX_POINT ( 'NONE', #2565 ) ;
#4314 = VERTEX_POINT ( 'NONE', #4014 ) ;
#4315 = DIRECTION ( 'NONE',  ( 0.000000000000000000, 0.000000000000000000, 1.000000000000000000 ) ) ;
#4316 =( GEOMETRIC_REPRESENTATION_CONTEXT ( 3 ) GLOBAL_UNCERTAINTY_ASSIGNED_CONTEXT ( ( #1053 ) ) GLOBAL_UNIT_ASSIGNED_CONTEXT ( ( #4389, #567, #1647 ) ) REPRESENTATION_CONTEXT ( 'NONE', 'WORKASPACE' ) );
#4317 = FILL_AREA_STYLE ('',( #2865 ) ) ;
#4318 = UNCERTAINTY_MEASURE_WITH_UNIT (LENGTH_MEASURE( 1.000000000000000082E-05 ), #238, 'distance_accuracy_value', 'NONE');
#4319 = STYLED_ITEM ( 'NONE', ( #2754 ), #3879 ) ;
#4320 = SURFACE_STYLE_FILL_AREA ( #720 ) ;
#4321 = ORIENTED_EDGE ( 'NONE', *, *, #955, .F. ) ;
#4322 = DIRECTION ( 'NONE',  ( -0.9280290862136694185, 0.000000000000000000, 0.3725077383644825324 ) ) ;
#4323 = DIRECTION ( 'NONE',  ( 1.000000000000000000, 0.000000000000000000, -3.606871066604851507E-15 ) ) ;
#4324 = CARTESIAN_POINT ( 'NONE',  ( 0.7500281936837460695, 0.1034708785317262347, -2.740654780219225373 ) ) ;
#4325 = EDGE_CURVE ( 'NONE', #1587, #4338, #414, .T. ) ;
#4326 = CARTESIAN_POINT ( 'NONE',  ( 1.532369079381479704, 2.746759999999999646, -2.451850088074075895 ) ) ;
#4327 = AXIS2_PLACEMENT_3D ( 'NONE', #2495, #2141, #3596 ) ;
#4328 = DIRECTION ( 'NONE',  ( 0.2765379750249931101, 0.000000000000000000, -0.9610029908221286998 ) ) ;
#4329 = LINE ( 'NONE', #3975, #1236 ) ;
#4330 = CARTESIAN_POINT ( 'NONE',  ( 0.7495110761645458197, 2.733201842650407443, -2.714579188555792388 ) ) ;
#4331 = LINE ( 'NONE', #1089, #2261 ) ;
#4332 = SURFACE_SIDE_STYLE ('',( #1793 ) ) ;
#4333 = VECTOR ( 'NONE', #3367, 1000.000000000000000 ) ;
#4334 = ORIENTED_EDGE ( 'NONE', *, *, #3280, .T. ) ;
#4335 = DIRECTION ( 'NONE',  ( 1.000000000000000000, -0.000000000000000000, -0.000000000000000000 ) ) ;
#4336 = VERTEX_POINT ( 'NONE', #1393 ) ;
#4337 = CARTESIAN_POINT ( 'NONE',  ( 1.532369079381479704, 2.741759999999999753, -1.255601935242362188 ) ) ;
#4338 = VERTEX_POINT ( 'NONE', #4274 ) ;
#4339 = VERTEX_POINT ( 'NONE', #1033 ) ;
#4340 = CARTESIAN_POINT ( 'NONE',  ( 2.852554106022254565, 2.724701898936304101, -2.724701898936304101 ) ) ;
#4341 = DIRECTION ( 'NONE',  ( 1.000000000000000000, 0.000000000000000000, 0.000000000000000000 ) ) ;
#4342 = PRESENTATION_LAYER_ASSIGNMENT (  '', '', ( #2739 ) ) ;
#4343 = EDGE_CURVE ( 'NONE', #498, #2049, #2941, .T. ) ;
#4344 = CARTESIAN_POINT ( 'NONE',  ( 1.532369079381479704, 2.746759999999999646, -0.5855010684459950321 ) ) ;
#4345 = VECTOR ( 'NONE', #2691, 1000.000000000000000 ) ;
#4346 =( NAMED_UNIT ( * ) SI_UNIT ( $, .STERADIAN. ) SOLID_ANGLE_UNIT ( ) );
#4347 = EDGE_LOOP ( 'NONE', ( #4458, #3292, #3073 ) ) ;
#4348 = LINE ( 'NONE', #462, #678 ) ;
#4349 = CYLINDRICAL_SURFACE ( 'NONE', #563, 0.05824000000000020133 ) ;
#4350 = SURFACE_SIDE_STYLE ('',( #1394 ) ) ;
#4351 = VECTOR ( 'NONE', #1446, 1000.000000000000000 ) ;
#4352 = VECTOR ( 'NONE', #1417, 1000.000000000000000 ) ;
#4353 = LINE ( 'NONE', #1836, #3370 ) ;
#4354 = STYLED_ITEM ( 'NONE', ( #4101 ), #2778 ) ;
#4355 = LINE ( 'NONE', #2548, #1416 ) ;
#4356 = PRESENTATION_STYLE_ASSIGNMENT (( #3951 ) ) ;
#4357 = DIRECTION ( 'NONE',  ( -0.9601763114346046901, 0.000000000000000000, -0.2793947940814874298 ) ) ;
#4358 = VECTOR ( 'NONE', #441, 1000.000000000000000 ) ;
#4359 = EDGE_LOOP ( 'NONE', ( #1405, #232, #833, #3664 ) ) ;
#4360 = FACE_OUTER_BOUND ( 'NONE', #2321, .T. ) ;
#4361 = ORIENTED_EDGE ( 'NONE', *, *, #2944, .F. ) ;
#4362 = STYLED_ITEM ( 'NONE', ( #3923 ), #440 ) ;
#4363 = DIRECTION ( 'NONE',  ( 0.000000000000000000, 0.000000000000000000, 1.000000000000000000 ) ) ;
#4364 = VECTOR ( 'NONE', #3519, 1000.000000000000000 ) ;
#4365 = CIRCLE ( 'NONE', #2620, 0.05823999999999999316 ) ;
#4366 = EDGE_LOOP ( 'NONE', ( #1339, #3269, #3904, #150 ) ) ;
#4367 = CARTESIAN_POINT ( 'NONE',  ( 1.687297965358701246, 2.746759999999999646, -1.863024197635491763 ) ) ;
#4368 = UNCERTAINTY_MEASURE_WITH_UNIT (LENGTH_MEASURE( 1.000000000000000082E-05 ), #1517, 'distance_accuracy_value', 'NONE');
#4369 = MECHANICAL_DESIGN_GEOMETRIC_PRESENTATION_REPRESENTATION (  '', ( #3911 ), #4066 ) ;
#4370 = EDGE_CURVE ( 'NONE', #972, #1556, #551, .T. ) ;
#4371 = CYLINDRICAL_SURFACE ( 'NONE', #2194, 0.05823999999999998622 ) ;
#4372 = EDGE_LOOP ( 'NONE', ( #3361, #401, #1691, #1354 ) ) ;
#4373 = CARTESIAN_POINT ( 'NONE',  ( 2.850004373536457969, 2.741046270079955605, -2.692609876274624447 ) ) ;
#4374 = LINE ( 'NONE', #4083, #577 ) ;
#4375 = EDGE_CURVE ( 'NONE', #3501, #2172, #1308, .T. ) ;
#4376 = CARTESIAN_POINT ( 'NONE',  ( 1.944000000000006390, 2.741759999999999753, -1.623113718722069665 ) ) ;
#4377 = FILL_AREA_STYLE ('',( #3575 ) ) ;
#4378 = CARTESIAN_POINT ( 'NONE',  ( 2.852554106022254565, 0.07529810106369556888, -0.07529810106369576317 ) ) ;
#4379 = DIRECTION ( 'NONE',  ( 0.000000000000000000, 0.000000000000000000, -1.000000000000000000 ) ) ;
#4380 = VERTEX_POINT ( 'NONE', #2306 ) ;
#4381 = DIRECTION ( 'NONE',  ( -0.2759782365590690567, 0.000000000000000000, 0.9611638845408968512 ) ) ;
#4382 = ORIENTED_EDGE ( 'NONE', *, *, #3042, .T. ) ;
#4383 = CARTESIAN_POINT ( 'NONE',  ( 1.720495581945717278, 2.741759999999999753, -0.6534257646995780267 ) ) ;
#4384 = ADVANCED_FACE ( 'NONE', ( #1901 ), #861, .F. ) ;
#4385 = ORIENTED_EDGE ( 'NONE', *, *, #4604, .F. ) ;
#4386 = CARTESIAN_POINT ( 'NONE',  ( 2.851675510045258655, 2.721402159806213028, -2.727815163929700581 ) ) ;
#4387 = CARTESIAN_POINT ( 'NONE',  ( 1.611856304720737043, 2.746759999999999646, -2.429006833949353350 ) ) ;
#4388 = SURFACE_STYLE_USAGE ( .BOTH. , #798 ) ;
#4389 =( LENGTH_UNIT ( ) NAMED_UNIT ( * ) SI_UNIT ( .MILLI., .METRE. ) );
#4390 = VERTEX_POINT ( 'NONE', #1969 ) ;
#4391 = CARTESIAN_POINT ( 'NONE',  ( 1.611847357579664575, 2.746759999999999646, -2.199075594982799142 ) ) ;
#4392 = LINE ( 'NONE', #2240, #2061 ) ;
#4393 = SPHERICAL_SURFACE ( 'NONE', #3148, 0.05823999999999999316 ) ;
#4394 = EDGE_CURVE ( 'NONE', #2267, #3674, #506, .T. ) ;
#4395 = VECTOR ( 'NONE', #4048, 1000.000000000000000 ) ;
#4396 = CARTESIAN_POINT ( 'NONE',  ( 0.000000000000000000, 2.799999999999999822, -0.05823999999999999316 ) ) ;
#4397 = DIRECTION ( 'NONE',  ( 0.000000000000000000, 1.000000000000000000, -0.000000000000000000 ) ) ;
#4398 = CARTESIAN_POINT ( 'NONE',  ( 3.600000000000000089, 0.05823999999999999316, 0.000000000000000000 ) ) ;
#4399 = VECTOR ( 'NONE', #3471, 1000.000000000000227 ) ;
#4400 = DIRECTION ( 'NONE',  ( -0.000000000000000000, 0.000000000000000000, 1.000000000000000000 ) ) ;
#4401 = EDGE_CURVE ( 'NONE', #939, #4150, #4491, .T. ) ;
#4402 =( GEOMETRIC_REPRESENTATION_CONTEXT ( 3 ) GLOBAL_UNCERTAINTY_ASSIGNED_CONTEXT ( ( #4318 ) ) GLOBAL_UNIT_ASSIGNED_CONTEXT ( ( #238, #1704, #2791 ) ) REPRESENTATION_CONTEXT ( 'NONE', 'WORKASPACE' ) );
#4403 = EDGE_LOOP ( 'NONE', ( #308, #3783, #1819 ) ) ;
#4404 = CARTESIAN_POINT ( 'NONE',  ( 1.532369079381479704, 2.746759999999999646, -2.096629082234276797 ) ) ;
#4405 = ORIENTED_EDGE ( 'NONE', *, *, #1251, .T. ) ;
#4406 =( LENGTH_UNIT ( ) NAMED_UNIT ( * ) SI_UNIT ( .MILLI., .METRE. ) );
#4407 = VERTEX_POINT ( 'NONE', #2679 ) ;
#4408 = DIRECTION ( 'NONE',  ( 1.000000000000000000, 0.000000000000000000, -3.723221746172735870E-15 ) ) ;
#4409 = CARTESIAN_POINT ( 'NONE',  ( 2.908240000000000158, 2.741759999999999753, -2.741759999999999753 ) ) ;
#4410 = SURFACE_STYLE_USAGE ( .BOTH. , #2864 ) ;
#4411 = DIRECTION ( 'NONE',  ( -1.000000000000000000, 0.000000000000000000, 0.000000000000000000 ) ) ;
#4412 = CIRCLE ( 'NONE', #857, 0.05824000000000020133 ) ;
#4413 = MECHANICAL_DESIGN_GEOMETRIC_PRESENTATION_REPRESENTATION (  '', ( #858 ), #656 ) ;
#4414 = ORIENTED_EDGE ( 'NONE', *, *, #1316, .T. ) ;
#4415 = FILL_AREA_STYLE_COLOUR ( '', #4520 ) ;
#4416 = CARTESIAN_POINT ( 'NONE',  ( 0.6917600000000100335, 0.05823999999999999316, -2.741759999999999753 ) ) ;
#4417 = CARTESIAN_POINT ( 'NONE',  ( 0.7474458939777556266, 0.07529810106369590195, -2.724701898936304545 ) ) ;
#4418 = STYLED_ITEM ( 'NONE', ( #2363 ), #2349 ) ;
#4419 = DIRECTION ( 'NONE',  ( 0.000000000000000000, -3.606871066604838096E-15, 1.000000000000000000 ) ) ;
#4420 = SURFACE_STYLE_FILL_AREA ( #3017 ) ;
#4421 = DIRECTION ( 'NONE',  ( 0.000000000000000000, 0.000000000000000000, -1.000000000000000000 ) ) ;
#4422 = VECTOR ( 'NONE', #1343, 1000.000000000000114 ) ;
#4423 = CARTESIAN_POINT ( 'NONE',  ( 1.577535811012221290, 2.741759999999999753, -1.340669888712066493 ) ) ;
#4424 = STYLED_ITEM ( 'NONE', ( #4268 ), #2740 ) ;
#4425 = ORIENTED_EDGE ( 'NONE', *, *, #1121, .T. ) ;
#4426 =( NAMED_UNIT ( * ) SI_UNIT ( $, .STERADIAN. ) SOLID_ANGLE_UNIT ( ) );
#4427 = ORIENTED_EDGE ( 'NONE', *, *, #3684, .T. ) ;
#4428 = FILL_AREA_STYLE_COLOUR ( '', #1761 ) ;
#4429 = VECTOR ( 'NONE', #1810, 1000.000000000000000 ) ;
#4430 = ADVANCED_FACE ( 'NONE', ( #1158 ), #840, .T. ) ;
#4431 = VECTOR ( 'NONE', #1682, 1000.000000000000000 ) ;
#4432 = ORIENTED_EDGE ( 'NONE', *, *, #3478, .F. ) ;
#4433 = COLOUR_RGB ( '',0.7686274509803920907, 0.7686274509803920907, 0.7686274509803920907 ) ;
#4434 = ADVANCED_FACE ( 'NONE', ( #1513 ), #1558, .F. ) ;
#4435 = ORIENTED_EDGE ( 'NONE', *, *, #4637, .F. ) ;
#4436 = PRESENTATION_STYLE_ASSIGNMENT (( #429 ) ) ;
#4437 = DIRECTION ( 'NONE',  ( 0.000000000000000000, 0.000000000000000000, -1.000000000000000000 ) ) ;
#4438 = FACE_OUTER_BOUND ( 'NONE', #2665, .T. ) ;
#4439 = CIRCLE ( 'NONE', #2687, 0.05823999999999999316 ) ;
#4440 =( NAMED_UNIT ( * ) PLANE_ANGLE_UNIT ( ) SI_UNIT ( $, .RADIAN. ) );
#4441 = VECTOR ( 'NONE', #906, 1000.000000000000000 ) ;
#4442 = VERTEX_POINT ( 'NONE', #3034 ) ;
#4443 = CARTESIAN_POINT ( 'NONE',  ( 0.05824000000000020133, 2.741759999999999753, -2.741759999999999753 ) ) ;
#4444 = SURFACE_STYLE_USAGE ( .BOTH. , #84 ) ;
#4445 = CARTESIAN_POINT ( 'NONE',  ( 1.532369079381479704, 2.741759999999999753, -1.214544228466160281 ) ) ;
#4446 = VECTOR ( 'NONE', #901, 1000.000000000000000 ) ;
#4447 = CARTESIAN_POINT ( 'NONE',  ( 1.944000000000006390, 2.741759999999999753, -1.429865641467908510 ) ) ;
#4448 = AXIS2_PLACEMENT_3D ( 'NONE', #1255, #264, #627 ) ;
#4449 = DIRECTION ( 'NONE',  ( -0.05375259206908061804, 0.000000000000000000, 0.9985542843760949472 ) ) ;
#4450 = LINE ( 'NONE', #2664, #226 ) ;
#4451 = SURFACE_STYLE_USAGE ( .BOTH. , #4611 ) ;
#4452 = EDGE_LOOP ( 'NONE', ( #568, #942, #447, #2784 ) ) ;
#4453 = LINE ( 'NONE', #2268, #3858 ) ;
#4454 = EDGE_LOOP ( 'NONE', ( #4616, #3955, #1870, #2781 ) ) ;
#4455 = PRESENTATION_STYLE_ASSIGNMENT (( #3829 ) ) ;
#4456 = EDGE_CURVE ( 'NONE', #3579, #4664, #2329, .T. ) ;
#4457 = ORIENTED_EDGE ( 'NONE', *, *, #4294, .T. ) ;
#4458 = ORIENTED_EDGE ( 'NONE', *, *, #153, .F. ) ;
#4459 =( NAMED_UNIT ( * ) PLANE_ANGLE_UNIT ( ) SI_UNIT ( $, .RADIAN. ) );
#4460 = DIRECTION ( 'NONE',  ( 0.000000000000000000, -1.000000000000000000, 0.000000000000000000 ) ) ;
#4461 = AXIS2_PLACEMENT_3D ( 'NONE', #2808, #3925, #1013 ) ;
#4462 = FILL_AREA_STYLE_COLOUR ( '', #1104 ) ;
#4463 = ADVANCED_FACE ( 'NONE', ( #1229 ), #802, .F. ) ;
#4464 = ORIENTED_EDGE ( 'NONE', *, *, #334, .T. ) ;
#4465 = SURFACE_SIDE_STYLE ('',( #3392 ) ) ;
#4466 = DIRECTION ( 'NONE',  ( -0.6995643972270459976, 0.000000000000000000, -0.7145695586381775044 ) ) ;
#4467 = CARTESIAN_POINT ( 'NONE',  ( 2.850652693277696770, 0.06737132831336710426, -0.08458201944690885155 ) ) ;
#4468 = ADVANCED_FACE ( 'NONE', ( #1181 ), #1879, .F. ) ;
#4469 = CYLINDRICAL_SURFACE ( 'NONE', #1631, 0.05823999999999998622 ) ;
#4470 = SPHERICAL_SURFACE ( 'NONE', #4277, 0.05823999999999999316 ) ;
#4471 = FILL_AREA_STYLE_COLOUR ( '', #2201 ) ;
#4472 = PRESENTATION_STYLE_ASSIGNMENT (( #845 ) ) ;
#4473 = VECTOR ( 'NONE', #3875, 1000.000000000000000 ) ;
#4474 = EDGE_CURVE ( 'NONE', #4150, #4629, #745, .T. ) ;
#4475 = EDGE_CURVE ( 'NONE', #1976, #2713, #4518, .T. ) ;
#4476 = AXIS2_PLACEMENT_3D ( 'NONE', #3218, #4672, #1790 ) ;
#4477 = ORIENTED_EDGE ( 'NONE', *, *, #2079, .T. ) ;
#4478 = SURFACE_SIDE_STYLE ('',( #874 ) ) ;
#4479 = ORIENTED_EDGE ( 'NONE', *, *, #4604, .T. ) ;
#4480 =( NAMED_UNIT ( * ) PLANE_ANGLE_UNIT ( ) SI_UNIT ( $, .RADIAN. ) );
#4481 = STYLED_ITEM ( 'NONE', ( #3145 ), #4136 ) ;
#4482 = EDGE_LOOP ( 'NONE', ( #3362, #2975, #708, #3133 ) ) ;
#4483 = ORIENTED_EDGE ( 'NONE', *, *, #554, .T. ) ;
#4484 = AXIS2_PLACEMENT_3D ( 'NONE', #2015, #2064, #4227 ) ;
#4485 = CARTESIAN_POINT ( 'NONE',  ( 2.851675510045258655, 0.07859784019378684983, -0.07218483607029967108 ) ) ;
#4486 = DIRECTION ( 'NONE',  ( 0.000000000000000000, 0.000000000000000000, -1.000000000000000000 ) ) ;
#4487 = DIRECTION ( 'NONE',  ( 0.004650693823668813724, 0.000000000000000000, -0.9999891854650021505 ) ) ;
#4488 = CARTESIAN_POINT ( 'NONE',  ( 1.532369079381479704, 2.746759999999999646, -1.214544228466160281 ) ) ;
#4489 = VERTEX_POINT ( 'NONE', #2396 ) ;
#4490 = CARTESIAN_POINT ( 'NONE',  ( 2.908240000000000158, 0.000000000000000000, -2.799999999999999822 ) ) ;
#4491 = LINE ( 'NONE', #4127, #718 ) ;
#4492 = EDGE_CURVE ( 'NONE', #2610, #4606, #3815, .T. ) ;
#4493 = CARTESIAN_POINT ( 'NONE',  ( 2.850000000000000089, 0.000000000000000000, -2.741759999999999753 ) ) ;
#4494 = EDGE_CURVE ( 'NONE', #944, #421, #3486, .T. ) ;
#4495 = MECHANICAL_DESIGN_GEOMETRIC_PRESENTATION_REPRESENTATION (  '', ( #1841 ), #728 ) ;
#4496 = DIRECTION ( 'NONE',  ( 1.000000000000000000, -0.000000000000000000, 0.000000000000000000 ) ) ;
#4497 = PLANE ( 'NONE',  #2758 ) ;
#4498 = CARTESIAN_POINT ( 'NONE',  ( 0.6917600000000000415, 2.741759999999999753, -2.741759999999999753 ) ) ;
#4499 = ADVANCED_FACE ( 'NONE', ( #3511 ), #1641, .F. ) ;
#4500 = FILL_AREA_STYLE ('',( #4549 ) ) ;
#4501 = DIRECTION ( 'NONE',  ( 0.000000000000000000, 1.000000000000000000, 0.000000000000000000 ) ) ;
#4502 = EDGE_LOOP ( 'NONE', ( #2909, #4113, #2269, #2878 ) ) ;
#4503 = DIRECTION ( 'NONE',  ( 0.000000000000000000, 0.000000000000000000, -1.000000000000000000 ) ) ;
#4504 = EDGE_CURVE ( 'NONE', #4238, #3767, #4588, .T. ) ;
#4505 = ORIENTED_EDGE ( 'NONE', *, *, #3737, .T. ) ;
#4506 = DIRECTION ( 'NONE',  ( 0.000000000000000000, 0.000000000000000000, 1.000000000000000000 ) ) ;
#4507 = AXIS2_PLACEMENT_3D ( 'NONE', #3184, #3488, #2039 ) ;
#4508 = ORIENTED_EDGE ( 'NONE', *, *, #490, .T. ) ;
#4509 = LINE ( 'NONE', #1609, #2040 ) ;
#4510 =( GEOMETRIC_REPRESENTATION_CONTEXT ( 3 ) GLOBAL_UNCERTAINTY_ASSIGNED_CONTEXT ( ( #407 ) ) GLOBAL_UNIT_ASSIGNED_CONTEXT ( ( #1897, #4440, #170 ) ) REPRESENTATION_CONTEXT ( 'NONE', 'WORKASPACE' ) );
#4511 = ORIENTED_EDGE ( 'NONE', *, *, #1737, .F. ) ;
#4512 = LINE ( 'NONE', #3723, #2253 ) ;
#4513 =( NAMED_UNIT ( * ) PLANE_ANGLE_UNIT ( ) SI_UNIT ( $, .RADIAN. ) );
#4514 = LINE ( 'NONE', #904, #135 ) ;
#4515 = VECTOR ( 'NONE', #4621, 1000.000000000000000 ) ;
#4516 = ORIENTED_EDGE ( 'NONE', *, *, #3157, .F. ) ;
#4517 = CARTESIAN_POINT ( 'NONE',  ( 0.6917599999999998195, 2.741759999999999753, -2.799999999999999822 ) ) ;
#4518 = LINE ( 'NONE', #2441, #1381 ) ;
#4519 = VECTOR ( 'NONE', #2773, 1000.000000000000000 ) ;
#4520 = COLOUR_RGB ( '',0.7686274509803920907, 0.7686274509803920907, 0.7686274509803920907 ) ;
#4521 = EDGE_CURVE ( 'NONE', #1694, #1633, #2186, .T. ) ;
#4522 = CARTESIAN_POINT ( 'NONE',  ( 3.541759999999999575, 2.799999999999999822, -2.741759999999999753 ) ) ;
#4523 = VECTOR ( 'NONE', #4126, 1000.000000000000000 ) ;
#4524 = FACE_OUTER_BOUND ( 'NONE', #740, .T. ) ;
#4525 = ADVANCED_FACE ( 'NONE', ( #1362 ), #3109, .F. ) ;
#4526 = PRESENTATION_LAYER_ASSIGNMENT (  '', '', ( #155 ) ) ;
#4527 = ORIENTED_EDGE ( 'NONE', *, *, #597, .T. ) ;
#4528 = DIRECTION ( 'NONE',  ( -1.000000000000000000, 0.000000000000000000, 0.000000000000000000 ) ) ;
#4529 = ORIENTED_EDGE ( 'NONE', *, *, #747, .F. ) ;
#4530 = DIRECTION ( 'NONE',  ( 1.000000000000000000, 0.000000000000000000, 0.000000000000000000 ) ) ;
#4531 = ADVANCED_FACE ( 'NONE', ( #3086 ), #4543, .T. ) ;
#4532 = ORIENTED_EDGE ( 'NONE', *, *, #1453, .F. ) ;
#4533 = FACE_OUTER_BOUND ( 'NONE', #3238, .T. ) ;
#4534 = VERTEX_POINT ( 'NONE', #4008 ) ;
#4535 = CARTESIAN_POINT ( 'NONE',  ( 1.944000000000006390, 2.746759999999999646, -0.7919942905095858077 ) ) ;
#4536 =( LENGTH_UNIT ( ) NAMED_UNIT ( * ) SI_UNIT ( .MILLI., .METRE. ) );
#4537 = PLANE ( 'NONE',  #3662 ) ;
#4538 = CARTESIAN_POINT ( 'NONE',  ( 1.707904418361210430, 2.746759999999999646, -0.5351839751692804015 ) ) ;
#4539 = EDGE_CURVE ( 'NONE', #1313, #2811, #1050, .T. ) ;
#4540 = VECTOR ( 'NONE', #967, 1000.000000000000000 ) ;
#4541 = ORIENTED_EDGE ( 'NONE', *, *, #3785, .F. ) ;
#4542 = CARTESIAN_POINT ( 'NONE',  ( 0.7500000000000099920, -1.061118197659225996E-14, -2.741759999999999753 ) ) ;
#4543 = CYLINDRICAL_SURFACE ( 'NONE', #2056, 0.05824000000000020133 ) ;
#4544 = SURFACE_SIDE_STYLE ('',( #4177 ) ) ;
#4545 = CARTESIAN_POINT ( 'NONE',  ( 1.532369079381479704, 2.746759999999999646, -1.791051805255976292 ) ) ;
#4546 = DIRECTION ( 'NONE',  ( -0.2745159998572559434, 0.000000000000000000, 0.9615825319869174548 ) ) ;
#4547 =( NAMED_UNIT ( * ) SI_UNIT ( $, .STERADIAN. ) SOLID_ANGLE_UNIT ( ) );
#4548 = CARTESIAN_POINT ( 'NONE',  ( 1.532369079381479704, 2.746759999999999646, -0.7101235493540221100 ) ) ;
#4549 = FILL_AREA_STYLE_COLOUR ( '', #1795 ) ;
#4550 = DIRECTION ( 'NONE',  ( 0.000000000000000000, -1.000000000000000000, 0.000000000000000000 ) ) ;
#4551 = VECTOR ( 'NONE', #1876, 1000.000000000000114 ) ;
#4552 = ADVANCED_FACE ( 'NONE', ( #1457 ), #2559, .T. ) ;
#4553 = VECTOR ( 'NONE', #1522, 1000.000000000000114 ) ;
#4554 = EDGE_LOOP ( 'NONE', ( #1072, #2800, #2956 ) ) ;
#4555 = FACE_OUTER_BOUND ( 'NONE', #1260, .T. ) ;
#4556 = ORIENTED_EDGE ( 'NONE', *, *, #2461, .T. ) ;
#4557 = PLANE ( 'NONE',  #2443 ) ;
#4558 = AXIS2_PLACEMENT_3D ( 'NONE', #4498, #199, #2619 ) ;
#4559 = CARTESIAN_POINT ( 'NONE',  ( 1.944000000000006390, 2.746759999999999646, -1.235447311932450276 ) ) ;
#4560 = VECTOR ( 'NONE', #4466, 1000.000000000000000 ) ;
#4561 = ORIENTED_EDGE ( 'NONE', *, *, #3410, .F. ) ;
#4562 = SURFACE_STYLE_USAGE ( .BOTH. , #3464 ) ;
#4563 = SURFACE_SIDE_STYLE ('',( #2420 ) ) ;
#4564 = DIRECTION ( 'NONE',  ( 0.000000000000000000, 0.000000000000000000, -1.000000000000000000 ) ) ;
#4565 = UNCERTAINTY_MEASURE_WITH_UNIT (LENGTH_MEASURE( 1.000000000000000082E-05 ), #3801, 'distance_accuracy_value', 'NONE');
#4566 = SURFACE_STYLE_USAGE ( .BOTH. , #330 ) ;
#4567 = SURFACE_STYLE_USAGE ( .BOTH. , #3819 ) ;
#4568 = LINE ( 'NONE', #959, #4593 ) ;
#4569 = LINE ( 'NONE', #652, #4098 ) ;
#4570 = DIRECTION ( 'NONE',  ( 0.2762517575166369421, 0.000000000000000000, -0.9610853065513847993 ) ) ;
#4571 = STYLED_ITEM ( 'NONE', ( #930 ), #1910 ) ;
#4572 =( NAMED_UNIT ( * ) SI_UNIT ( $, .STERADIAN. ) SOLID_ANGLE_UNIT ( ) );
#4573 = SURFACE_SIDE_STYLE ('',( #4235 ) ) ;
#4574 = COLOUR_RGB ( '',0.7686274509803920907, 0.7686274509803920907, 0.7686274509803920907 ) ;
#4575 = ORIENTED_EDGE ( 'NONE', *, *, #1723, .F. ) ;
#4576 = CARTESIAN_POINT ( 'NONE',  ( 3.600000000000000089, 0.05823999999999999316, -0.05823999999999999316 ) ) ;
#4577 = PRESENTATION_LAYER_ASSIGNMENT (  '', '', ( #130 ) ) ;
#4578 = EDGE_CURVE ( 'NONE', #3385, #3435, #3564, .T. ) ;
#4579 = ORIENTED_EDGE ( 'NONE', *, *, #3478, .T. ) ;
#4580 = DIRECTION ( 'NONE',  ( 0.000000000000000000, 0.000000000000000000, -1.000000000000000000 ) ) ;
#4581 = ORIENTED_EDGE ( 'NONE', *, *, #2798, .T. ) ;
#4582 = CARTESIAN_POINT ( 'NONE',  ( 1.763380634529654323, 2.746759999999999646, -0.9607584374758031398 ) ) ;
#4583 = CYLINDRICAL_SURFACE ( 'NONE', #797, 0.05824000000000020133 ) ;
#4584 = AXIS2_PLACEMENT_3D ( 'NONE', #3818, #599, #4564 ) ;
#4585 = ADVANCED_FACE ( 'NONE', ( #3587 ), #2819, .F. ) ;
#4586 = VERTEX_POINT ( 'NONE', #1150 ) ;
#4587 = CARTESIAN_POINT ( 'NONE',  ( 1.610734679207226794, 2.741759999999999753, -1.885302797215325343 ) ) ;
#4588 = LINE ( 'NONE', #1989, #3037 ) ;
#4589 = LINE ( 'NONE', #3439, #2439 ) ;
#4590 = PRESENTATION_LAYER_ASSIGNMENT (  '', '', ( #744 ) ) ;
#4591 = DIRECTION ( 'NONE',  ( -0.2746918797667187162, 0.000000000000000000, 0.9615323037684312402 ) ) ;
#4592 = CARTESIAN_POINT ( 'NONE',  ( 0.05823999999999999316, 2.741759999999999753, -0.05823999999999999316 ) ) ;
#4593 = VECTOR ( 'NONE', #1349, 1000.000000000000000 ) ;
#4594 = MECHANICAL_DESIGN_GEOMETRIC_PRESENTATION_REPRESENTATION (  '', ( #1118 ), #886 ) ;
#4595 = CARTESIAN_POINT ( 'NONE',  ( 0.7500000000001026956, 0.1134407149924399616, -0.05823999999999501104 ) ) ;
#4596 = CYLINDRICAL_SURFACE ( 'NONE', #3926, 0.05823999999999998622 ) ;
#4597 = CARTESIAN_POINT ( 'NONE',  ( 1.944000000000006390, 2.746759999999999646, -1.623113718722069665 ) ) ;
#4598 = MECHANICAL_DESIGN_GEOMETRIC_PRESENTATION_REPRESENTATION (  '', ( #155 ), #3237 ) ;
#4599 = VERTEX_POINT ( 'NONE', #4387 ) ;
#4600 = ORIENTED_EDGE ( 'NONE', *, *, #3506, .T. ) ;
#4601 =( NAMED_UNIT ( * ) PLANE_ANGLE_UNIT ( ) SI_UNIT ( $, .RADIAN. ) );
#4602 = SURFACE_SIDE_STYLE ('',( #3202 ) ) ;
#4603 = CARTESIAN_POINT ( 'NONE',  ( 0.05824000000000020133, 0.000000000000000000, -2.741759999999999753 ) ) ;
#4604 = EDGE_CURVE ( 'NONE', #4168, #1179, #477, .T. ) ;
#4605 = SURFACE_SIDE_STYLE ('',( #3931 ) ) ;
#4606 = VERTEX_POINT ( 'NONE', #3347 ) ;
#4607 = CYLINDRICAL_SURFACE ( 'NONE', #1639, 0.05823999999999999316 ) ;
#4608 = CARTESIAN_POINT ( 'NONE',  ( 1.944000000000006390, 2.746759999999999646, -1.983651549899683841 ) ) ;
#4609 = CARTESIAN_POINT ( 'NONE',  ( 1.944000000000006390, 2.746759999999999646, -0.7460696939635345082 ) ) ;
#4610 = EDGE_CURVE ( 'NONE', #1448, #522, #1202, .T. ) ;
#4611 = SURFACE_SIDE_STYLE ('',( #3713 ) ) ;
#4612 = UNCERTAINTY_MEASURE_WITH_UNIT (LENGTH_MEASURE( 1.000000000000000082E-05 ), #3626, 'distance_accuracy_value', 'NONE');
#4613 = CARTESIAN_POINT ( 'NONE',  ( 2.908240000000000158, 2.741759999999999753, -2.741759999999999753 ) ) ;
#4614 = CLOSED_SHELL ( 'NONE', ( #1571, #3250, #4463, #765, #1946, #2212, #2146, #2337, #2783, #2709, #1468, #1965, #716 ) ) ;
#4615 = CARTESIAN_POINT ( 'NONE',  ( 1.532369079381479704, 2.746759999999999646, -0.4682956089486576823 ) ) ;
#4616 = ORIENTED_EDGE ( 'NONE', *, *, #427, .T. ) ;
#4617 = LINE ( 'NONE', #361, #2086 ) ;
#4618 = LINE ( 'NONE', #310, #1160 ) ;
#4619 = CARTESIAN_POINT ( 'NONE',  ( 2.850348140811131525, 0.09001860827637331308, -2.735401522221777348 ) ) ;
#4620 = EDGE_CURVE ( 'NONE', #3612, #203, #99, .T. ) ;
#4621 = DIRECTION ( 'NONE',  ( 0.000000000000000000, 0.000000000000000000, 1.000000000000000000 ) ) ;
#4622 = CARTESIAN_POINT ( 'NONE',  ( 0.7499553718791236445, 0.09543663598106028045, -0.06183509406618899196 ) ) ;
#4623 = CARTESIAN_POINT ( 'NONE',  ( 1.865686967656117190, 2.741759999999999753, -0.9316085170136499949 ) ) ;
#4624 = ADVANCED_FACE ( 'NONE', ( #2631 ), #1529, .T. ) ;
#4625 = FACE_OUTER_BOUND ( 'NONE', #3383, .T. ) ;
#4626 = VECTOR ( 'NONE', #1131, 1000.000000000000114 ) ;
#4627 = ORIENTED_EDGE ( 'NONE', *, *, #4005, .T. ) ;
#4628 = CARTESIAN_POINT ( 'NONE',  ( 0.6917600000000100335, 0.000000000000000000, -2.741759999999999753 ) ) ;
#4629 = VERTEX_POINT ( 'NONE', #1919 ) ;
#4630 = CARTESIAN_POINT ( 'NONE',  ( 1.944000000000006390, 2.741759999999999753, -0.6208239129099735187 ) ) ;
#4631 = MECHANICAL_DESIGN_GEOMETRIC_PRESENTATION_REPRESENTATION (  '', ( #2573 ), #1815 ) ;
#4632 = ORIENTED_EDGE ( 'NONE', *, *, #554, .F. ) ;
#4633 = MECHANICAL_DESIGN_GEOMETRIC_PRESENTATION_REPRESENTATION (  '', ( #112 ), #1375 ) ;
#4634 = CARTESIAN_POINT ( 'NONE',  ( 0.05824000000000020133, 2.741759999999999753, 0.000000000000000000 ) ) ;
#4635 = PRESENTATION_STYLE_ASSIGNMENT (( #2844 ) ) ;
#4636 = DIRECTION ( 'NONE',  ( -0.000000000000000000, -1.000000000000000000, 0.000000000000000000 ) ) ;
#4637 = EDGE_CURVE ( 'NONE', #4001, #3026, #525, .T. ) ;
#4638 = CARTESIAN_POINT ( 'NONE',  ( 1.610720911532859345, 2.741759999999999753, -1.004747407186507457 ) ) ;
#4639 = ORIENTED_EDGE ( 'NONE', *, *, #1409, .T. ) ;
#4640 = CARTESIAN_POINT ( 'NONE',  ( 1.575771045540717674, 2.746759999999999646, -1.624255184048812417 ) ) ;
#4641 = DIRECTION ( 'NONE',  ( -1.000000000000000000, 0.000000000000000000, 0.000000000000000000 ) ) ;
#4642 = CARTESIAN_POINT ( 'NONE',  ( 0.7499999999999997780, 0.1100196155029176531, -2.741759999999999753 ) ) ;
#4643 = EDGE_CURVE ( 'NONE', #4159, #3257, #1218, .T. ) ;
#4644 = LINE ( 'NONE', #1086, #4358 ) ;
#4645 = DIRECTION ( 'NONE',  ( 0.000000000000000000, -1.000000000000000000, 0.000000000000000000 ) ) ;
#4646 = ORIENTED_EDGE ( 'NONE', *, *, #3071, .F. ) ;
#4647 =( NAMED_UNIT ( * ) SI_UNIT ( $, .STERADIAN. ) SOLID_ANGLE_UNIT ( ) );
#4648 = VECTOR ( 'NONE', #1051, 1000.000000000000000 ) ;
#4649 = VECTOR ( 'NONE', #1530, 1000.000000000000227 ) ;
#4650 = ORIENTED_EDGE ( 'NONE', *, *, #3969, .F. ) ;
#4651 = PRESENTATION_STYLE_ASSIGNMENT (( #345 ) ) ;
#4652 = ORIENTED_EDGE ( 'NONE', *, *, #2164, .T. ) ;
#4653 = DIRECTION ( 'NONE',  ( 0.000000000000000000, 0.000000000000000000, -1.000000000000000000 ) ) ;
#4654 =( LENGTH_UNIT ( ) NAMED_UNIT ( * ) SI_UNIT ( .MILLI., .METRE. ) );
#4655 = AXIS2_PLACEMENT_3D ( 'NONE', #229, #4506, #1979 ) ;
#4656 = AXIS2_PLACEMENT_3D ( 'NONE', #1473, #726, #4379 ) ;
#4657 = ORIENTED_EDGE ( 'NONE', *, *, #2578, .F. ) ;
#4658 = LINE ( 'NONE', #4246, #3455 ) ;
#4659 =( LENGTH_UNIT ( ) NAMED_UNIT ( * ) SI_UNIT ( .MILLI., .METRE. ) );
#4660 = DIRECTION ( 'NONE',  ( -1.000000000000000000, 0.000000000000000000, 0.000000000000000000 ) ) ;
#4661 = UNCERTAINTY_MEASURE_WITH_UNIT (LENGTH_MEASURE( 1.000000000000000082E-05 ), #2399, 'distance_accuracy_value', 'NONE');
#4662 = STYLED_ITEM ( 'NONE', ( #1130 ), #2764 ) ;
#4663 = LINE ( 'NONE', #2095, #4352 ) ;
#4664 = VERTEX_POINT ( 'NONE', #4100 ) ;
#4665 = CARTESIAN_POINT ( 'NONE',  ( 3.541759999999999575, 2.741759999999999753, -0.05823999999999999316 ) ) ;
#4666 = CARTESIAN_POINT ( 'NONE',  ( 0.7499999999999997780, 0.1164800000000001529, -2.741759999999999753 ) ) ;
#4667 = PRESENTATION_LAYER_ASSIGNMENT (  '', '', ( #2609 ) ) ;
#4668 = UNCERTAINTY_MEASURE_WITH_UNIT (LENGTH_MEASURE( 1.000000000000000082E-05 ), #3264, 'distance_accuracy_value', 'NONE');
#4669 = AXIS2_PLACEMENT_3D ( 'NONE', #958, #4546, #2774 ) ;
#4670 = CARTESIAN_POINT ( 'NONE',  ( 1.610720911532859345, 2.741759999999999753, -1.192290661020161346 ) ) ;
#4671 =( NAMED_UNIT ( * ) PLANE_ANGLE_UNIT ( ) SI_UNIT ( $, .RADIAN. ) );
#4672 = DIRECTION ( 'NONE',  ( 0.000000000000000000, 0.000000000000000000, 1.000000000000000000 ) ) ;
#4673 = CARTESIAN_POINT ( 'NONE',  ( 1.532369079381479704, 2.741759999999999753, -2.451850088074075895 ) ) ;
#4674 = EDGE_CURVE ( 'NONE', #4313, #1331, #119, .T. ) ;
#4675 = STYLED_ITEM ( 'NONE', ( #302 ), #1164 ) ;
#4676 = ORIENTED_EDGE ( 'NONE', *, *, #2427, .T. ) ;
#4677 = DIRECTION ( 'NONE',  ( 1.000000000000000000, 0.000000000000000000, 0.000000000000000000 ) ) ;
#4678 = EDGE_LOOP ( 'NONE', ( #1463, #2459, #2579, #2005 ) ) ;
ENDSEC;
END-ISO-10303-21;
