ISO-10303-21;
HEADER;
FILE_DESCRIPTION(('CAx-IF Rec.Pracs.---Model Styling and Organization---1.5---2016-08-15','CAx-IF Rec.Pracs.---Geometric and Assembly Validation Properties---4.4---2016-08-17','CAx-IF Rec.Pracs.---User Defined Attributes---1.5---2016-08-15','CAx-IF Rec.Pracs.---External References---2.1---2005-01-19'),'2;1');
FILE_NAME('16764353.step','2026-01-30T19:45:21',('Unspecified'),('Unspecified'),'CAD Exchanger 3.10.2 (cadexchanger.com)','Unspecified','');
FILE_SCHEMA(('AUTOMOTIVE_DESIGN { 1 0 10303 214 1 1 1 1 }'));
ENDSEC;
DATA;
#1=APPLICATION_CONTEXT('core data for automotive mechanical design processes');
#2=APPLICATION_PROTOCOL_DEFINITION('international standard','automotive_design',2000,#1);
#3=PRODUCT_CONTEXT('',#1,'mechanical');
#4=PRODUCT('CAC_S_6.3X7.7_D6.8L8W0.75F0.3A6.8B6.8C7.8E2.8P2','CAC_S_6.3X7.7_D6.8L8W0.75F0.3A6.8B6.8C7.8E2.8P2',$,(#3));
#5=PRODUCT_DEFINITION_FORMATION('',$,#4);
#6=PRODUCT_DEFINITION_CONTEXT('part definition',#1,'design');
#7=PRODUCT_DEFINITION('design',$,#5,#6);
#8=PRODUCT_DEFINITION_SHAPE('',$,#7);
#9=MANIFOLD_SOLID_BREP('Fillet2',#10);
#10=CLOSED_SHELL('NONE',(#11,#131,#194,#264,#327,#383,#416,#449,#466,#483,#507,#531,#556,#573,#604,#637,#659,#690,#723,#745,#769,#787,#811,#825,#839,#870,#911,#935,#969,#986,#1003,#1034,#1065,#1099,#1123,#1150,#1167,#1179));
#11=ADVANCED_FACE('NONE',(#12),#126,.F.);
#12=FACE_BOUND('NONE',#13,.T.);
#13=EDGE_LOOP('',(#14,#24,#32,#40,#48,#56,#64,#72,#80,#88,#96,#104,#112,#120));
#14=ORIENTED_EDGE('',*,*,#15,.T.);
#15=EDGE_CURVE('NONE',#16,#18,#20,.F.);
#16=VERTEX_POINT('NONE',#17);
#17=CARTESIAN_POINT('',(6.8,0.0,-3.775));
#18=VERTEX_POINT('NONE',#19);
#19=CARTESIAN_POINT('',(4.4,0.0,-3.775));
#20=LINE('',#21,#22);
#21=CARTESIAN_POINT('',(4.4,0.0,-3.775));
#22=VECTOR('',#23,1.0);
#23=DIRECTION('',(1.0,0.0,-3.097720493E-16));
#24=ORIENTED_EDGE('',*,*,#25,.T.);
#25=EDGE_CURVE('NONE',#18,#26,#28,.T.);
#26=VERTEX_POINT('NONE',#27);
#27=CARTESIAN_POINT('',(4.4,0.0,-3.025));
#28=LINE('',#29,#30);
#29=CARTESIAN_POINT('',(4.4,0.0,-3.775));
#30=VECTOR('',#31,1.0);
#31=DIRECTION('',(0.0,0.0,1.0));
#32=ORIENTED_EDGE('',*,*,#33,.T.);
#33=EDGE_CURVE('NONE',#26,#34,#36,.T.);
#34=VERTEX_POINT('NONE',#35);
#35=CARTESIAN_POINT('',(6.8,0.0,-3.025));
#36=LINE('',#37,#38);
#37=CARTESIAN_POINT('',(4.4,0.0,-3.025));
#38=VECTOR('',#39,1.0);
#39=DIRECTION('',(1.0,0.0,-4.646580739E-16));
#40=ORIENTED_EDGE('',*,*,#41,.T.);
#41=EDGE_CURVE('NONE',#34,#42,#44,.F.);
#42=VERTEX_POINT('NONE',#43);
#43=CARTESIAN_POINT('',(6.8,0.0,-1.4994));
#44=LINE('',#45,#46);
#45=CARTESIAN_POINT('',(6.8,0.0,0.0));
#46=VECTOR('',#47,1.0);
#47=DIRECTION('',(0.0,0.0,-1.0));
#48=ORIENTED_EDGE('',*,*,#49,.T.);
#49=EDGE_CURVE('NONE',#42,#50,#52,.T.);
#50=VERTEX_POINT('NONE',#51);
#51=CARTESIAN_POINT('',(5.3006,0.0,0.0));
#52=LINE('',#53,#54);
#53=CARTESIAN_POINT('',(5.3006,0.0,0.0));
#54=VECTOR('',#55,1.0);
#55=DIRECTION('',(-0.707106781,0.0,0.707106781));
#56=ORIENTED_EDGE('',*,*,#57,.T.);
#57=EDGE_CURVE('NONE',#50,#58,#60,.F.);
#58=VERTEX_POINT('NONE',#59);
#59=CARTESIAN_POINT('',(0.0,0.0,0.0));
#60=LINE('',#61,#62);
#61=CARTESIAN_POINT('',(0.0,0.0,0.0));
#62=VECTOR('',#63,1.0);
#63=DIRECTION('',(1.0,0.0,0.0));
#64=ORIENTED_EDGE('',*,*,#65,.T.);
#65=EDGE_CURVE('NONE',#58,#66,#68,.T.);
#66=VERTEX_POINT('NONE',#67);
#67=CARTESIAN_POINT('',(0.0,0.0,-3.025));
#68=LINE('',#69,#70);
#69=CARTESIAN_POINT('',(0.0,0.0,0.0));
#70=VECTOR('',#71,1.0);
#71=DIRECTION('',(0.0,0.0,-1.0));
#72=ORIENTED_EDGE('',*,*,#73,.T.);
#73=EDGE_CURVE('NONE',#66,#74,#76,.F.);
#74=VERTEX_POINT('NONE',#75);
#75=CARTESIAN_POINT('',(2.4,0.0,-3.025));
#76=LINE('',#77,#78);
#77=CARTESIAN_POINT('',(2.4,0.0,-3.025));
#78=VECTOR('',#79,1.0);
#79=DIRECTION('',(-1.0,0.0,-4.646580739E-16));
#80=ORIENTED_EDGE('',*,*,#81,.T.);
#81=EDGE_CURVE('NONE',#74,#82,#84,.F.);
#82=VERTEX_POINT('NONE',#83);
#83=CARTESIAN_POINT('',(2.4,0.0,-3.775));
#84=LINE('',#85,#86);
#85=CARTESIAN_POINT('',(2.4,0.0,-3.775));
#86=VECTOR('',#87,1.0);
#87=DIRECTION('',(0.0,0.0,1.0));
#88=ORIENTED_EDGE('',*,*,#89,.T.);
#89=EDGE_CURVE('NONE',#82,#90,#92,.T.);
#90=VERTEX_POINT('NONE',#91);
#91=CARTESIAN_POINT('',(0.0,0.0,-3.775));
#92=LINE('',#93,#94);
#93=CARTESIAN_POINT('',(2.4,0.0,-3.775));
#94=VECTOR('',#95,1.0);
#95=DIRECTION('',(-1.0,0.0,-3.097720493E-16));
#96=ORIENTED_EDGE('',*,*,#97,.T.);
#97=EDGE_CURVE('NONE',#90,#98,#100,.T.);
#98=VERTEX_POINT('NONE',#99);
#99=CARTESIAN_POINT('',(0.0,0.0,-6.8));
#100=LINE('',#101,#102);
#101=CARTESIAN_POINT('',(0.0,0.0,0.0));
#102=VECTOR('',#103,1.0);
#103=DIRECTION('',(0.0,0.0,-1.0));
#104=ORIENTED_EDGE('',*,*,#105,.T.);
#105=EDGE_CURVE('NONE',#98,#106,#108,.T.);
#106=VERTEX_POINT('NONE',#107);
#107=CARTESIAN_POINT('',(5.3006,0.0,-6.8));
#108=LINE('',#109,#110);
#109=CARTESIAN_POINT('',(0.0,0.0,-6.8));
#110=VECTOR('',#111,1.0);
#111=DIRECTION('',(1.0,0.0,0.0));
#112=ORIENTED_EDGE('',*,*,#113,.T.);
#113=EDGE_CURVE('NONE',#106,#114,#116,.T.);
#114=VERTEX_POINT('NONE',#115);
#115=CARTESIAN_POINT('',(6.8,0.0,-5.3006));
#116=LINE('',#117,#118);
#117=CARTESIAN_POINT('',(6.8,0.0,-5.3006));
#118=VECTOR('',#119,1.0);
#119=DIRECTION('',(0.707106781,0.0,0.707106781));
#120=ORIENTED_EDGE('',*,*,#121,.T.);
#121=EDGE_CURVE('NONE',#114,#16,#122,.F.);
#122=LINE('',#123,#124);
#123=CARTESIAN_POINT('',(6.8,0.0,0.0));
#124=VECTOR('',#125,1.0);
#125=DIRECTION('',(0.0,0.0,-1.0));
#126=PLANE('',#127);
#127=AXIS2_PLACEMENT_3D('',#128,#129,#130);
#128=CARTESIAN_POINT('',(0.0,0.0,0.0));
#129=DIRECTION('',(0.0,1.0,0.0));
#130=DIRECTION('',(0.0,0.0,1.0));
#131=ADVANCED_FACE('NONE',(#132),#189,.F.);
#132=FACE_BOUND('NONE',#133,.T.);
#133=EDGE_LOOP('',(#134,#142,#150,#158,#166,#174,#182,#188));
#134=ORIENTED_EDGE('',*,*,#135,.T.);
#135=EDGE_CURVE('NONE',#50,#136,#138,.T.);
#136=VERTEX_POINT('NONE',#137);
#137=CARTESIAN_POINT('',(5.3006,1.333333333,0.0));
#138=LINE('',#139,#140);
#139=CARTESIAN_POINT('',(5.3006,0.0,0.0));
#140=VECTOR('',#141,1.0);
#141=DIRECTION('',(0.0,1.0,0.0));
#142=ORIENTED_EDGE('',*,*,#143,.T.);
#143=EDGE_CURVE('NONE',#136,#144,#146,.F.);
#144=VERTEX_POINT('NONE',#145);
#145=CARTESIAN_POINT('',(4.796424004,1.333333333,0.0));
#146=LINE('',#147,#148);
#147=CARTESIAN_POINT('',(4.796424004,1.333333333,0.0));
#148=VECTOR('',#149,1.0);
#149=DIRECTION('',(1.0,0.0,0.0));
#150=ORIENTED_EDGE('',*,*,#151,.T.);
#151=EDGE_CURVE('NONE',#144,#152,#154,.F.);
#152=VERTEX_POINT('NONE',#153);
#153=CARTESIAN_POINT('',(4.796424004,0.4,0.0));
#154=LINE('',#155,#156);
#155=CARTESIAN_POINT('',(4.796424004,0.4,0.0));
#156=VECTOR('',#157,1.0);
#157=DIRECTION('',(0.0,1.0,0.0));
#158=ORIENTED_EDGE('',*,*,#159,.T.);
#159=EDGE_CURVE('NONE',#152,#160,#162,.F.);
#160=VERTEX_POINT('NONE',#161);
#161=CARTESIAN_POINT('',(2.003575996,0.4,0.0));
#162=LINE('',#163,#164);
#163=CARTESIAN_POINT('',(0.0,0.4,0.0));
#164=VECTOR('',#165,1.0);
#165=DIRECTION('',(1.0,0.0,0.0));
#166=ORIENTED_EDGE('',*,*,#167,.T.);
#167=EDGE_CURVE('NONE',#160,#168,#170,.T.);
#168=VERTEX_POINT('NONE',#169);
#169=CARTESIAN_POINT('',(2.003575996,2.0,0.0));
#170=LINE('',#171,#172);
#171=CARTESIAN_POINT('',(2.003575996,0.4,0.0));
#172=VECTOR('',#173,1.0);
#173=DIRECTION('',(0.0,1.0,0.0));
#174=ORIENTED_EDGE('',*,*,#175,.T.);
#175=EDGE_CURVE('NONE',#168,#176,#178,.F.);
#176=VERTEX_POINT('NONE',#177);
#177=CARTESIAN_POINT('',(0.0,2.0,0.0));
#178=LINE('',#179,#180);
#179=CARTESIAN_POINT('',(0.0,2.0,0.0));
#180=VECTOR('',#181,1.0);
#181=DIRECTION('',(1.0,0.0,0.0));
#182=ORIENTED_EDGE('',*,*,#183,.T.);
#183=EDGE_CURVE('NONE',#176,#58,#184,.T.);
#184=LINE('',#185,#186);
#185=CARTESIAN_POINT('',(0.0,2.0,0.0));
#186=VECTOR('',#187,1.0);
#187=DIRECTION('',(0.0,-1.0,0.0));
#188=ORIENTED_EDGE('',*,*,#57,.F.);
#189=PLANE('',#190);
#190=AXIS2_PLACEMENT_3D('',#191,#192,#193);
#191=CARTESIAN_POINT('',(0.0,2.0,0.0));
#192=DIRECTION('',(0.0,0.0,-1.0));
#193=DIRECTION('',(-1.0,0.0,0.0));
#194=ADVANCED_FACE('NONE',(#195),#259,.F.);
#195=FACE_BOUND('NONE',#196,.T.);
#196=EDGE_LOOP('',(#197,#205,#213,#221,#229,#237,#245,#251,#252,#258));
#197=ORIENTED_EDGE('',*,*,#198,.T.);
#198=EDGE_CURVE('NONE',#114,#199,#201,.T.);
#199=VERTEX_POINT('NONE',#200);
#200=CARTESIAN_POINT('',(6.8,1.333333333,-5.3006));
#201=LINE('',#202,#203);
#202=CARTESIAN_POINT('',(6.8,0.0,-5.3006));
#203=VECTOR('',#204,1.0);
#204=DIRECTION('',(0.0,1.0,0.0));
#205=ORIENTED_EDGE('',*,*,#206,.T.);
#206=EDGE_CURVE('NONE',#199,#207,#209,.T.);
#207=VERTEX_POINT('NONE',#208);
#208=CARTESIAN_POINT('',(6.8,1.333333333,-4.796424004));
#209=LINE('',#210,#211);
#210=CARTESIAN_POINT('',(6.8,1.333333333,-6.8));
#211=VECTOR('',#212,1.0);
#212=DIRECTION('',(0.0,0.0,1.0));
#213=ORIENTED_EDGE('',*,*,#214,.T.);
#214=EDGE_CURVE('NONE',#207,#215,#217,.F.);
#215=VERTEX_POINT('NONE',#216);
#216=CARTESIAN_POINT('',(6.8,0.4,-4.796424004));
#217=LINE('',#218,#219);
#218=CARTESIAN_POINT('',(6.8,0.4,-4.796424004));
#219=VECTOR('',#220,1.0);
#220=DIRECTION('',(0.0,1.0,0.0));
#221=ORIENTED_EDGE('',*,*,#222,.T.);
#222=EDGE_CURVE('NONE',#215,#223,#225,.F.);
#223=VERTEX_POINT('NONE',#224);
#224=CARTESIAN_POINT('',(6.8,0.4,-2.003575996));
#225=LINE('',#226,#227);
#226=CARTESIAN_POINT('',(6.8,0.4,0.0));
#227=VECTOR('',#228,1.0);
#228=DIRECTION('',(0.0,0.0,-1.0));
#229=ORIENTED_EDGE('',*,*,#230,.T.);
#230=EDGE_CURVE('NONE',#223,#231,#233,.T.);
#231=VERTEX_POINT('NONE',#232);
#232=CARTESIAN_POINT('',(6.8,1.333333333,-2.003575996));
#233=LINE('',#234,#235);
#234=CARTESIAN_POINT('',(6.8,0.4,-2.003575996));
#235=VECTOR('',#236,1.0);
#236=DIRECTION('',(0.0,1.0,0.0));
#237=ORIENTED_EDGE('',*,*,#238,.T.);
#238=EDGE_CURVE('NONE',#231,#239,#241,.T.);
#239=VERTEX_POINT('NONE',#240);
#240=CARTESIAN_POINT('',(6.8,1.333333333,-1.4994));
#241=LINE('',#242,#243);
#242=CARTESIAN_POINT('',(6.8,1.333333333,-6.8));
#243=VECTOR('',#244,1.0);
#244=DIRECTION('',(0.0,0.0,1.0));
#245=ORIENTED_EDGE('',*,*,#246,.T.);
#246=EDGE_CURVE('NONE',#239,#42,#247,.F.);
#247=LINE('',#248,#249);
#248=CARTESIAN_POINT('',(6.8,0.0,-1.4994));
#249=VECTOR('',#250,1.0);
#250=DIRECTION('',(0.0,1.0,0.0));
#251=ORIENTED_EDGE('',*,*,#41,.F.);
#252=ORIENTED_EDGE('',*,*,#253,.T.);
#253=EDGE_CURVE('NONE',#34,#16,#254,.T.);
#254=LINE('',#255,#256);
#255=CARTESIAN_POINT('',(6.8,0.0,0.0));
#256=VECTOR('',#257,1.0);
#257=DIRECTION('',(0.0,0.0,-1.0));
#258=ORIENTED_EDGE('',*,*,#121,.F.);
#259=PLANE('',#260);
#260=AXIS2_PLACEMENT_3D('',#261,#262,#263);
#261=CARTESIAN_POINT('',(6.8,2.0,0.0));
#262=DIRECTION('',(-1.0,0.0,0.0));
#263=DIRECTION('',(0.0,0.0,1.0));
#264=ADVANCED_FACE('NONE',(#265),#322,.T.);
#265=FACE_BOUND('NONE',#266,.T.);
#266=EDGE_LOOP('',(#267,#277,#283,#284,#292,#300,#308,#316));
#267=ORIENTED_EDGE('',*,*,#268,.T.);
#268=EDGE_CURVE('NONE',#269,#271,#273,.T.);
#269=VERTEX_POINT('NONE',#270);
#270=CARTESIAN_POINT('',(4.796424004,1.333333333,-6.8));
#271=VERTEX_POINT('NONE',#272);
#272=CARTESIAN_POINT('',(5.3006,1.333333333,-6.8));
#273=LINE('',#274,#275);
#274=CARTESIAN_POINT('',(4.796424004,1.333333333,-6.8));
#275=VECTOR('',#276,1.0);
#276=DIRECTION('',(1.0,0.0,0.0));
#277=ORIENTED_EDGE('',*,*,#278,.T.);
#278=EDGE_CURVE('NONE',#271,#106,#279,.F.);
#279=LINE('',#280,#281);
#280=CARTESIAN_POINT('',(5.3006,0.0,-6.8));
#281=VECTOR('',#282,1.0);
#282=DIRECTION('',(0.0,1.0,0.0));
#283=ORIENTED_EDGE('',*,*,#105,.F.);
#284=ORIENTED_EDGE('',*,*,#285,.T.);
#285=EDGE_CURVE('NONE',#98,#286,#288,.F.);
#286=VERTEX_POINT('NONE',#287);
#287=CARTESIAN_POINT('',(0.0,2.0,-6.8));
#288=LINE('',#289,#290);
#289=CARTESIAN_POINT('',(0.0,2.0,-6.8));
#290=VECTOR('',#291,1.0);
#291=DIRECTION('',(0.0,-1.0,0.0));
#292=ORIENTED_EDGE('',*,*,#293,.T.);
#293=EDGE_CURVE('NONE',#286,#294,#296,.T.);
#294=VERTEX_POINT('NONE',#295);
#295=CARTESIAN_POINT('',(2.003575996,2.0,-6.8));
#296=LINE('',#297,#298);
#297=CARTESIAN_POINT('',(0.0,2.0,-6.8));
#298=VECTOR('',#299,1.0);
#299=DIRECTION('',(1.0,0.0,0.0));
#300=ORIENTED_EDGE('',*,*,#301,.T.);
#301=EDGE_CURVE('NONE',#294,#302,#304,.F.);
#302=VERTEX_POINT('NONE',#303);
#303=CARTESIAN_POINT('',(2.003575996,0.4,-6.8));
#304=LINE('',#305,#306);
#305=CARTESIAN_POINT('',(2.003575996,0.4,-6.8));
#306=VECTOR('',#307,1.0);
#307=DIRECTION('',(0.0,1.0,0.0));
#308=ORIENTED_EDGE('',*,*,#309,.T.);
#309=EDGE_CURVE('NONE',#302,#310,#312,.F.);
#310=VERTEX_POINT('NONE',#311);
#311=CARTESIAN_POINT('',(4.796424004,0.4,-6.8));
#312=LINE('',#313,#314);
#313=CARTESIAN_POINT('',(0.0,0.4,-6.8));
#314=VECTOR('',#315,1.0);
#315=DIRECTION('',(-1.0,0.0,0.0));
#316=ORIENTED_EDGE('',*,*,#317,.T.);
#317=EDGE_CURVE('NONE',#310,#269,#318,.T.);
#318=LINE('',#319,#320);
#319=CARTESIAN_POINT('',(4.796424004,0.4,-6.8));
#320=VECTOR('',#321,1.0);
#321=DIRECTION('',(0.0,1.0,0.0));
#322=PLANE('',#323);
#323=AXIS2_PLACEMENT_3D('',#324,#325,#326);
#324=CARTESIAN_POINT('',(0.0,2.0,-6.8));
#325=DIRECTION('',(0.0,0.0,-1.0));
#326=DIRECTION('',(-1.0,0.0,0.0));
#327=ADVANCED_FACE('NONE',(#328),#378,.T.);
#328=FACE_BOUND('NONE',#329,.T.);
#329=EDGE_LOOP('',(#330,#338,#346,#354,#362,#368,#369,#370,#376,#377));
#330=ORIENTED_EDGE('',*,*,#331,.T.);
#331=EDGE_CURVE('NONE',#176,#332,#334,.T.);
#332=VERTEX_POINT('NONE',#333);
#333=CARTESIAN_POINT('',(0.0,2.0,-2.003575996));
#334=LINE('',#335,#336);
#335=CARTESIAN_POINT('',(0.0,2.0,0.0));
#336=VECTOR('',#337,1.0);
#337=DIRECTION('',(0.0,0.0,-1.0));
#338=ORIENTED_EDGE('',*,*,#339,.T.);
#339=EDGE_CURVE('NONE',#332,#340,#342,.F.);
#340=VERTEX_POINT('NONE',#341);
#341=CARTESIAN_POINT('',(0.0,0.4,-2.003575996));
#342=LINE('',#343,#344);
#343=CARTESIAN_POINT('',(0.0,0.4,-2.003575996));
#344=VECTOR('',#345,1.0);
#345=DIRECTION('',(0.0,1.0,0.0));
#346=ORIENTED_EDGE('',*,*,#347,.T.);
#347=EDGE_CURVE('NONE',#340,#348,#350,.F.);
#348=VERTEX_POINT('NONE',#349);
#349=CARTESIAN_POINT('',(0.0,0.4,-4.796424004));
#350=LINE('',#351,#352);
#351=CARTESIAN_POINT('',(0.0,0.4,0.0));
#352=VECTOR('',#353,1.0);
#353=DIRECTION('',(0.0,0.0,1.0));
#354=ORIENTED_EDGE('',*,*,#355,.T.);
#355=EDGE_CURVE('NONE',#348,#356,#358,.T.);
#356=VERTEX_POINT('NONE',#357);
#357=CARTESIAN_POINT('',(0.0,2.0,-4.796424004));
#358=LINE('',#359,#360);
#359=CARTESIAN_POINT('',(0.0,0.4,-4.796424004));
#360=VECTOR('',#361,1.0);
#361=DIRECTION('',(0.0,1.0,0.0));
#362=ORIENTED_EDGE('',*,*,#363,.T.);
#363=EDGE_CURVE('NONE',#356,#286,#364,.T.);
#364=LINE('',#365,#366);
#365=CARTESIAN_POINT('',(0.0,2.0,0.0));
#366=VECTOR('',#367,1.0);
#367=DIRECTION('',(0.0,0.0,-1.0));
#368=ORIENTED_EDGE('',*,*,#285,.F.);
#369=ORIENTED_EDGE('',*,*,#97,.F.);
#370=ORIENTED_EDGE('',*,*,#371,.T.);
#371=EDGE_CURVE('NONE',#90,#66,#372,.F.);
#372=LINE('',#373,#374);
#373=CARTESIAN_POINT('',(0.0,0.0,0.0));
#374=VECTOR('',#375,1.0);
#375=DIRECTION('',(0.0,0.0,-1.0));
#376=ORIENTED_EDGE('',*,*,#65,.F.);
#377=ORIENTED_EDGE('',*,*,#183,.F.);
#378=PLANE('',#379);
#379=AXIS2_PLACEMENT_3D('',#380,#381,#382);
#380=CARTESIAN_POINT('',(0.0,2.0,0.0));
#381=DIRECTION('',(-1.0,0.0,0.0));
#382=DIRECTION('',(0.0,0.0,1.0));
#383=ADVANCED_FACE('NONE',(#384),#411,.T.);
#384=FACE_BOUND('NONE',#385,.T.);
#385=EDGE_LOOP('',(#386,#394,#403,#409,#410));
#386=ORIENTED_EDGE('',*,*,#387,.T.);
#387=EDGE_CURVE('NONE',#356,#388,#390,.F.);
#388=VERTEX_POINT('NONE',#389);
#389=CARTESIAN_POINT('',(0.3,2.0,-4.796424004));
#390=LINE('',#391,#392);
#391=CARTESIAN_POINT('',(0.0,2.0,-4.796424004));
#392=VECTOR('',#393,1.0);
#393=DIRECTION('',(-1.0,0.0,0.0));
#394=ORIENTED_EDGE('',*,*,#395,.T.);
#395=EDGE_CURVE('NONE',#388,#396,#398,.F.);
#396=VERTEX_POINT('NONE',#397);
#397=CARTESIAN_POINT('',(2.003575996,2.0,-6.5));
#398=CIRCLE('',#399,3.4);
#399=AXIS2_PLACEMENT_3D('',#400,#401,#402);
#400=CARTESIAN_POINT('',(3.4,2.0,-3.4));
#401=DIRECTION('',(0.0,1.0,0.0));
#402=DIRECTION('',(0.0,0.0,1.0));
#403=ORIENTED_EDGE('',*,*,#404,.T.);
#404=EDGE_CURVE('NONE',#396,#294,#405,.T.);
#405=LINE('',#406,#407);
#406=CARTESIAN_POINT('',(2.003575996,2.0,0.0));
#407=VECTOR('',#408,1.0);
#408=DIRECTION('',(0.0,0.0,-1.0));
#409=ORIENTED_EDGE('',*,*,#293,.F.);
#410=ORIENTED_EDGE('',*,*,#363,.F.);
#411=PLANE('',#412);
#412=AXIS2_PLACEMENT_3D('',#413,#414,#415);
#413=CARTESIAN_POINT('',(0.0,2.0,0.0));
#414=DIRECTION('',(0.0,1.0,0.0));
#415=DIRECTION('',(0.0,0.0,1.0));
#416=ADVANCED_FACE('NONE',(#417),#444,.T.);
#417=FACE_BOUND('NONE',#418,.T.);
#418=EDGE_LOOP('',(#419,#430,#436,#437,#438));
#419=ORIENTED_EDGE('',*,*,#420,.T.);
#420=EDGE_CURVE('NONE',#421,#423,#425,.F.);
#421=VERTEX_POINT('NONE',#422);
#422=CARTESIAN_POINT('',(2.003575996,2.0,-0.3));
#423=VERTEX_POINT('NONE',#424);
#424=CARTESIAN_POINT('',(0.3,2.0,-2.003575996));
#425=CIRCLE('',#426,3.4);
#426=AXIS2_PLACEMENT_3D('',#427,#428,#429);
#427=CARTESIAN_POINT('',(3.4,2.0,-3.4));
#428=DIRECTION('',(0.0,1.0,0.0));
#429=DIRECTION('',(0.0,0.0,1.0));
#430=ORIENTED_EDGE('',*,*,#431,.T.);
#431=EDGE_CURVE('NONE',#423,#332,#432,.T.);
#432=LINE('',#433,#434);
#433=CARTESIAN_POINT('',(0.0,2.0,-2.003575996));
#434=VECTOR('',#435,1.0);
#435=DIRECTION('',(-1.0,0.0,0.0));
#436=ORIENTED_EDGE('',*,*,#331,.F.);
#437=ORIENTED_EDGE('',*,*,#175,.F.);
#438=ORIENTED_EDGE('',*,*,#439,.T.);
#439=EDGE_CURVE('NONE',#168,#421,#440,.F.);
#440=LINE('',#441,#442);
#441=CARTESIAN_POINT('',(2.003575996,2.0,0.0));
#442=VECTOR('',#443,1.0);
#443=DIRECTION('',(0.0,0.0,1.0));
#444=PLANE('',#445);
#445=AXIS2_PLACEMENT_3D('',#446,#447,#448);
#446=CARTESIAN_POINT('',(0.0,2.0,0.0));
#447=DIRECTION('',(0.0,1.0,0.0));
#448=DIRECTION('',(0.0,0.0,1.0));
#449=ADVANCED_FACE('NONE',(#450),#461,.F.);
#450=FACE_BOUND('NONE',#451,.T.);
#451=EDGE_LOOP('',(#452,#453,#459,#460));
#452=ORIENTED_EDGE('',*,*,#278,.F.);
#453=ORIENTED_EDGE('',*,*,#454,.T.);
#454=EDGE_CURVE('NONE',#271,#199,#455,.T.);
#455=LINE('',#456,#457);
#456=CARTESIAN_POINT('',(6.8,1.333333333,-5.3006));
#457=VECTOR('',#458,1.0);
#458=DIRECTION('',(0.707106781,0.0,0.707106781));
#459=ORIENTED_EDGE('',*,*,#198,.F.);
#460=ORIENTED_EDGE('',*,*,#113,.F.);
#461=PLANE('',#462);
#462=AXIS2_PLACEMENT_3D('',#463,#464,#465);
#463=CARTESIAN_POINT('',(6.8,0.0,-5.3006));
#464=DIRECTION('',(-0.707106781,0.0,0.707106781));
#465=DIRECTION('',(0.707106781,0.0,0.707106781));
#466=ADVANCED_FACE('NONE',(#467),#478,.F.);
#467=FACE_BOUND('NONE',#468,.T.);
#468=EDGE_LOOP('',(#469,#470,#476,#477));
#469=ORIENTED_EDGE('',*,*,#246,.F.);
#470=ORIENTED_EDGE('',*,*,#471,.T.);
#471=EDGE_CURVE('NONE',#239,#136,#472,.T.);
#472=LINE('',#473,#474);
#473=CARTESIAN_POINT('',(5.3006,1.333333333,0.0));
#474=VECTOR('',#475,1.0);
#475=DIRECTION('',(-0.707106781,0.0,0.707106781));
#476=ORIENTED_EDGE('',*,*,#135,.F.);
#477=ORIENTED_EDGE('',*,*,#49,.F.);
#478=PLANE('',#479);
#479=AXIS2_PLACEMENT_3D('',#480,#481,#482);
#480=CARTESIAN_POINT('',(5.3006,0.0,0.0));
#481=DIRECTION('',(-0.707106781,0.0,-0.707106781));
#482=DIRECTION('',(-0.707106781,0.0,0.707106781));
#483=ADVANCED_FACE('NONE',(#484),#502,.T.);
#484=FACE_BOUND('NONE',#485,.T.);
#485=EDGE_LOOP('',(#486,#487,#495,#501));
#486=ORIENTED_EDGE('',*,*,#431,.F.);
#487=ORIENTED_EDGE('',*,*,#488,.T.);
#488=EDGE_CURVE('NONE',#423,#489,#491,.F.);
#489=VERTEX_POINT('NONE',#490);
#490=CARTESIAN_POINT('',(0.3,0.4,-2.003575996));
#491=LINE('',#492,#493);
#492=CARTESIAN_POINT('',(0.3,0.4,-2.003575996));
#493=VECTOR('',#494,1.0);
#494=DIRECTION('',(0.0,1.0,0.0));
#495=ORIENTED_EDGE('',*,*,#496,.T.);
#496=EDGE_CURVE('NONE',#489,#340,#497,.T.);
#497=LINE('',#498,#499);
#498=CARTESIAN_POINT('',(0.0,0.4,-2.003575996));
#499=VECTOR('',#500,1.0);
#500=DIRECTION('',(-1.0,0.0,0.0));
#501=ORIENTED_EDGE('',*,*,#339,.F.);
#502=PLANE('',#503);
#503=AXIS2_PLACEMENT_3D('',#504,#505,#506);
#504=CARTESIAN_POINT('',(0.0,0.4,-2.003575996));
#505=DIRECTION('',(0.0,0.0,-1.0));
#506=DIRECTION('',(-1.0,0.0,0.0));
#507=ADVANCED_FACE('NONE',(#508),#526,.F.);
#508=FACE_BOUND('NONE',#509,.T.);
#509=EDGE_LOOP('',(#510,#511,#512,#520));
#510=ORIENTED_EDGE('',*,*,#387,.F.);
#511=ORIENTED_EDGE('',*,*,#355,.F.);
#512=ORIENTED_EDGE('',*,*,#513,.T.);
#513=EDGE_CURVE('NONE',#348,#514,#516,.F.);
#514=VERTEX_POINT('NONE',#515);
#515=CARTESIAN_POINT('',(0.3,0.4,-4.796424004));
#516=LINE('',#517,#518);
#517=CARTESIAN_POINT('',(0.0,0.4,-4.796424004));
#518=VECTOR('',#519,1.0);
#519=DIRECTION('',(-1.0,0.0,0.0));
#520=ORIENTED_EDGE('',*,*,#521,.T.);
#521=EDGE_CURVE('NONE',#514,#388,#522,.T.);
#522=LINE('',#523,#524);
#523=CARTESIAN_POINT('',(0.3,0.4,-4.796424004));
#524=VECTOR('',#525,1.0);
#525=DIRECTION('',(0.0,1.0,0.0));
#526=PLANE('',#527);
#527=AXIS2_PLACEMENT_3D('',#528,#529,#530);
#528=CARTESIAN_POINT('',(0.0,0.4,-4.796424004));
#529=DIRECTION('',(0.0,0.0,-1.0));
#530=DIRECTION('',(-1.0,0.0,0.0));
#531=ADVANCED_FACE('NONE',(#532),#551,.F.);
#532=FACE_BOUND('NONE',#533,.T.);
#533=EDGE_LOOP('',(#534,#535,#536,#545));
#534=ORIENTED_EDGE('',*,*,#395,.F.);
#535=ORIENTED_EDGE('',*,*,#521,.F.);
#536=ORIENTED_EDGE('',*,*,#537,.T.);
#537=EDGE_CURVE('NONE',#514,#538,#540,.F.);
#538=VERTEX_POINT('NONE',#539);
#539=CARTESIAN_POINT('',(2.003575996,0.4,-6.5));
#540=CIRCLE('',#541,3.4);
#541=AXIS2_PLACEMENT_3D('',#542,#543,#544);
#542=CARTESIAN_POINT('',(3.4,0.4,-3.4));
#543=DIRECTION('',(0.0,1.0,0.0));
#544=DIRECTION('',(0.0,0.0,1.0));
#545=ORIENTED_EDGE('',*,*,#546,.T.);
#546=EDGE_CURVE('NONE',#538,#396,#547,.T.);
#547=LINE('',#548,#549);
#548=CARTESIAN_POINT('',(2.003575996,0.4,-6.5));
#549=VECTOR('',#550,1.0);
#550=DIRECTION('',(0.0,1.0,0.0));
#551=CYLINDRICAL_SURFACE('',#552,3.4);
#552=AXIS2_PLACEMENT_3D('',#553,#554,#555);
#553=CARTESIAN_POINT('',(3.4,0.4,-3.4));
#554=DIRECTION('',(0.0,1.0,0.0));
#555=DIRECTION('',(0.0,0.0,1.0));
#556=ADVANCED_FACE('NONE',(#557),#568,.T.);
#557=FACE_BOUND('NONE',#558,.T.);
#558=EDGE_LOOP('',(#559,#560,#561,#567));
#559=ORIENTED_EDGE('',*,*,#404,.F.);
#560=ORIENTED_EDGE('',*,*,#546,.F.);
#561=ORIENTED_EDGE('',*,*,#562,.T.);
#562=EDGE_CURVE('NONE',#538,#302,#563,.T.);
#563=LINE('',#564,#565);
#564=CARTESIAN_POINT('',(2.003575996,0.4,0.0));
#565=VECTOR('',#566,1.0);
#566=DIRECTION('',(0.0,0.0,-1.0));
#567=ORIENTED_EDGE('',*,*,#301,.F.);
#568=PLANE('',#569);
#569=AXIS2_PLACEMENT_3D('',#570,#571,#572);
#570=CARTESIAN_POINT('',(2.003575996,0.4,0.0));
#571=DIRECTION('',(1.0,0.0,0.0));
#572=DIRECTION('',(0.0,0.0,-1.0));
#573=ADVANCED_FACE('NONE',(#574),#599,.F.);
#574=FACE_BOUND('NONE',#575,.T.);
#575=EDGE_LOOP('',(#576,#586,#592,#593));
#576=ORIENTED_EDGE('',*,*,#577,.T.);
#577=EDGE_CURVE('NONE',#578,#580,#582,.T.);
#578=VERTEX_POINT('NONE',#579);
#579=CARTESIAN_POINT('',(4.796424004,0.4,-6.5));
#580=VERTEX_POINT('NONE',#581);
#581=CARTESIAN_POINT('',(4.796424004,1.333333333,-6.5));
#582=LINE('',#583,#584);
#583=CARTESIAN_POINT('',(4.796424004,0.4,-6.5));
#584=VECTOR('',#585,1.0);
#585=DIRECTION('',(0.0,1.0,0.0));
#586=ORIENTED_EDGE('',*,*,#587,.T.);
#587=EDGE_CURVE('NONE',#580,#269,#588,.F.);
#588=LINE('',#589,#590);
#589=CARTESIAN_POINT('',(4.796424004,1.333333333,-6.8));
#590=VECTOR('',#591,1.0);
#591=DIRECTION('',(0.0,0.0,1.0));
#592=ORIENTED_EDGE('',*,*,#317,.F.);
#593=ORIENTED_EDGE('',*,*,#594,.T.);
#594=EDGE_CURVE('NONE',#310,#578,#595,.F.);
#595=LINE('',#596,#597);
#596=CARTESIAN_POINT('',(4.796424004,0.4,0.0));
#597=VECTOR('',#598,1.0);
#598=DIRECTION('',(0.0,0.0,-1.0));
#599=PLANE('',#600);
#600=AXIS2_PLACEMENT_3D('',#601,#602,#603);
#601=CARTESIAN_POINT('',(4.796424004,0.4,0.0));
#602=DIRECTION('',(1.0,0.0,0.0));
#603=DIRECTION('',(0.0,0.0,-1.0));
#604=ADVANCED_FACE('NONE',(#605),#632,.F.);
#605=FACE_BOUND('NONE',#606,.T.);
#606=EDGE_LOOP('',(#607,#617,#624,#625));
#607=ORIENTED_EDGE('',*,*,#608,.T.);
#608=EDGE_CURVE('NONE',#609,#611,#613,.T.);
#609=VERTEX_POINT('NONE',#610);
#610=CARTESIAN_POINT('',(6.5,0.4,-4.796424004));
#611=VERTEX_POINT('NONE',#612);
#612=CARTESIAN_POINT('',(6.5,1.333333333,-4.796424004));
#613=LINE('',#614,#615);
#614=CARTESIAN_POINT('',(6.5,0.4,-4.796424004));
#615=VECTOR('',#616,1.0);
#616=DIRECTION('',(0.0,1.0,0.0));
#617=ORIENTED_EDGE('',*,*,#618,.T.);
#618=EDGE_CURVE('NONE',#611,#580,#619,.T.);
#619=CIRCLE('',#620,3.4);
#620=AXIS2_PLACEMENT_3D('',#621,#622,#623);
#621=CARTESIAN_POINT('',(3.4,1.333333333,-3.4));
#622=DIRECTION('',(0.0,1.0,0.0));
#623=DIRECTION('',(0.0,0.0,-1.0));
#624=ORIENTED_EDGE('',*,*,#577,.F.);
#625=ORIENTED_EDGE('',*,*,#626,.T.);
#626=EDGE_CURVE('NONE',#578,#609,#627,.F.);
#627=CIRCLE('',#628,3.4);
#628=AXIS2_PLACEMENT_3D('',#629,#630,#631);
#629=CARTESIAN_POINT('',(3.4,0.4,-3.4));
#630=DIRECTION('',(0.0,1.0,0.0));
#631=DIRECTION('',(0.0,0.0,1.0));
#632=CYLINDRICAL_SURFACE('',#633,3.4);
#633=AXIS2_PLACEMENT_3D('',#634,#635,#636);
#634=CARTESIAN_POINT('',(3.4,0.4,-3.4));
#635=DIRECTION('',(0.0,1.0,0.0));
#636=DIRECTION('',(0.0,0.0,1.0));
#637=ADVANCED_FACE('NONE',(#638),#654,.T.);
#638=FACE_BOUND('NONE',#639,.T.);
#639=EDGE_LOOP('',(#640,#646,#647,#653));
#640=ORIENTED_EDGE('',*,*,#641,.T.);
#641=EDGE_CURVE('NONE',#207,#611,#642,.F.);
#642=LINE('',#643,#644);
#643=CARTESIAN_POINT('',(0.0,1.333333333,-4.796424004));
#644=VECTOR('',#645,1.0);
#645=DIRECTION('',(1.0,0.0,0.0));
#646=ORIENTED_EDGE('',*,*,#608,.F.);
#647=ORIENTED_EDGE('',*,*,#648,.T.);
#648=EDGE_CURVE('NONE',#609,#215,#649,.T.);
#649=LINE('',#650,#651);
#650=CARTESIAN_POINT('',(0.0,0.4,-4.796424004));
#651=VECTOR('',#652,1.0);
#652=DIRECTION('',(1.0,0.0,0.0));
#653=ORIENTED_EDGE('',*,*,#214,.F.);
#654=PLANE('',#655);
#655=AXIS2_PLACEMENT_3D('',#656,#657,#658);
#656=CARTESIAN_POINT('',(0.0,0.4,-4.796424004));
#657=DIRECTION('',(0.0,0.0,1.0));
#658=DIRECTION('',(1.0,0.0,0.0));
#659=ADVANCED_FACE('NONE',(#660),#685,.F.);
#660=FACE_BOUND('NONE',#661,.T.);
#661=EDGE_LOOP('',(#662,#672,#678,#679));
#662=ORIENTED_EDGE('',*,*,#663,.T.);
#663=EDGE_CURVE('NONE',#664,#666,#668,.T.);
#664=VERTEX_POINT('NONE',#665);
#665=CARTESIAN_POINT('',(6.5,0.4,-2.003575996));
#666=VERTEX_POINT('NONE',#667);
#667=CARTESIAN_POINT('',(6.5,1.333333333,-2.003575996));
#668=LINE('',#669,#670);
#669=CARTESIAN_POINT('',(6.5,0.4,-2.003575996));
#670=VECTOR('',#671,1.0);
#671=DIRECTION('',(0.0,1.0,0.0));
#672=ORIENTED_EDGE('',*,*,#673,.T.);
#673=EDGE_CURVE('NONE',#666,#231,#674,.T.);
#674=LINE('',#675,#676);
#675=CARTESIAN_POINT('',(0.0,1.333333333,-2.003575996));
#676=VECTOR('',#677,1.0);
#677=DIRECTION('',(1.0,0.0,0.0));
#678=ORIENTED_EDGE('',*,*,#230,.F.);
#679=ORIENTED_EDGE('',*,*,#680,.T.);
#680=EDGE_CURVE('NONE',#223,#664,#681,.F.);
#681=LINE('',#682,#683);
#682=CARTESIAN_POINT('',(0.0,0.4,-2.003575996));
#683=VECTOR('',#684,1.0);
#684=DIRECTION('',(1.0,0.0,0.0));
#685=PLANE('',#686);
#686=AXIS2_PLACEMENT_3D('',#687,#688,#689);
#687=CARTESIAN_POINT('',(0.0,0.4,-2.003575996));
#688=DIRECTION('',(0.0,0.0,1.0));
#689=DIRECTION('',(1.0,0.0,0.0));
#690=ADVANCED_FACE('NONE',(#691),#718,.F.);
#691=FACE_BOUND('NONE',#692,.T.);
#692=EDGE_LOOP('',(#693,#703,#710,#711));
#693=ORIENTED_EDGE('',*,*,#694,.T.);
#694=EDGE_CURVE('NONE',#695,#697,#699,.T.);
#695=VERTEX_POINT('NONE',#696);
#696=CARTESIAN_POINT('',(4.796424004,0.4,-0.3));
#697=VERTEX_POINT('NONE',#698);
#698=CARTESIAN_POINT('',(4.796424004,1.333333333,-0.3));
#699=LINE('',#700,#701);
#700=CARTESIAN_POINT('',(4.796424004,0.4,-0.3));
#701=VECTOR('',#702,1.0);
#702=DIRECTION('',(0.0,1.0,0.0));
#703=ORIENTED_EDGE('',*,*,#704,.T.);
#704=EDGE_CURVE('NONE',#697,#666,#705,.T.);
#705=CIRCLE('',#706,3.4);
#706=AXIS2_PLACEMENT_3D('',#707,#708,#709);
#707=CARTESIAN_POINT('',(3.4,1.333333333,-3.4));
#708=DIRECTION('',(0.0,1.0,0.0));
#709=DIRECTION('',(1.785744755E-15,0.0,-1.0));
#710=ORIENTED_EDGE('',*,*,#663,.F.);
#711=ORIENTED_EDGE('',*,*,#712,.T.);
#712=EDGE_CURVE('NONE',#664,#695,#713,.F.);
#713=CIRCLE('',#714,3.4);
#714=AXIS2_PLACEMENT_3D('',#715,#716,#717);
#715=CARTESIAN_POINT('',(3.4,0.4,-3.4));
#716=DIRECTION('',(0.0,1.0,0.0));
#717=DIRECTION('',(0.0,0.0,1.0));
#718=CYLINDRICAL_SURFACE('',#719,3.4);
#719=AXIS2_PLACEMENT_3D('',#720,#721,#722);
#720=CARTESIAN_POINT('',(3.4,0.4,-3.4));
#721=DIRECTION('',(0.0,1.0,0.0));
#722=DIRECTION('',(0.0,0.0,1.0));
#723=ADVANCED_FACE('NONE',(#724),#740,.T.);
#724=FACE_BOUND('NONE',#725,.T.);
#725=EDGE_LOOP('',(#726,#732,#733,#739));
#726=ORIENTED_EDGE('',*,*,#727,.T.);
#727=EDGE_CURVE('NONE',#144,#697,#728,.F.);
#728=LINE('',#729,#730);
#729=CARTESIAN_POINT('',(4.796424004,1.333333333,0.0));
#730=VECTOR('',#731,1.0);
#731=DIRECTION('',(0.0,0.0,1.0));
#732=ORIENTED_EDGE('',*,*,#694,.F.);
#733=ORIENTED_EDGE('',*,*,#734,.T.);
#734=EDGE_CURVE('NONE',#695,#152,#735,.T.);
#735=LINE('',#736,#737);
#736=CARTESIAN_POINT('',(4.796424004,0.4,0.0));
#737=VECTOR('',#738,1.0);
#738=DIRECTION('',(0.0,0.0,1.0));
#739=ORIENTED_EDGE('',*,*,#151,.F.);
#740=PLANE('',#741);
#741=AXIS2_PLACEMENT_3D('',#742,#743,#744);
#742=CARTESIAN_POINT('',(4.796424004,0.4,0.0));
#743=DIRECTION('',(-1.0,0.0,0.0));
#744=DIRECTION('',(0.0,0.0,1.0));
#745=ADVANCED_FACE('NONE',(#746),#764,.F.);
#746=FACE_BOUND('NONE',#747,.T.);
#747=EDGE_LOOP('',(#748,#749,#750,#758));
#748=ORIENTED_EDGE('',*,*,#439,.F.);
#749=ORIENTED_EDGE('',*,*,#167,.F.);
#750=ORIENTED_EDGE('',*,*,#751,.T.);
#751=EDGE_CURVE('NONE',#160,#752,#754,.F.);
#752=VERTEX_POINT('NONE',#753);
#753=CARTESIAN_POINT('',(2.003575996,0.4,-0.3));
#754=LINE('',#755,#756);
#755=CARTESIAN_POINT('',(2.003575996,0.4,0.0));
#756=VECTOR('',#757,1.0);
#757=DIRECTION('',(0.0,0.0,1.0));
#758=ORIENTED_EDGE('',*,*,#759,.T.);
#759=EDGE_CURVE('NONE',#752,#421,#760,.T.);
#760=LINE('',#761,#762);
#761=CARTESIAN_POINT('',(2.003575996,0.4,-0.3));
#762=VECTOR('',#763,1.0);
#763=DIRECTION('',(0.0,1.0,0.0));
#764=PLANE('',#765);
#765=AXIS2_PLACEMENT_3D('',#766,#767,#768);
#766=CARTESIAN_POINT('',(2.003575996,0.4,0.0));
#767=DIRECTION('',(-1.0,0.0,0.0));
#768=DIRECTION('',(0.0,0.0,1.0));
#769=ADVANCED_FACE('NONE',(#770),#782,.F.);
#770=FACE_BOUND('NONE',#771,.T.);
#771=EDGE_LOOP('',(#772,#773,#774,#781));
#772=ORIENTED_EDGE('',*,*,#420,.F.);
#773=ORIENTED_EDGE('',*,*,#759,.F.);
#774=ORIENTED_EDGE('',*,*,#775,.T.);
#775=EDGE_CURVE('NONE',#752,#489,#776,.F.);
#776=CIRCLE('',#777,3.4);
#777=AXIS2_PLACEMENT_3D('',#778,#779,#780);
#778=CARTESIAN_POINT('',(3.4,0.4,-3.4));
#779=DIRECTION('',(0.0,1.0,0.0));
#780=DIRECTION('',(0.0,0.0,1.0));
#781=ORIENTED_EDGE('',*,*,#488,.F.);
#782=CYLINDRICAL_SURFACE('',#783,3.4);
#783=AXIS2_PLACEMENT_3D('',#784,#785,#786);
#784=CARTESIAN_POINT('',(3.4,0.4,-3.4));
#785=DIRECTION('',(0.0,1.0,0.0));
#786=DIRECTION('',(0.0,0.0,1.0));
#787=ADVANCED_FACE('NONE',(#788),#806,.T.);
#788=FACE_BOUND('NONE',#789,.T.);
#789=EDGE_LOOP('',(#790,#791,#792,#793,#794,#795,#796,#797,#798,#799,#800,#801,#802,#803,#804,#805));
#790=ORIENTED_EDGE('',*,*,#496,.F.);
#791=ORIENTED_EDGE('',*,*,#775,.F.);
#792=ORIENTED_EDGE('',*,*,#751,.F.);
#793=ORIENTED_EDGE('',*,*,#159,.F.);
#794=ORIENTED_EDGE('',*,*,#734,.F.);
#795=ORIENTED_EDGE('',*,*,#712,.F.);
#796=ORIENTED_EDGE('',*,*,#680,.F.);
#797=ORIENTED_EDGE('',*,*,#222,.F.);
#798=ORIENTED_EDGE('',*,*,#648,.F.);
#799=ORIENTED_EDGE('',*,*,#626,.F.);
#800=ORIENTED_EDGE('',*,*,#594,.F.);
#801=ORIENTED_EDGE('',*,*,#309,.F.);
#802=ORIENTED_EDGE('',*,*,#562,.F.);
#803=ORIENTED_EDGE('',*,*,#537,.F.);
#804=ORIENTED_EDGE('',*,*,#513,.F.);
#805=ORIENTED_EDGE('',*,*,#347,.F.);
#806=PLANE('',#807);
#807=AXIS2_PLACEMENT_3D('',#808,#809,#810);
#808=CARTESIAN_POINT('',(0.0,0.4,0.0));
#809=DIRECTION('',(0.0,1.0,0.0));
#810=DIRECTION('',(0.0,0.0,1.0));
#811=ADVANCED_FACE('NONE',(#812),#820,.F.);
#812=FACE_BOUND('NONE',#813,.T.);
#813=EDGE_LOOP('',(#814,#815,#816,#817,#818,#819));
#814=ORIENTED_EDGE('',*,*,#238,.F.);
#815=ORIENTED_EDGE('',*,*,#673,.F.);
#816=ORIENTED_EDGE('',*,*,#704,.F.);
#817=ORIENTED_EDGE('',*,*,#727,.F.);
#818=ORIENTED_EDGE('',*,*,#143,.F.);
#819=ORIENTED_EDGE('',*,*,#471,.F.);
#820=PLANE('',#821);
#821=AXIS2_PLACEMENT_3D('',#822,#823,#824);
#822=CARTESIAN_POINT('',(4.796424004,1.333333333,-6.8));
#823=DIRECTION('',(0.0,-1.0,0.0));
#824=DIRECTION('',(0.0,0.0,-1.0));
#825=ADVANCED_FACE('NONE',(#826),#834,.F.);
#826=FACE_BOUND('NONE',#827,.T.);
#827=EDGE_LOOP('',(#828,#829,#830,#831,#832,#833));
#828=ORIENTED_EDGE('',*,*,#268,.F.);
#829=ORIENTED_EDGE('',*,*,#587,.F.);
#830=ORIENTED_EDGE('',*,*,#618,.F.);
#831=ORIENTED_EDGE('',*,*,#641,.F.);
#832=ORIENTED_EDGE('',*,*,#206,.F.);
#833=ORIENTED_EDGE('',*,*,#454,.F.);
#834=PLANE('',#835);
#835=AXIS2_PLACEMENT_3D('',#836,#837,#838);
#836=CARTESIAN_POINT('',(4.796424004,1.333333333,-6.8));
#837=DIRECTION('',(0.0,-1.0,0.0));
#838=DIRECTION('',(0.0,0.0,-1.0));
#839=ADVANCED_FACE('NONE',(#840),#865,.F.);
#840=FACE_BOUND('NONE',#841,.T.);
#841=EDGE_LOOP('',(#842,#850,#851,#859));
#842=ORIENTED_EDGE('',*,*,#843,.T.);
#843=EDGE_CURVE('NONE',#844,#66,#846,.F.);
#844=VERTEX_POINT('NONE',#845);
#845=CARTESIAN_POINT('',(-0.4,0.0,-3.025));
#846=LINE('',#847,#848);
#847=CARTESIAN_POINT('',(2.4,0.0,-3.025));
#848=VECTOR('',#849,1.0);
#849=DIRECTION('',(-1.0,0.0,-4.646580739E-16));
#850=ORIENTED_EDGE('',*,*,#371,.F.);
#851=ORIENTED_EDGE('',*,*,#852,.T.);
#852=EDGE_CURVE('NONE',#90,#853,#855,.T.);
#853=VERTEX_POINT('NONE',#854);
#854=CARTESIAN_POINT('',(-0.4,0.0,-3.775));
#855=LINE('',#856,#857);
#856=CARTESIAN_POINT('',(2.4,0.0,-3.775));
#857=VECTOR('',#858,1.0);
#858=DIRECTION('',(-1.0,0.0,-3.097720493E-16));
#859=ORIENTED_EDGE('',*,*,#860,.T.);
#860=EDGE_CURVE('NONE',#853,#844,#861,.T.);
#861=LINE('',#862,#863);
#862=CARTESIAN_POINT('',(-0.4,0.0,-3.775));
#863=VECTOR('',#864,1.0);
#864=DIRECTION('',(0.0,0.0,1.0));
#865=PLANE('',#866);
#866=AXIS2_PLACEMENT_3D('',#867,#868,#869);
#867=CARTESIAN_POINT('',(0.0,0.0,0.0));
#868=DIRECTION('',(0.0,-1.0,0.0));
#869=DIRECTION('',(0.0,0.0,-1.0));
#870=ADVANCED_FACE('NONE',(#871),#906,.F.);
#871=FACE_BOUND('NONE',#872,.T.);
#872=EDGE_LOOP('',(#873,#883,#892,#898,#899,#900));
#873=ORIENTED_EDGE('',*,*,#874,.T.);
#874=EDGE_CURVE('NONE',#875,#877,#879,.F.);
#875=VERTEX_POINT('NONE',#876);
#876=CARTESIAN_POINT('',(-0.4,-0.3,-3.025));
#877=VERTEX_POINT('NONE',#878);
#878=CARTESIAN_POINT('',(2.2,-0.3,-3.025));
#879=LINE('',#880,#881);
#880=CARTESIAN_POINT('',(2.4,-0.3,-3.025));
#881=VECTOR('',#882,1.0);
#882=DIRECTION('',(-1.0,0.0,-4.646580739E-16));
#883=ORIENTED_EDGE('',*,*,#884,.T.);
#884=EDGE_CURVE('NONE',#877,#885,#887,.T.);
#885=VERTEX_POINT('NONE',#886);
#886=CARTESIAN_POINT('',(2.4,-0.1,-3.025));
#887=CIRCLE('',#888,0.2);
#888=AXIS2_PLACEMENT_3D('',#889,#890,#891);
#889=CARTESIAN_POINT('',(2.2,-0.1,-3.025));
#890=DIRECTION('',(-4.646580739E-16,0.0,1.0));
#891=DIRECTION('',(-1.0,0.0,-4.646580739E-16));
#892=ORIENTED_EDGE('',*,*,#893,.T.);
#893=EDGE_CURVE('NONE',#885,#74,#894,.T.);
#894=LINE('',#895,#896);
#895=CARTESIAN_POINT('',(2.4,-0.3,-3.025));
#896=VECTOR('',#897,1.0);
#897=DIRECTION('',(0.0,1.0,0.0));
#898=ORIENTED_EDGE('',*,*,#73,.F.);
#899=ORIENTED_EDGE('',*,*,#843,.F.);
#900=ORIENTED_EDGE('',*,*,#901,.T.);
#901=EDGE_CURVE('NONE',#844,#875,#902,.F.);
#902=LINE('',#903,#904);
#903=CARTESIAN_POINT('',(-0.4,-0.3,-3.025));
#904=VECTOR('',#905,1.0);
#905=DIRECTION('',(0.0,1.0,0.0));
#906=PLANE('',#907);
#907=AXIS2_PLACEMENT_3D('',#908,#909,#910);
#908=CARTESIAN_POINT('',(2.4,-0.3,-3.025));
#909=DIRECTION('',(4.646580739E-16,0.0,-1.0));
#910=DIRECTION('',(-1.0,0.0,-4.646580739E-16));
#911=ADVANCED_FACE('NONE',(#912),#930,.T.);
#912=FACE_BOUND('NONE',#913,.T.);
#913=EDGE_LOOP('',(#914,#915,#923,#929));
#914=ORIENTED_EDGE('',*,*,#860,.F.);
#915=ORIENTED_EDGE('',*,*,#916,.T.);
#916=EDGE_CURVE('NONE',#853,#917,#919,.F.);
#917=VERTEX_POINT('NONE',#918);
#918=CARTESIAN_POINT('',(-0.4,-0.3,-3.775));
#919=LINE('',#920,#921);
#920=CARTESIAN_POINT('',(-0.4,-0.3,-3.775));
#921=VECTOR('',#922,1.0);
#922=DIRECTION('',(0.0,1.0,0.0));
#923=ORIENTED_EDGE('',*,*,#924,.T.);
#924=EDGE_CURVE('NONE',#917,#875,#925,.T.);
#925=LINE('',#926,#927);
#926=CARTESIAN_POINT('',(-0.4,-0.3,-3.775));
#927=VECTOR('',#928,1.0);
#928=DIRECTION('',(0.0,0.0,1.0));
#929=ORIENTED_EDGE('',*,*,#901,.F.);
#930=PLANE('',#931);
#931=AXIS2_PLACEMENT_3D('',#932,#933,#934);
#932=CARTESIAN_POINT('',(-0.4,-0.3,-3.775));
#933=DIRECTION('',(-1.0,0.0,0.0));
#934=DIRECTION('',(0.0,0.0,1.0));
#935=ADVANCED_FACE('NONE',(#936),#964,.T.);
#936=FACE_BOUND('NONE',#937,.T.);
#937=EDGE_LOOP('',(#938,#946,#955,#961,#962,#963));
#938=ORIENTED_EDGE('',*,*,#939,.T.);
#939=EDGE_CURVE('NONE',#82,#940,#942,.F.);
#940=VERTEX_POINT('NONE',#941);
#941=CARTESIAN_POINT('',(2.4,-0.1,-3.775));
#942=LINE('',#943,#944);
#943=CARTESIAN_POINT('',(2.4,-0.3,-3.775));
#944=VECTOR('',#945,1.0);
#945=DIRECTION('',(0.0,1.0,0.0));
#946=ORIENTED_EDGE('',*,*,#947,.T.);
#947=EDGE_CURVE('NONE',#940,#948,#950,.T.);
#948=VERTEX_POINT('NONE',#949);
#949=CARTESIAN_POINT('',(2.2,-0.3,-3.775));
#950=CIRCLE('',#951,0.2);
#951=AXIS2_PLACEMENT_3D('',#952,#953,#954);
#952=CARTESIAN_POINT('',(2.2,-0.1,-3.775));
#953=DIRECTION('',(3.097720493E-16,0.0,-1.0));
#954=DIRECTION('',(-1.0,0.0,-3.097720493E-16));
#955=ORIENTED_EDGE('',*,*,#956,.T.);
#956=EDGE_CURVE('NONE',#948,#917,#957,.T.);
#957=LINE('',#958,#959);
#958=CARTESIAN_POINT('',(2.4,-0.3,-3.775));
#959=VECTOR('',#960,1.0);
#960=DIRECTION('',(-1.0,0.0,-3.097720493E-16));
#961=ORIENTED_EDGE('',*,*,#916,.F.);
#962=ORIENTED_EDGE('',*,*,#852,.F.);
#963=ORIENTED_EDGE('',*,*,#89,.F.);
#964=PLANE('',#965);
#965=AXIS2_PLACEMENT_3D('',#966,#967,#968);
#966=CARTESIAN_POINT('',(2.4,-0.3,-3.775));
#967=DIRECTION('',(3.097720493E-16,0.0,-1.0));
#968=DIRECTION('',(-1.0,0.0,-3.097720493E-16));
#969=ADVANCED_FACE('NONE',(#970),#981,.F.);
#970=FACE_BOUND('NONE',#971,.T.);
#971=EDGE_LOOP('',(#972,#973,#979,#980));
#972=ORIENTED_EDGE('',*,*,#893,.F.);
#973=ORIENTED_EDGE('',*,*,#974,.T.);
#974=EDGE_CURVE('NONE',#885,#940,#975,.T.);
#975=LINE('',#976,#977);
#976=CARTESIAN_POINT('',(2.4,-0.1,-3.775));
#977=VECTOR('',#978,1.0);
#978=DIRECTION('',(0.0,0.0,-1.0));
#979=ORIENTED_EDGE('',*,*,#939,.F.);
#980=ORIENTED_EDGE('',*,*,#81,.F.);
#981=PLANE('',#982);
#982=AXIS2_PLACEMENT_3D('',#983,#984,#985);
#983=CARTESIAN_POINT('',(2.4,-0.3,-3.775));
#984=DIRECTION('',(-1.0,0.0,0.0));
#985=DIRECTION('',(0.0,0.0,1.0));
#986=ADVANCED_FACE('NONE',(#987),#998,.T.);
#987=FACE_BOUND('NONE',#988,.T.);
#988=EDGE_LOOP('',(#989,#990,#996,#997));
#989=ORIENTED_EDGE('',*,*,#956,.F.);
#990=ORIENTED_EDGE('',*,*,#991,.T.);
#991=EDGE_CURVE('NONE',#948,#877,#992,.T.);
#992=LINE('',#993,#994);
#993=CARTESIAN_POINT('',(2.2,-0.3,-3.025));
#994=VECTOR('',#995,1.0);
#995=DIRECTION('',(0.0,0.0,1.0));
#996=ORIENTED_EDGE('',*,*,#874,.F.);
#997=ORIENTED_EDGE('',*,*,#924,.F.);
#998=PLANE('',#999);
#999=AXIS2_PLACEMENT_3D('',#1000,#1001,#1002);
#1000=CARTESIAN_POINT('',(0.0,-0.3,0.0));
#1001=DIRECTION('',(0.0,-1.0,0.0));
#1002=DIRECTION('',(0.0,0.0,-1.0));
#1003=ADVANCED_FACE('NONE',(#1004),#1029,.F.);
#1004=FACE_BOUND('NONE',#1005,.T.);
#1005=EDGE_LOOP('',(#1006,#1014,#1015,#1023));
#1006=ORIENTED_EDGE('',*,*,#1007,.T.);
#1007=EDGE_CURVE('NONE',#1008,#16,#1010,.F.);
#1008=VERTEX_POINT('NONE',#1009);
#1009=CARTESIAN_POINT('',(7.2,0.0,-3.775));
#1010=LINE('',#1011,#1012);
#1011=CARTESIAN_POINT('',(4.4,0.0,-3.775));
#1012=VECTOR('',#1013,1.0);
#1013=DIRECTION('',(1.0,0.0,-3.097720493E-16));
#1014=ORIENTED_EDGE('',*,*,#253,.F.);
#1015=ORIENTED_EDGE('',*,*,#1016,.T.);
#1016=EDGE_CURVE('NONE',#34,#1017,#1019,.T.);
#1017=VERTEX_POINT('NONE',#1018);
#1018=CARTESIAN_POINT('',(7.2,0.0,-3.025));
#1019=LINE('',#1020,#1021);
#1020=CARTESIAN_POINT('',(4.4,0.0,-3.025));
#1021=VECTOR('',#1022,1.0);
#1022=DIRECTION('',(1.0,0.0,-4.646580739E-16));
#1023=ORIENTED_EDGE('',*,*,#1024,.T.);
#1024=EDGE_CURVE('NONE',#1017,#1008,#1025,.F.);
#1025=LINE('',#1026,#1027);
#1026=CARTESIAN_POINT('',(7.2,0.0,-3.775));
#1027=VECTOR('',#1028,1.0);
#1028=DIRECTION('',(0.0,0.0,1.0));
#1029=PLANE('',#1030);
#1030=AXIS2_PLACEMENT_3D('',#1031,#1032,#1033);
#1031=CARTESIAN_POINT('',(6.8,0.0,0.0));
#1032=DIRECTION('',(0.0,-1.0,0.0));
#1033=DIRECTION('',(0.0,0.0,-1.0));
#1034=ADVANCED_FACE('NONE',(#1035),#1060,.T.);
#1035=FACE_BOUND('NONE',#1036,.T.);
#1036=EDGE_LOOP('',(#1037,#1045,#1053,#1059));
#1037=ORIENTED_EDGE('',*,*,#1038,.T.);
#1038=EDGE_CURVE('NONE',#18,#1039,#1041,.F.);
#1039=VERTEX_POINT('NONE',#1040);
#1040=CARTESIAN_POINT('',(4.4,-0.1,-3.775));
#1041=LINE('',#1042,#1043);
#1042=CARTESIAN_POINT('',(4.4,-0.3,-3.775));
#1043=VECTOR('',#1044,1.0);
#1044=DIRECTION('',(0.0,1.0,0.0));
#1045=ORIENTED_EDGE('',*,*,#1046,.T.);
#1046=EDGE_CURVE('NONE',#1039,#1047,#1049,.T.);
#1047=VERTEX_POINT('NONE',#1048);
#1048=CARTESIAN_POINT('',(4.4,-0.1,-3.025));
#1049=LINE('',#1050,#1051);
#1050=CARTESIAN_POINT('',(4.4,-0.1,-3.775));
#1051=VECTOR('',#1052,1.0);
#1052=DIRECTION('',(0.0,0.0,1.0));
#1053=ORIENTED_EDGE('',*,*,#1054,.T.);
#1054=EDGE_CURVE('NONE',#1047,#26,#1055,.T.);
#1055=LINE('',#1056,#1057);
#1056=CARTESIAN_POINT('',(4.4,-0.3,-3.025));
#1057=VECTOR('',#1058,1.0);
#1058=DIRECTION('',(0.0,1.0,0.0));
#1059=ORIENTED_EDGE('',*,*,#25,.F.);
#1060=PLANE('',#1061);
#1061=AXIS2_PLACEMENT_3D('',#1062,#1063,#1064);
#1062=CARTESIAN_POINT('',(4.4,-0.3,-3.775));
#1063=DIRECTION('',(-1.0,0.0,0.0));
#1064=DIRECTION('',(0.0,0.0,1.0));
#1065=ADVANCED_FACE('NONE',(#1066),#1094,.F.);
#1066=FACE_BOUND('NONE',#1067,.T.);
#1067=EDGE_LOOP('',(#1068,#1078,#1085,#1086,#1087,#1088));
#1068=ORIENTED_EDGE('',*,*,#1069,.T.);
#1069=EDGE_CURVE('NONE',#1070,#1072,#1074,.F.);
#1070=VERTEX_POINT('NONE',#1071);
#1071=CARTESIAN_POINT('',(7.2,-0.3,-3.775));
#1072=VERTEX_POINT('NONE',#1073);
#1073=CARTESIAN_POINT('',(4.6,-0.3,-3.775));
#1074=LINE('',#1075,#1076);
#1075=CARTESIAN_POINT('',(4.4,-0.3,-3.775));
#1076=VECTOR('',#1077,1.0);
#1077=DIRECTION('',(1.0,0.0,-3.097720493E-16));
#1078=ORIENTED_EDGE('',*,*,#1079,.T.);
#1079=EDGE_CURVE('NONE',#1072,#1039,#1080,.T.);
#1080=CIRCLE('',#1081,0.2);
#1081=AXIS2_PLACEMENT_3D('',#1082,#1083,#1084);
#1082=CARTESIAN_POINT('',(4.6,-0.1,-3.775));
#1083=DIRECTION('',(-3.097720493E-16,0.0,-1.0));
#1084=DIRECTION('',(1.0,0.0,-3.097720493E-16));
#1085=ORIENTED_EDGE('',*,*,#1038,.F.);
#1086=ORIENTED_EDGE('',*,*,#15,.F.);
#1087=ORIENTED_EDGE('',*,*,#1007,.F.);
#1088=ORIENTED_EDGE('',*,*,#1089,.T.);
#1089=EDGE_CURVE('NONE',#1008,#1070,#1090,.F.);
#1090=LINE('',#1091,#1092);
#1091=CARTESIAN_POINT('',(7.2,-0.3,-3.775));
#1092=VECTOR('',#1093,1.0);
#1093=DIRECTION('',(0.0,1.0,0.0));
#1094=PLANE('',#1095);
#1095=AXIS2_PLACEMENT_3D('',#1096,#1097,#1098);
#1096=CARTESIAN_POINT('',(4.4,-0.3,-3.775));
#1097=DIRECTION('',(3.097720493E-16,0.0,1.0));
#1098=DIRECTION('',(1.0,0.0,-3.097720493E-16));
#1099=ADVANCED_FACE('NONE',(#1100),#1118,.F.);
#1100=FACE_BOUND('NONE',#1101,.T.);
#1101=EDGE_LOOP('',(#1102,#1103,#1111,#1117));
#1102=ORIENTED_EDGE('',*,*,#1024,.F.);
#1103=ORIENTED_EDGE('',*,*,#1104,.T.);
#1104=EDGE_CURVE('NONE',#1017,#1105,#1107,.F.);
#1105=VERTEX_POINT('NONE',#1106);
#1106=CARTESIAN_POINT('',(7.2,-0.3,-3.025));
#1107=LINE('',#1108,#1109);
#1108=CARTESIAN_POINT('',(7.2,-0.3,-3.025));
#1109=VECTOR('',#1110,1.0);
#1110=DIRECTION('',(0.0,1.0,0.0));
#1111=ORIENTED_EDGE('',*,*,#1112,.T.);
#1112=EDGE_CURVE('NONE',#1105,#1070,#1113,.F.);
#1113=LINE('',#1114,#1115);
#1114=CARTESIAN_POINT('',(7.2,-0.3,-3.775));
#1115=VECTOR('',#1116,1.0);
#1116=DIRECTION('',(0.0,0.0,1.0));
#1117=ORIENTED_EDGE('',*,*,#1089,.F.);
#1118=PLANE('',#1119);
#1119=AXIS2_PLACEMENT_3D('',#1120,#1121,#1122);
#1120=CARTESIAN_POINT('',(7.2,-0.3,-3.775));
#1121=DIRECTION('',(-1.0,0.0,0.0));
#1122=DIRECTION('',(0.0,0.0,1.0));
#1123=ADVANCED_FACE('NONE',(#1124),#1145,.T.);
#1124=FACE_BOUND('NONE',#1125,.T.);
#1125=EDGE_LOOP('',(#1126,#1127,#1136,#1142,#1143,#1144));
#1126=ORIENTED_EDGE('',*,*,#1054,.F.);
#1127=ORIENTED_EDGE('',*,*,#1128,.T.);
#1128=EDGE_CURVE('NONE',#1047,#1129,#1131,.T.);
#1129=VERTEX_POINT('NONE',#1130);
#1130=CARTESIAN_POINT('',(4.6,-0.3,-3.025));
#1131=CIRCLE('',#1132,0.2);
#1132=AXIS2_PLACEMENT_3D('',#1133,#1134,#1135);
#1133=CARTESIAN_POINT('',(4.6,-0.1,-3.025));
#1134=DIRECTION('',(4.646580739E-16,0.0,1.0));
#1135=DIRECTION('',(1.0,0.0,-4.646580739E-16));
#1136=ORIENTED_EDGE('',*,*,#1137,.T.);
#1137=EDGE_CURVE('NONE',#1129,#1105,#1138,.T.);
#1138=LINE('',#1139,#1140);
#1139=CARTESIAN_POINT('',(4.4,-0.3,-3.025));
#1140=VECTOR('',#1141,1.0);
#1141=DIRECTION('',(1.0,0.0,-4.646580739E-16));
#1142=ORIENTED_EDGE('',*,*,#1104,.F.);
#1143=ORIENTED_EDGE('',*,*,#1016,.F.);
#1144=ORIENTED_EDGE('',*,*,#33,.F.);
#1145=PLANE('',#1146);
#1146=AXIS2_PLACEMENT_3D('',#1147,#1148,#1149);
#1147=CARTESIAN_POINT('',(4.4,-0.3,-3.025));
#1148=DIRECTION('',(4.646580739E-16,0.0,1.0));
#1149=DIRECTION('',(1.0,0.0,-4.646580739E-16));
#1150=ADVANCED_FACE('NONE',(#1151),#1162,.T.);
#1151=FACE_BOUND('NONE',#1152,.T.);
#1152=EDGE_LOOP('',(#1153,#1154,#1160,#1161));
#1153=ORIENTED_EDGE('',*,*,#1137,.F.);
#1154=ORIENTED_EDGE('',*,*,#1155,.T.);
#1155=EDGE_CURVE('NONE',#1129,#1072,#1156,.T.);
#1156=LINE('',#1157,#1158);
#1157=CARTESIAN_POINT('',(4.6,-0.3,0.0));
#1158=VECTOR('',#1159,1.0);
#1159=DIRECTION('',(0.0,0.0,-1.0));
#1160=ORIENTED_EDGE('',*,*,#1069,.F.);
#1161=ORIENTED_EDGE('',*,*,#1112,.F.);
#1162=PLANE('',#1163);
#1163=AXIS2_PLACEMENT_3D('',#1164,#1165,#1166);
#1164=CARTESIAN_POINT('',(6.8,-0.3,0.0));
#1165=DIRECTION('',(0.0,-1.0,0.0));
#1166=DIRECTION('',(0.0,0.0,-1.0));
#1167=ADVANCED_FACE('NONE',(#1168),#1174,.T.);
#1168=FACE_BOUND('NONE',#1169,.T.);
#1169=EDGE_LOOP('',(#1170,#1171,#1172,#1173));
#1170=ORIENTED_EDGE('',*,*,#1079,.F.);
#1171=ORIENTED_EDGE('',*,*,#1155,.F.);
#1172=ORIENTED_EDGE('',*,*,#1128,.F.);
#1173=ORIENTED_EDGE('',*,*,#1046,.F.);
#1174=CYLINDRICAL_SURFACE('',#1175,0.2);
#1175=AXIS2_PLACEMENT_3D('',#1176,#1177,#1178);
#1176=CARTESIAN_POINT('',(4.6,-0.1,-3.775));
#1177=DIRECTION('',(0.0,0.0,1.0));
#1178=DIRECTION('',(1.0,0.0,0.0));
#1179=ADVANCED_FACE('NONE',(#1180),#1186,.T.);
#1180=FACE_BOUND('NONE',#1181,.T.);
#1181=EDGE_LOOP('',(#1182,#1183,#1184,#1185));
#1182=ORIENTED_EDGE('',*,*,#947,.F.);
#1183=ORIENTED_EDGE('',*,*,#974,.F.);
#1184=ORIENTED_EDGE('',*,*,#884,.F.);
#1185=ORIENTED_EDGE('',*,*,#991,.F.);
#1186=CYLINDRICAL_SURFACE('',#1187,0.2);
#1187=AXIS2_PLACEMENT_3D('',#1188,#1189,#1190);
#1188=CARTESIAN_POINT('',(2.2,-0.1,0.0));
#1189=DIRECTION('',(0.0,0.0,-1.0));
#1190=DIRECTION('',(-1.0,0.0,0.0));
#1191=MANIFOLD_SOLID_BREP('Boss-Extrude4',#1192);
#1192=CLOSED_SHELL('NONE',(#1193,#1237,#1261,#1305,#1337,#1367,#1399,#1434,#1452,#1462,#1474,#1492,#1504,#1535,#1553));
#1193=ADVANCED_FACE('NONE',(#1194),#1232,.F.);
#1194=FACE_BOUND('NONE',#1195,.T.);
#1195=EDGE_LOOP('',(#1196,#1207,#1216,#1225));
#1196=ORIENTED_EDGE('',*,*,#1197,.T.);
#1197=EDGE_CURVE('NONE',#1198,#1200,#1202,.T.);
#1198=VERTEX_POINT('NONE',#1199);
#1199=CARTESIAN_POINT('',(3.4,2.0664,-6.65006));
#1200=VERTEX_POINT('NONE',#1201);
#1201=CARTESIAN_POINT('',(3.4,2.3984,-6.31806));
#1202=CIRCLE('',#1203,0.332);
#1203=AXIS2_PLACEMENT_3D('',#1204,#1205,#1206);
#1204=CARTESIAN_POINT('',(3.4,2.3984,-6.65006));
#1205=DIRECTION('',(-1.0,0.0,0.0));
#1206=DIRECTION('',(0.0,0.0,1.0));
#1207=ORIENTED_EDGE('',*,*,#1208,.T.);
#1208=EDGE_CURVE('NONE',#1200,#1209,#1211,.T.);
#1209=VERTEX_POINT('NONE',#1210);
#1210=CARTESIAN_POINT('',(3.4,2.3984,-0.48194));
#1211=CIRCLE('',#1212,2.91806);
#1212=AXIS2_PLACEMENT_3D('',#1213,#1214,#1215);
#1213=CARTESIAN_POINT('',(3.4,2.3984,-3.4));
#1214=DIRECTION('',(0.0,-1.0,0.0));
#1215=DIRECTION('',(0.0,0.0,-1.0));
#1216=ORIENTED_EDGE('',*,*,#1217,.T.);
#1217=EDGE_CURVE('NONE',#1209,#1218,#1220,.F.);
#1218=VERTEX_POINT('NONE',#1219);
#1219=CARTESIAN_POINT('',(3.4,2.0664,-0.14994));
#1220=CIRCLE('',#1221,0.332);
#1221=AXIS2_PLACEMENT_3D('',#1222,#1223,#1224);
#1222=CARTESIAN_POINT('',(3.4,2.3984,-0.14994));
#1223=DIRECTION('',(1.0,0.0,-1.224646799E-16));
#1224=DIRECTION('',(-1.224646799E-16,0.0,-1.0));
#1225=ORIENTED_EDGE('',*,*,#1226,.T.);
#1226=EDGE_CURVE('NONE',#1218,#1198,#1227,.F.);
#1227=CIRCLE('',#1228,3.25006);
#1228=AXIS2_PLACEMENT_3D('',#1229,#1230,#1231);
#1229=CARTESIAN_POINT('',(3.4,2.0664,-3.4));
#1230=DIRECTION('',(0.0,-1.0,0.0));
#1231=DIRECTION('',(0.0,0.0,-1.0));
#1232=TOROIDAL_SURFACE('',#1233,3.25006,0.332);
#1233=AXIS2_PLACEMENT_3D('',#1234,#1235,#1236);
#1234=CARTESIAN_POINT('',(3.4,2.3984,-3.4));
#1235=DIRECTION('',(0.0,-1.0,0.0));
#1236=DIRECTION('',(0.0,0.0,-1.0));
#1237=ADVANCED_FACE('NONE',(#1238),#1256,.F.);
#1238=FACE_BOUND('NONE',#1239,.T.);
#1239=EDGE_LOOP('',(#1240,#1241,#1248,#1249));
#1240=ORIENTED_EDGE('',*,*,#1217,.F.);
#1241=ORIENTED_EDGE('',*,*,#1242,.T.);
#1242=EDGE_CURVE('NONE',#1209,#1200,#1243,.T.);
#1243=CIRCLE('',#1244,2.91806);
#1244=AXIS2_PLACEMENT_3D('',#1245,#1246,#1247);
#1245=CARTESIAN_POINT('',(3.4,2.3984,-3.4));
#1246=DIRECTION('',(0.0,-1.0,0.0));
#1247=DIRECTION('',(0.0,0.0,-1.0));
#1248=ORIENTED_EDGE('',*,*,#1197,.F.);
#1249=ORIENTED_EDGE('',*,*,#1250,.T.);
#1250=EDGE_CURVE('NONE',#1198,#1218,#1251,.F.);
#1251=CIRCLE('',#1252,3.25006);
#1252=AXIS2_PLACEMENT_3D('',#1253,#1254,#1255);
#1253=CARTESIAN_POINT('',(3.4,2.0664,-3.4));
#1254=DIRECTION('',(0.0,-1.0,0.0));
#1255=DIRECTION('',(0.0,0.0,-1.0));
#1256=TOROIDAL_SURFACE('',#1257,3.25006,0.332);
#1257=AXIS2_PLACEMENT_3D('',#1258,#1259,#1260);
#1258=CARTESIAN_POINT('',(3.4,2.3984,-3.4));
#1259=DIRECTION('',(0.0,-1.0,0.0));
#1260=DIRECTION('',(0.0,0.0,-1.0));
#1261=ADVANCED_FACE('NONE',(#1262),#1300,.T.);
#1262=FACE_BOUND('NONE',#1263,.T.);
#1263=EDGE_LOOP('',(#1264,#1275,#1284,#1293));
#1264=ORIENTED_EDGE('',*,*,#1265,.T.);
#1265=EDGE_CURVE('NONE',#1266,#1268,#1270,.F.);
#1266=VERTEX_POINT('NONE',#1267);
#1267=CARTESIAN_POINT('',(3.4,7.3,-0.14994));
#1268=VERTEX_POINT('NONE',#1269);
#1269=CARTESIAN_POINT('',(3.4,7.3,-6.65006));
#1270=CIRCLE('',#1271,3.25006);
#1271=AXIS2_PLACEMENT_3D('',#1272,#1273,#1274);
#1272=CARTESIAN_POINT('',(3.4,7.3,-3.4));
#1273=DIRECTION('',(0.0,-1.0,0.0));
#1274=DIRECTION('',(0.0,0.0,1.0));
#1275=ORIENTED_EDGE('',*,*,#1276,.T.);
#1276=EDGE_CURVE('NONE',#1268,#1277,#1279,.T.);
#1277=VERTEX_POINT('NONE',#1278);
#1278=CARTESIAN_POINT('',(3.4,7.7,-6.25006));
#1279=CIRCLE('',#1280,0.4);
#1280=AXIS2_PLACEMENT_3D('',#1281,#1282,#1283);
#1281=CARTESIAN_POINT('',(3.4,7.3,-6.25006));
#1282=DIRECTION('',(1.0,0.0,1.224646799E-16));
#1283=DIRECTION('',(1.224646799E-16,0.0,-1.0));
#1284=ORIENTED_EDGE('',*,*,#1285,.T.);
#1285=EDGE_CURVE('NONE',#1277,#1286,#1288,.F.);
#1286=VERTEX_POINT('NONE',#1287);
#1287=CARTESIAN_POINT('',(3.4,7.7,-0.54994));
#1288=CIRCLE('',#1289,2.85006);
#1289=AXIS2_PLACEMENT_3D('',#1290,#1291,#1292);
#1290=CARTESIAN_POINT('',(3.4,7.7,-3.4));
#1291=DIRECTION('',(0.0,1.0,0.0));
#1292=DIRECTION('',(0.0,0.0,1.0));
#1293=ORIENTED_EDGE('',*,*,#1294,.T.);
#1294=EDGE_CURVE('NONE',#1286,#1266,#1295,.F.);
#1295=CIRCLE('',#1296,0.4);
#1296=AXIS2_PLACEMENT_3D('',#1297,#1298,#1299);
#1297=CARTESIAN_POINT('',(3.4,7.3,-0.54994));
#1298=DIRECTION('',(-1.0,0.0,0.0));
#1299=DIRECTION('',(0.0,0.0,1.0));
#1300=TOROIDAL_SURFACE('',#1301,2.85006,0.4);
#1301=AXIS2_PLACEMENT_3D('',#1302,#1303,#1304);
#1302=CARTESIAN_POINT('',(3.4,7.3,-3.4));
#1303=DIRECTION('',(0.0,1.0,0.0));
#1304=DIRECTION('',(0.0,0.0,1.0));
#1305=ADVANCED_FACE('NONE',(#1306),#1332,.T.);
#1306=FACE_BOUND('NONE',#1307,.T.);
#1307=EDGE_LOOP('',(#1308,#1309,#1317,#1326));
#1308=ORIENTED_EDGE('',*,*,#1265,.F.);
#1309=ORIENTED_EDGE('',*,*,#1310,.T.);
#1310=EDGE_CURVE('NONE',#1266,#1311,#1313,.T.);
#1311=VERTEX_POINT('NONE',#1312);
#1312=CARTESIAN_POINT('',(3.4,2.7304,-0.14994));
#1313=LINE('',#1314,#1315);
#1314=CARTESIAN_POINT('',(3.4,7.7,-0.14994));
#1315=VECTOR('',#1316,1.0);
#1316=DIRECTION('',(0.0,-1.0,0.0));
#1317=ORIENTED_EDGE('',*,*,#1318,.T.);
#1318=EDGE_CURVE('NONE',#1311,#1319,#1321,.F.);
#1319=VERTEX_POINT('NONE',#1320);
#1320=CARTESIAN_POINT('',(3.4,2.7304,-6.65006));
#1321=CIRCLE('',#1322,3.25006);
#1322=AXIS2_PLACEMENT_3D('',#1323,#1324,#1325);
#1323=CARTESIAN_POINT('',(3.4,2.7304,-3.4));
#1324=DIRECTION('',(0.0,-1.0,0.0));
#1325=DIRECTION('',(0.0,0.0,-1.0));
#1326=ORIENTED_EDGE('',*,*,#1327,.T.);
#1327=EDGE_CURVE('NONE',#1319,#1268,#1328,.F.);
#1328=LINE('',#1329,#1330);
#1329=CARTESIAN_POINT('',(3.4,7.7,-6.65006));
#1330=VECTOR('',#1331,1.0);
#1331=DIRECTION('',(0.0,-1.0,0.0));
#1332=CYLINDRICAL_SURFACE('',#1333,3.25006);
#1333=AXIS2_PLACEMENT_3D('',#1334,#1335,#1336);
#1334=CARTESIAN_POINT('',(3.4,7.7,-3.4));
#1335=DIRECTION('',(0.0,-1.0,0.0));
#1336=DIRECTION('',(0.0,0.0,-1.0));
#1337=ADVANCED_FACE('NONE',(#1338),#1362,.F.);
#1338=FACE_BOUND('NONE',#1339,.T.);
#1339=EDGE_LOOP('',(#1340,#1341,#1348,#1355));
#1340=ORIENTED_EDGE('',*,*,#1242,.F.);
#1341=ORIENTED_EDGE('',*,*,#1342,.T.);
#1342=EDGE_CURVE('NONE',#1209,#1311,#1343,.T.);
#1343=CIRCLE('',#1344,0.332);
#1344=AXIS2_PLACEMENT_3D('',#1345,#1346,#1347);
#1345=CARTESIAN_POINT('',(3.4,2.3984,-0.14994));
#1346=DIRECTION('',(1.0,0.0,-1.224646799E-16));
#1347=DIRECTION('',(-1.224646799E-16,0.0,-1.0));
#1348=ORIENTED_EDGE('',*,*,#1349,.T.);
#1349=EDGE_CURVE('NONE',#1311,#1319,#1350,.T.);
#1350=CIRCLE('',#1351,3.25006);
#1351=AXIS2_PLACEMENT_3D('',#1352,#1353,#1354);
#1352=CARTESIAN_POINT('',(3.4,2.7304,-3.4));
#1353=DIRECTION('',(0.0,-1.0,0.0));
#1354=DIRECTION('',(0.0,0.0,-1.0));
#1355=ORIENTED_EDGE('',*,*,#1356,.T.);
#1356=EDGE_CURVE('NONE',#1319,#1200,#1357,.F.);
#1357=CIRCLE('',#1358,0.332);
#1358=AXIS2_PLACEMENT_3D('',#1359,#1360,#1361);
#1359=CARTESIAN_POINT('',(3.4,2.3984,-6.65006));
#1360=DIRECTION('',(-1.0,0.0,0.0));
#1361=DIRECTION('',(0.0,0.0,1.0));
#1362=TOROIDAL_SURFACE('',#1363,3.25006,0.332);
#1363=AXIS2_PLACEMENT_3D('',#1364,#1365,#1366);
#1364=CARTESIAN_POINT('',(3.4,2.3984,-3.4));
#1365=DIRECTION('',(0.0,-1.0,0.0));
#1366=DIRECTION('',(0.0,0.0,-1.0));
#1367=ADVANCED_FACE('NONE',(#1368),#1394,.T.);
#1368=FACE_BOUND('NONE',#1369,.T.);
#1369=EDGE_LOOP('',(#1370,#1371,#1379,#1388));
#1370=ORIENTED_EDGE('',*,*,#1226,.F.);
#1371=ORIENTED_EDGE('',*,*,#1372,.T.);
#1372=EDGE_CURVE('NONE',#1218,#1373,#1375,.T.);
#1373=VERTEX_POINT('NONE',#1374);
#1374=CARTESIAN_POINT('',(3.4,0.4,-0.14994));
#1375=LINE('',#1376,#1377);
#1376=CARTESIAN_POINT('',(3.4,7.7,-0.14994));
#1377=VECTOR('',#1378,1.0);
#1378=DIRECTION('',(0.0,-1.0,0.0));
#1379=ORIENTED_EDGE('',*,*,#1380,.T.);
#1380=EDGE_CURVE('NONE',#1373,#1381,#1383,.T.);
#1381=VERTEX_POINT('NONE',#1382);
#1382=CARTESIAN_POINT('',(3.4,0.4,-6.65006));
#1383=CIRCLE('',#1384,3.25006);
#1384=AXIS2_PLACEMENT_3D('',#1385,#1386,#1387);
#1385=CARTESIAN_POINT('',(3.4,0.4,-3.4));
#1386=DIRECTION('',(0.0,1.0,0.0));
#1387=DIRECTION('',(0.0,0.0,1.0));
#1388=ORIENTED_EDGE('',*,*,#1389,.T.);
#1389=EDGE_CURVE('NONE',#1381,#1198,#1390,.F.);
#1390=LINE('',#1391,#1392);
#1391=CARTESIAN_POINT('',(3.4,7.7,-6.65006));
#1392=VECTOR('',#1393,1.0);
#1393=DIRECTION('',(0.0,-1.0,0.0));
#1394=CYLINDRICAL_SURFACE('',#1395,3.25006);
#1395=AXIS2_PLACEMENT_3D('',#1396,#1397,#1398);
#1396=CARTESIAN_POINT('',(3.4,7.7,-3.4));
#1397=DIRECTION('',(0.0,-1.0,0.0));
#1398=DIRECTION('',(0.0,0.0,-1.0));
#1399=ADVANCED_FACE('NONE',(#1400,#1410),#1429,.T.);
#1400=FACE_BOUND('NONE',#1401,.T.);
#1401=EDGE_LOOP('',(#1402,#1403));
#1402=ORIENTED_EDGE('',*,*,#1285,.F.);
#1403=ORIENTED_EDGE('',*,*,#1404,.T.);
#1404=EDGE_CURVE('NONE',#1277,#1286,#1405,.T.);
#1405=CIRCLE('',#1406,2.85006);
#1406=AXIS2_PLACEMENT_3D('',#1407,#1408,#1409);
#1407=CARTESIAN_POINT('',(3.4,7.7,-3.4));
#1408=DIRECTION('',(0.0,1.0,0.0));
#1409=DIRECTION('',(0.0,0.0,1.0));
#1410=FACE_BOUND('NONE',#1411,.T.);
#1411=EDGE_LOOP('',(#1412,#1423));
#1412=ORIENTED_EDGE('',*,*,#1413,.T.);
#1413=EDGE_CURVE('NONE',#1414,#1416,#1418,.F.);
#1414=VERTEX_POINT('NONE',#1415);
#1415=CARTESIAN_POINT('',(3.4,7.7,-0.700026));
#1416=VERTEX_POINT('NONE',#1417);
#1417=CARTESIAN_POINT('',(3.4,7.7,-6.099974));
#1418=CIRCLE('',#1419,2.699974);
#1419=AXIS2_PLACEMENT_3D('',#1420,#1421,#1422);
#1420=CARTESIAN_POINT('',(3.4,7.7,-3.4));
#1421=DIRECTION('',(0.0,1.0,0.0));
#1422=DIRECTION('',(0.0,0.0,1.0));
#1423=ORIENTED_EDGE('',*,*,#1424,.T.);
#1424=EDGE_CURVE('NONE',#1416,#1414,#1425,.F.);
#1425=LINE('',#1426,#1427);
#1426=CARTESIAN_POINT('',(3.4,7.7,-6.099974));
#1427=VECTOR('',#1428,1.0);
#1428=DIRECTION('',(0.0,0.0,-1.0));
#1429=PLANE('',#1430);
#1430=AXIS2_PLACEMENT_3D('',#1431,#1432,#1433);
#1431=CARTESIAN_POINT('',(3.4,7.7,-3.4));
#1432=DIRECTION('',(0.0,1.0,0.0));
#1433=DIRECTION('',(0.0,0.0,1.0));
#1434=ADVANCED_FACE('NONE',(#1435),#1447,.T.);
#1435=FACE_BOUND('NONE',#1436,.T.);
#1436=EDGE_LOOP('',(#1437,#1438,#1439,#1440));
#1437=ORIENTED_EDGE('',*,*,#1372,.F.);
#1438=ORIENTED_EDGE('',*,*,#1250,.F.);
#1439=ORIENTED_EDGE('',*,*,#1389,.F.);
#1440=ORIENTED_EDGE('',*,*,#1441,.T.);
#1441=EDGE_CURVE('NONE',#1381,#1373,#1442,.T.);
#1442=CIRCLE('',#1443,3.25006);
#1443=AXIS2_PLACEMENT_3D('',#1444,#1445,#1446);
#1444=CARTESIAN_POINT('',(3.4,0.4,-3.4));
#1445=DIRECTION('',(0.0,1.0,0.0));
#1446=DIRECTION('',(0.0,0.0,1.0));
#1447=CYLINDRICAL_SURFACE('',#1448,3.25006);
#1448=AXIS2_PLACEMENT_3D('',#1449,#1450,#1451);
#1449=CARTESIAN_POINT('',(3.4,7.7,-3.4));
#1450=DIRECTION('',(0.0,-1.0,0.0));
#1451=DIRECTION('',(0.0,0.0,-1.0));
#1452=ADVANCED_FACE('NONE',(#1453),#1457,.F.);
#1453=FACE_BOUND('NONE',#1454,.T.);
#1454=EDGE_LOOP('',(#1455,#1456));
#1455=ORIENTED_EDGE('',*,*,#1441,.F.);
#1456=ORIENTED_EDGE('',*,*,#1380,.F.);
#1457=PLANE('',#1458);
#1458=AXIS2_PLACEMENT_3D('',#1459,#1460,#1461);
#1459=CARTESIAN_POINT('',(3.4,0.4,-3.4));
#1460=DIRECTION('',(0.0,1.0,0.0));
#1461=DIRECTION('',(0.0,0.0,1.0));
#1462=ADVANCED_FACE('NONE',(#1463),#1469,.F.);
#1463=FACE_BOUND('NONE',#1464,.T.);
#1464=EDGE_LOOP('',(#1465,#1466,#1467,#1468));
#1465=ORIENTED_EDGE('',*,*,#1208,.F.);
#1466=ORIENTED_EDGE('',*,*,#1356,.F.);
#1467=ORIENTED_EDGE('',*,*,#1318,.F.);
#1468=ORIENTED_EDGE('',*,*,#1342,.F.);
#1469=TOROIDAL_SURFACE('',#1470,3.25006,0.332);
#1470=AXIS2_PLACEMENT_3D('',#1471,#1472,#1473);
#1471=CARTESIAN_POINT('',(3.4,2.3984,-3.4));
#1472=DIRECTION('',(0.0,-1.0,0.0));
#1473=DIRECTION('',(0.0,0.0,-1.0));
#1474=ADVANCED_FACE('NONE',(#1475),#1487,.T.);
#1475=FACE_BOUND('NONE',#1476,.T.);
#1476=EDGE_LOOP('',(#1477,#1478,#1485,#1486));
#1477=ORIENTED_EDGE('',*,*,#1310,.F.);
#1478=ORIENTED_EDGE('',*,*,#1479,.T.);
#1479=EDGE_CURVE('NONE',#1266,#1268,#1480,.T.);
#1480=CIRCLE('',#1481,3.25006);
#1481=AXIS2_PLACEMENT_3D('',#1482,#1483,#1484);
#1482=CARTESIAN_POINT('',(3.4,7.3,-3.4));
#1483=DIRECTION('',(0.0,-1.0,0.0));
#1484=DIRECTION('',(0.0,0.0,1.0));
#1485=ORIENTED_EDGE('',*,*,#1327,.F.);
#1486=ORIENTED_EDGE('',*,*,#1349,.F.);
#1487=CYLINDRICAL_SURFACE('',#1488,3.25006);
#1488=AXIS2_PLACEMENT_3D('',#1489,#1490,#1491);
#1489=CARTESIAN_POINT('',(3.4,7.7,-3.4));
#1490=DIRECTION('',(0.0,-1.0,0.0));
#1491=DIRECTION('',(0.0,0.0,-1.0));
#1492=ADVANCED_FACE('NONE',(#1493),#1499,.T.);
#1493=FACE_BOUND('NONE',#1494,.T.);
#1494=EDGE_LOOP('',(#1495,#1496,#1497,#1498));
#1495=ORIENTED_EDGE('',*,*,#1276,.F.);
#1496=ORIENTED_EDGE('',*,*,#1479,.F.);
#1497=ORIENTED_EDGE('',*,*,#1294,.F.);
#1498=ORIENTED_EDGE('',*,*,#1404,.F.);
#1499=TOROIDAL_SURFACE('',#1500,2.85006,0.4);
#1500=AXIS2_PLACEMENT_3D('',#1501,#1502,#1503);
#1501=CARTESIAN_POINT('',(3.4,7.3,-3.4));
#1502=DIRECTION('',(0.0,1.0,0.0));
#1503=DIRECTION('',(0.0,0.0,1.0));
#1504=ADVANCED_FACE('NONE',(#1505),#1530,.F.);
#1505=FACE_BOUND('NONE',#1506,.T.);
#1506=EDGE_LOOP('',(#1507,#1508,#1516,#1524));
#1507=ORIENTED_EDGE('',*,*,#1424,.F.);
#1508=ORIENTED_EDGE('',*,*,#1509,.T.);
#1509=EDGE_CURVE('NONE',#1416,#1510,#1512,.F.);
#1510=VERTEX_POINT('NONE',#1511);
#1511=CARTESIAN_POINT('',(3.4,7.705,-6.099974));
#1512=LINE('',#1513,#1514);
#1513=CARTESIAN_POINT('',(3.4,7.705,-6.099974));
#1514=VECTOR('',#1515,1.0);
#1515=DIRECTION('',(0.0,-1.0,0.0));
#1516=ORIENTED_EDGE('',*,*,#1517,.T.);
#1517=EDGE_CURVE('NONE',#1510,#1518,#1520,.F.);
#1518=VERTEX_POINT('NONE',#1519);
#1519=CARTESIAN_POINT('',(3.4,7.705,-0.700026));
#1520=LINE('',#1521,#1522);
#1521=CARTESIAN_POINT('',(3.4,7.705,-3.4));
#1522=VECTOR('',#1523,1.0);
#1523=DIRECTION('',(-1.606240908E-16,0.0,-1.0));
#1524=ORIENTED_EDGE('',*,*,#1525,.T.);
#1525=EDGE_CURVE('NONE',#1518,#1414,#1526,.T.);
#1526=LINE('',#1527,#1528);
#1527=CARTESIAN_POINT('',(3.4,7.705,-0.700026));
#1528=VECTOR('',#1529,1.0);
#1529=DIRECTION('',(0.0,-1.0,0.0));
#1530=PLANE('',#1531);
#1531=AXIS2_PLACEMENT_3D('',#1532,#1533,#1534);
#1532=CARTESIAN_POINT('',(3.4,7.705,-6.099974));
#1533=DIRECTION('',(-1.0,0.0,0.0));
#1534=DIRECTION('',(0.0,0.0,1.0));
#1535=ADVANCED_FACE('NONE',(#1536),#1548,.T.);
#1536=FACE_BOUND('NONE',#1537,.T.);
#1537=EDGE_LOOP('',(#1538,#1539,#1540,#1547));
#1538=ORIENTED_EDGE('',*,*,#1413,.F.);
#1539=ORIENTED_EDGE('',*,*,#1525,.F.);
#1540=ORIENTED_EDGE('',*,*,#1541,.T.);
#1541=EDGE_CURVE('NONE',#1518,#1510,#1542,.F.);
#1542=CIRCLE('',#1543,2.699974);
#1543=AXIS2_PLACEMENT_3D('',#1544,#1545,#1546);
#1544=CARTESIAN_POINT('',(3.4,7.705,-3.4));
#1545=DIRECTION('',(0.0,1.0,0.0));
#1546=DIRECTION('',(0.0,0.0,1.0));
#1547=ORIENTED_EDGE('',*,*,#1509,.F.);
#1548=CYLINDRICAL_SURFACE('',#1549,2.699974);
#1549=AXIS2_PLACEMENT_3D('',#1550,#1551,#1552);
#1550=CARTESIAN_POINT('',(3.4,7.705,-3.4));
#1551=DIRECTION('',(0.0,-1.0,0.0));
#1552=DIRECTION('',(0.0,0.0,-1.0));
#1553=ADVANCED_FACE('NONE',(#1554),#1558,.T.);
#1554=FACE_BOUND('NONE',#1555,.T.);
#1555=EDGE_LOOP('',(#1556,#1557));
#1556=ORIENTED_EDGE('',*,*,#1517,.F.);
#1557=ORIENTED_EDGE('',*,*,#1541,.F.);
#1558=PLANE('',#1559);
#1559=AXIS2_PLACEMENT_3D('',#1560,#1561,#1562);
#1560=CARTESIAN_POINT('',(3.4,7.705,-3.4));
#1561=DIRECTION('',(0.0,1.0,0.0));
#1562=DIRECTION('',(0.0,0.0,1.0));
#1563=MANIFOLD_SOLID_BREP('Body-Move/Copy1[1]',#1564);
#1564=CLOSED_SHELL('NONE',(#1565,#1605,#1636,#1667,#1698,#1729,#1760,#1791,#1822,#1853,#1884,#1906,#1925));
#1565=ADVANCED_FACE('NONE',(#1566),#1600,.F.);
#1566=FACE_BOUND('NONE',#1567,.T.);
#1567=EDGE_LOOP('',(#1568,#1578,#1586,#1594));
#1568=ORIENTED_EDGE('',*,*,#1569,.T.);
#1569=EDGE_CURVE('NONE',#1570,#1572,#1574,.T.);
#1570=VERTEX_POINT('NONE',#1571);
#1571=CARTESIAN_POINT('',(4.035606583,7.7,-4.155486926));
#1572=VERTEX_POINT('NONE',#1573);
#1573=CARTESIAN_POINT('',(4.035606583,7.7,-2.655490861));
#1574=LINE('',#1575,#1576);
#1575=CARTESIAN_POINT('',(4.035606583,7.7,-2.655490861));
#1576=VECTOR('',#1577,1.0);
#1577=DIRECTION('',(0.0,0.0,1.0));
#1578=ORIENTED_EDGE('',*,*,#1579,.T.);
#1579=EDGE_CURVE('NONE',#1572,#1580,#1582,.F.);
#1580=VERTEX_POINT('NONE',#1581);
#1581=CARTESIAN_POINT('',(4.035606583,7.705,-2.655490861));
#1582=LINE('',#1583,#1584);
#1583=CARTESIAN_POINT('',(4.035606583,7.705,-2.655490861));
#1584=VECTOR('',#1585,1.0);
#1585=DIRECTION('',(0.0,-1.0,0.0));
#1586=ORIENTED_EDGE('',*,*,#1587,.T.);
#1587=EDGE_CURVE('NONE',#1580,#1588,#1590,.F.);
#1588=VERTEX_POINT('NONE',#1589);
#1589=CARTESIAN_POINT('',(4.035606583,7.705,-4.155486926));
#1590=LINE('',#1591,#1592);
#1591=CARTESIAN_POINT('',(4.035606583,7.705,-2.655490861));
#1592=VECTOR('',#1593,1.0);
#1593=DIRECTION('',(0.0,0.0,1.0));
#1594=ORIENTED_EDGE('',*,*,#1595,.T.);
#1595=EDGE_CURVE('NONE',#1588,#1570,#1596,.T.);
#1596=LINE('',#1597,#1598);
#1597=CARTESIAN_POINT('',(4.035606583,7.705,-4.155486926));
#1598=VECTOR('',#1599,1.0);
#1599=DIRECTION('',(0.0,-1.0,0.0));
#1600=PLANE('',#1601);
#1601=AXIS2_PLACEMENT_3D('',#1602,#1603,#1604);
#1602=CARTESIAN_POINT('',(4.035606583,7.705,-2.655490861));
#1603=DIRECTION('',(1.0,0.0,0.0));
#1604=DIRECTION('',(0.0,0.0,-1.0));
#1605=ADVANCED_FACE('NONE',(#1606),#1631,.F.);
#1606=FACE_BOUND('NONE',#1607,.T.);
#1607=EDGE_LOOP('',(#1608,#1616,#1624,#1630));
#1608=ORIENTED_EDGE('',*,*,#1609,.T.);
#1609=EDGE_CURVE('NONE',#1572,#1610,#1612,.T.);
#1610=VERTEX_POINT('NONE',#1611);
#1611=CARTESIAN_POINT('',(4.304863638,7.7,-2.655490861));
#1612=LINE('',#1613,#1614);
#1613=CARTESIAN_POINT('',(4.304863638,7.7,-2.655490861));
#1614=VECTOR('',#1615,1.0);
#1615=DIRECTION('',(1.0,0.0,0.0));
#1616=ORIENTED_EDGE('',*,*,#1617,.T.);
#1617=EDGE_CURVE('NONE',#1610,#1618,#1620,.F.);
#1618=VERTEX_POINT('NONE',#1619);
#1619=CARTESIAN_POINT('',(4.304863638,7.705,-2.655490861));
#1620=LINE('',#1621,#1622);
#1621=CARTESIAN_POINT('',(4.304863638,7.705,-2.655490861));
#1622=VECTOR('',#1623,1.0);
#1623=DIRECTION('',(0.0,-1.0,0.0));
#1624=ORIENTED_EDGE('',*,*,#1625,.T.);
#1625=EDGE_CURVE('NONE',#1618,#1580,#1626,.F.);
#1626=LINE('',#1627,#1628);
#1627=CARTESIAN_POINT('',(4.304863638,7.705,-2.655490861));
#1628=VECTOR('',#1629,1.0);
#1629=DIRECTION('',(1.0,0.0,0.0));
#1630=ORIENTED_EDGE('',*,*,#1579,.F.);
#1631=PLANE('',#1632);
#1632=AXIS2_PLACEMENT_3D('',#1633,#1634,#1635);
#1633=CARTESIAN_POINT('',(4.304863638,7.705,-2.655490861));
#1634=DIRECTION('',(0.0,0.0,-1.0));
#1635=DIRECTION('',(-1.0,0.0,0.0));
#1636=ADVANCED_FACE('NONE',(#1637),#1662,.F.);
#1637=FACE_BOUND('NONE',#1638,.T.);
#1638=EDGE_LOOP('',(#1639,#1647,#1655,#1661));
#1639=ORIENTED_EDGE('',*,*,#1640,.T.);
#1640=EDGE_CURVE('NONE',#1610,#1641,#1643,.T.);
#1641=VERTEX_POINT('NONE',#1642);
#1642=CARTESIAN_POINT('',(4.304863638,7.7,-3.358904844));
#1643=LINE('',#1644,#1645);
#1644=CARTESIAN_POINT('',(4.304863638,7.7,-3.358904844));
#1645=VECTOR('',#1646,1.0);
#1646=DIRECTION('',(0.0,0.0,-1.0));
#1647=ORIENTED_EDGE('',*,*,#1648,.T.);
#1648=EDGE_CURVE('NONE',#1641,#1649,#1651,.F.);
#1649=VERTEX_POINT('NONE',#1650);
#1650=CARTESIAN_POINT('',(4.304863638,7.705,-3.358904844));
#1651=LINE('',#1652,#1653);
#1652=CARTESIAN_POINT('',(4.304863638,7.705,-3.358904844));
#1653=VECTOR('',#1654,1.0);
#1654=DIRECTION('',(0.0,-1.0,0.0));
#1655=ORIENTED_EDGE('',*,*,#1656,.T.);
#1656=EDGE_CURVE('NONE',#1649,#1618,#1657,.F.);
#1657=LINE('',#1658,#1659);
#1658=CARTESIAN_POINT('',(4.304863638,7.705,-3.358904844));
#1659=VECTOR('',#1660,1.0);
#1660=DIRECTION('',(0.0,0.0,-1.0));
#1661=ORIENTED_EDGE('',*,*,#1617,.F.);
#1662=PLANE('',#1663);
#1663=AXIS2_PLACEMENT_3D('',#1664,#1665,#1666);
#1664=CARTESIAN_POINT('',(4.304863638,7.705,-3.358904844));
#1665=DIRECTION('',(-1.0,0.0,0.0));
#1666=DIRECTION('',(0.0,0.0,1.0));
#1667=ADVANCED_FACE('NONE',(#1668),#1693,.F.);
#1668=FACE_BOUND('NONE',#1669,.T.);
#1669=EDGE_LOOP('',(#1670,#1678,#1686,#1692));
#1670=ORIENTED_EDGE('',*,*,#1671,.T.);
#1671=EDGE_CURVE('NONE',#1641,#1672,#1674,.T.);
#1672=VERTEX_POINT('NONE',#1673);
#1673=CARTESIAN_POINT('',(4.797953674,7.7,-2.655490861));
#1674=LINE('',#1675,#1676);
#1675=CARTESIAN_POINT('',(4.797953674,7.7,-2.655490861));
#1676=VECTOR('',#1677,1.0);
#1677=DIRECTION('',(0.574009306,0.0,0.818848775));
#1678=ORIENTED_EDGE('',*,*,#1679,.T.);
#1679=EDGE_CURVE('NONE',#1672,#1680,#1682,.F.);
#1680=VERTEX_POINT('NONE',#1681);
#1681=CARTESIAN_POINT('',(4.797953674,7.705,-2.655490861));
#1682=LINE('',#1683,#1684);
#1683=CARTESIAN_POINT('',(4.797953674,7.705,-2.655490861));
#1684=VECTOR('',#1685,1.0);
#1685=DIRECTION('',(0.0,-1.0,0.0));
#1686=ORIENTED_EDGE('',*,*,#1687,.T.);
#1687=EDGE_CURVE('NONE',#1680,#1649,#1688,.F.);
#1688=LINE('',#1689,#1690);
#1689=CARTESIAN_POINT('',(4.797953674,7.705,-2.655490861));
#1690=VECTOR('',#1691,1.0);
#1691=DIRECTION('',(0.574009306,0.0,0.818848775));
#1692=ORIENTED_EDGE('',*,*,#1648,.F.);
#1693=PLANE('',#1694);
#1694=AXIS2_PLACEMENT_3D('',#1695,#1696,#1697);
#1695=CARTESIAN_POINT('',(4.797953674,7.705,-2.655490861));
#1696=DIRECTION('',(0.818848775,0.0,-0.574009306));
#1697=DIRECTION('',(-0.574009306,0.0,-0.818848775));
#1698=ADVANCED_FACE('NONE',(#1699),#1724,.F.);
#1699=FACE_BOUND('NONE',#1700,.T.);
#1700=EDGE_LOOP('',(#1701,#1709,#1717,#1723));
#1701=ORIENTED_EDGE('',*,*,#1702,.T.);
#1702=EDGE_CURVE('NONE',#1672,#1703,#1705,.T.);
#1703=VERTEX_POINT('NONE',#1704);
#1704=CARTESIAN_POINT('',(5.122164922,7.7,-2.655490861));
#1705=LINE('',#1706,#1707);
#1706=CARTESIAN_POINT('',(5.122164922,7.7,-2.655490861));
#1707=VECTOR('',#1708,1.0);
#1708=DIRECTION('',(1.0,0.0,0.0));
#1709=ORIENTED_EDGE('',*,*,#1710,.T.);
#1710=EDGE_CURVE('NONE',#1703,#1711,#1713,.F.);
#1711=VERTEX_POINT('NONE',#1712);
#1712=CARTESIAN_POINT('',(5.122164922,7.705,-2.655490861));
#1713=LINE('',#1714,#1715);
#1714=CARTESIAN_POINT('',(5.122164922,7.705,-2.655490861));
#1715=VECTOR('',#1716,1.0);
#1716=DIRECTION('',(0.0,-1.0,0.0));
#1717=ORIENTED_EDGE('',*,*,#1718,.T.);
#1718=EDGE_CURVE('NONE',#1711,#1680,#1719,.F.);
#1719=LINE('',#1720,#1721);
#1720=CARTESIAN_POINT('',(5.122164922,7.705,-2.655490861));
#1721=VECTOR('',#1722,1.0);
#1722=DIRECTION('',(1.0,0.0,0.0));
#1723=ORIENTED_EDGE('',*,*,#1679,.F.);
#1724=PLANE('',#1725);
#1725=AXIS2_PLACEMENT_3D('',#1726,#1727,#1728);
#1726=CARTESIAN_POINT('',(5.122164922,7.705,-2.655490861));
#1727=DIRECTION('',(0.0,0.0,-1.0));
#1728=DIRECTION('',(-1.0,0.0,0.0));
#1729=ADVANCED_FACE('NONE',(#1730),#1755,.F.);
#1730=FACE_BOUND('NONE',#1731,.T.);
#1731=EDGE_LOOP('',(#1732,#1740,#1748,#1754));
#1732=ORIENTED_EDGE('',*,*,#1733,.T.);
#1733=EDGE_CURVE('NONE',#1703,#1734,#1736,.T.);
#1734=VERTEX_POINT('NONE',#1735);
#1735=CARTESIAN_POINT('',(4.535626348,7.7,-3.492028911));
#1736=LINE('',#1737,#1738);
#1737=CARTESIAN_POINT('',(4.535626348,7.7,-3.492028911));
#1738=VECTOR('',#1739,1.0);
#1739=DIRECTION('',(-0.574094073,0.0,-0.818789347));
#1740=ORIENTED_EDGE('',*,*,#1741,.T.);
#1741=EDGE_CURVE('NONE',#1734,#1742,#1744,.F.);
#1742=VERTEX_POINT('NONE',#1743);
#1743=CARTESIAN_POINT('',(4.535626348,7.705,-3.492028911));
#1744=LINE('',#1745,#1746);
#1745=CARTESIAN_POINT('',(4.535626348,7.705,-3.492028911));
#1746=VECTOR('',#1747,1.0);
#1747=DIRECTION('',(0.0,-1.0,0.0));
#1748=ORIENTED_EDGE('',*,*,#1749,.T.);
#1749=EDGE_CURVE('NONE',#1742,#1711,#1750,.F.);
#1750=LINE('',#1751,#1752);
#1751=CARTESIAN_POINT('',(4.535626348,7.705,-3.492028911));
#1752=VECTOR('',#1753,1.0);
#1753=DIRECTION('',(-0.574094073,0.0,-0.818789347));
#1754=ORIENTED_EDGE('',*,*,#1710,.F.);
#1755=PLANE('',#1756);
#1756=AXIS2_PLACEMENT_3D('',#1757,#1758,#1759);
#1757=CARTESIAN_POINT('',(4.535626348,7.705,-3.492028911));
#1758=DIRECTION('',(-0.818789347,0.0,0.574094073));
#1759=DIRECTION('',(0.574094073,0.0,0.818789347));
#1760=ADVANCED_FACE('NONE',(#1761),#1786,.F.);
#1761=FACE_BOUND('NONE',#1762,.T.);
#1762=EDGE_LOOP('',(#1763,#1771,#1779,#1785));
#1763=ORIENTED_EDGE('',*,*,#1764,.T.);
#1764=EDGE_CURVE('NONE',#1734,#1765,#1767,.T.);
#1765=VERTEX_POINT('NONE',#1766);
#1766=CARTESIAN_POINT('',(5.070179967,7.7,-4.155486899));
#1767=LINE('',#1768,#1769);
#1768=CARTESIAN_POINT('',(5.070179967,7.7,-4.155486899));
#1769=VECTOR('',#1770,1.0);
#1770=DIRECTION('',(0.627401676,0.0,-0.778695792));
#1771=ORIENTED_EDGE('',*,*,#1772,.T.);
#1772=EDGE_CURVE('NONE',#1765,#1773,#1775,.F.);
#1773=VERTEX_POINT('NONE',#1774);
#1774=CARTESIAN_POINT('',(5.070179967,7.705,-4.155486899));
#1775=LINE('',#1776,#1777);
#1776=CARTESIAN_POINT('',(5.070179967,7.705,-4.155486899));
#1777=VECTOR('',#1778,1.0);
#1778=DIRECTION('',(0.0,-1.0,0.0));
#1779=ORIENTED_EDGE('',*,*,#1780,.T.);
#1780=EDGE_CURVE('NONE',#1773,#1742,#1781,.F.);
#1781=LINE('',#1782,#1783);
#1782=CARTESIAN_POINT('',(5.070179967,7.705,-4.155486899));
#1783=VECTOR('',#1784,1.0);
#1784=DIRECTION('',(0.627401676,0.0,-0.778695792));
#1785=ORIENTED_EDGE('',*,*,#1741,.F.);
#1786=PLANE('',#1787);
#1787=AXIS2_PLACEMENT_3D('',#1788,#1789,#1790);
#1788=CARTESIAN_POINT('',(5.070179967,7.705,-4.155486899));
#1789=DIRECTION('',(-0.778695792,0.0,-0.627401676));
#1790=DIRECTION('',(-0.627401676,0.0,0.778695792));
#1791=ADVANCED_FACE('NONE',(#1792),#1817,.F.);
#1792=FACE_BOUND('NONE',#1793,.T.);
#1793=EDGE_LOOP('',(#1794,#1802,#1810,#1816));
#1794=ORIENTED_EDGE('',*,*,#1795,.T.);
#1795=EDGE_CURVE('NONE',#1765,#1796,#1798,.T.);
#1796=VERTEX_POINT('NONE',#1797);
#1797=CARTESIAN_POINT('',(4.730335371,7.7,-4.155486899));
#1798=LINE('',#1799,#1800);
#1799=CARTESIAN_POINT('',(4.730335371,7.7,-4.155486899));
#1800=VECTOR('',#1801,1.0);
#1801=DIRECTION('',(-1.0,0.0,0.0));
#1802=ORIENTED_EDGE('',*,*,#1803,.T.);
#1803=EDGE_CURVE('NONE',#1796,#1804,#1806,.F.);
#1804=VERTEX_POINT('NONE',#1805);
#1805=CARTESIAN_POINT('',(4.730335371,7.705,-4.155486899));
#1806=LINE('',#1807,#1808);
#1807=CARTESIAN_POINT('',(4.730335371,7.705,-4.155486899));
#1808=VECTOR('',#1809,1.0);
#1809=DIRECTION('',(0.0,-1.0,0.0));
#1810=ORIENTED_EDGE('',*,*,#1811,.T.);
#1811=EDGE_CURVE('NONE',#1804,#1773,#1812,.F.);
#1812=LINE('',#1813,#1814);
#1813=CARTESIAN_POINT('',(4.730335371,7.705,-4.155486899));
#1814=VECTOR('',#1815,1.0);
#1815=DIRECTION('',(-1.0,0.0,0.0));
#1816=ORIENTED_EDGE('',*,*,#1772,.F.);
#1817=PLANE('',#1818);
#1818=AXIS2_PLACEMENT_3D('',#1819,#1820,#1821);
#1819=CARTESIAN_POINT('',(4.730335371,7.705,-4.155486899));
#1820=DIRECTION('',(0.0,0.0,1.0));
#1821=DIRECTION('',(1.0,0.0,0.0));
#1822=ADVANCED_FACE('NONE',(#1823),#1848,.F.);
#1823=FACE_BOUND('NONE',#1824,.T.);
#1824=EDGE_LOOP('',(#1825,#1833,#1841,#1847));
#1825=ORIENTED_EDGE('',*,*,#1826,.T.);
#1826=EDGE_CURVE('NONE',#1796,#1827,#1829,.T.);
#1827=VERTEX_POINT('NONE',#1828);
#1828=CARTESIAN_POINT('',(4.304863638,7.7,-3.628159085));
#1829=LINE('',#1830,#1831);
#1830=CARTESIAN_POINT('',(4.304863638,7.7,-3.628159085));
#1831=VECTOR('',#1832,1.0);
#1832=DIRECTION('',(-0.627937874,0.0,0.778263468));
#1833=ORIENTED_EDGE('',*,*,#1834,.T.);
#1834=EDGE_CURVE('NONE',#1827,#1835,#1837,.F.);
#1835=VERTEX_POINT('NONE',#1836);
#1836=CARTESIAN_POINT('',(4.304863638,7.705,-3.628159085));
#1837=LINE('',#1838,#1839);
#1838=CARTESIAN_POINT('',(4.304863638,7.705,-3.628159085));
#1839=VECTOR('',#1840,1.0);
#1840=DIRECTION('',(0.0,-1.0,0.0));
#1841=ORIENTED_EDGE('',*,*,#1842,.T.);
#1842=EDGE_CURVE('NONE',#1835,#1804,#1843,.F.);
#1843=LINE('',#1844,#1845);
#1844=CARTESIAN_POINT('',(4.304863638,7.705,-3.628159085));
#1845=VECTOR('',#1846,1.0);
#1846=DIRECTION('',(-0.627937874,0.0,0.778263468));
#1847=ORIENTED_EDGE('',*,*,#1803,.F.);
#1848=PLANE('',#1849);
#1849=AXIS2_PLACEMENT_3D('',#1850,#1851,#1852);
#1850=CARTESIAN_POINT('',(4.304863638,7.705,-3.628159085));
#1851=DIRECTION('',(0.778263468,0.0,0.627937874));
#1852=DIRECTION('',(0.627937874,0.0,-0.778263468));
#1853=ADVANCED_FACE('NONE',(#1854),#1879,.F.);
#1854=FACE_BOUND('NONE',#1855,.T.);
#1855=EDGE_LOOP('',(#1856,#1864,#1872,#1878));
#1856=ORIENTED_EDGE('',*,*,#1857,.T.);
#1857=EDGE_CURVE('NONE',#1827,#1858,#1860,.T.);
#1858=VERTEX_POINT('NONE',#1859);
#1859=CARTESIAN_POINT('',(4.304863638,7.7,-4.155486926));
#1860=LINE('',#1861,#1862);
#1861=CARTESIAN_POINT('',(4.304863638,7.7,-4.155486926));
#1862=VECTOR('',#1863,1.0);
#1863=DIRECTION('',(0.0,0.0,-1.0));
#1864=ORIENTED_EDGE('',*,*,#1865,.T.);
#1865=EDGE_CURVE('NONE',#1858,#1866,#1868,.F.);
#1866=VERTEX_POINT('NONE',#1867);
#1867=CARTESIAN_POINT('',(4.304863638,7.705,-4.155486926));
#1868=LINE('',#1869,#1870);
#1869=CARTESIAN_POINT('',(4.304863638,7.705,-4.155486926));
#1870=VECTOR('',#1871,1.0);
#1871=DIRECTION('',(0.0,-1.0,0.0));
#1872=ORIENTED_EDGE('',*,*,#1873,.T.);
#1873=EDGE_CURVE('NONE',#1866,#1835,#1874,.F.);
#1874=LINE('',#1875,#1876);
#1875=CARTESIAN_POINT('',(4.304863638,7.705,-4.155486926));
#1876=VECTOR('',#1877,1.0);
#1877=DIRECTION('',(0.0,0.0,-1.0));
#1878=ORIENTED_EDGE('',*,*,#1834,.F.);
#1879=PLANE('',#1880);
#1880=AXIS2_PLACEMENT_3D('',#1881,#1882,#1883);
#1881=CARTESIAN_POINT('',(4.304863638,7.705,-4.155486926));
#1882=DIRECTION('',(-1.0,0.0,0.0));
#1883=DIRECTION('',(0.0,0.0,1.0));
#1884=ADVANCED_FACE('NONE',(#1885),#1901,.F.);
#1885=FACE_BOUND('NONE',#1886,.T.);
#1886=EDGE_LOOP('',(#1887,#1893,#1894,#1900));
#1887=ORIENTED_EDGE('',*,*,#1888,.T.);
#1888=EDGE_CURVE('NONE',#1858,#1570,#1889,.T.);
#1889=LINE('',#1890,#1891);
#1890=CARTESIAN_POINT('',(4.035606583,7.7,-4.155486926));
#1891=VECTOR('',#1892,1.0);
#1892=DIRECTION('',(-1.0,0.0,0.0));
#1893=ORIENTED_EDGE('',*,*,#1595,.F.);
#1894=ORIENTED_EDGE('',*,*,#1895,.T.);
#1895=EDGE_CURVE('NONE',#1588,#1866,#1896,.F.);
#1896=LINE('',#1897,#1898);
#1897=CARTESIAN_POINT('',(4.035606583,7.705,-4.155486926));
#1898=VECTOR('',#1899,1.0);
#1899=DIRECTION('',(-1.0,0.0,0.0));
#1900=ORIENTED_EDGE('',*,*,#1865,.F.);
#1901=PLANE('',#1902);
#1902=AXIS2_PLACEMENT_3D('',#1903,#1904,#1905);
#1903=CARTESIAN_POINT('',(4.035606583,7.705,-4.155486926));
#1904=DIRECTION('',(0.0,0.0,1.0));
#1905=DIRECTION('',(1.0,0.0,0.0));
#1906=ADVANCED_FACE('NONE',(#1907),#1920,.F.);
#1907=FACE_BOUND('NONE',#1908,.T.);
#1908=EDGE_LOOP('',(#1909,#1910,#1911,#1912,#1913,#1914,#1915,#1916,#1917,#1918,#1919));
#1909=ORIENTED_EDGE('',*,*,#1587,.F.);
#1910=ORIENTED_EDGE('',*,*,#1625,.F.);
#1911=ORIENTED_EDGE('',*,*,#1656,.F.);
#1912=ORIENTED_EDGE('',*,*,#1687,.F.);
#1913=ORIENTED_EDGE('',*,*,#1718,.F.);
#1914=ORIENTED_EDGE('',*,*,#1749,.F.);
#1915=ORIENTED_EDGE('',*,*,#1780,.F.);
#1916=ORIENTED_EDGE('',*,*,#1811,.F.);
#1917=ORIENTED_EDGE('',*,*,#1842,.F.);
#1918=ORIENTED_EDGE('',*,*,#1873,.F.);
#1919=ORIENTED_EDGE('',*,*,#1895,.F.);
#1920=PLANE('',#1921);
#1921=AXIS2_PLACEMENT_3D('',#1922,#1923,#1924);
#1922=CARTESIAN_POINT('',(0.388261004,7.705,-0.017491156));
#1923=DIRECTION('',(0.0,-1.0,0.0));
#1924=DIRECTION('',(0.0,0.0,-1.0));
#1925=ADVANCED_FACE('NONE',(#1926),#1939,.T.);
#1926=FACE_BOUND('NONE',#1927,.T.);
#1927=EDGE_LOOP('',(#1928,#1929,#1930,#1931,#1932,#1933,#1934,#1935,#1936,#1937,#1938));
#1928=ORIENTED_EDGE('',*,*,#1569,.F.);
#1929=ORIENTED_EDGE('',*,*,#1888,.F.);
#1930=ORIENTED_EDGE('',*,*,#1857,.F.);
#1931=ORIENTED_EDGE('',*,*,#1826,.F.);
#1932=ORIENTED_EDGE('',*,*,#1795,.F.);
#1933=ORIENTED_EDGE('',*,*,#1764,.F.);
#1934=ORIENTED_EDGE('',*,*,#1733,.F.);
#1935=ORIENTED_EDGE('',*,*,#1702,.F.);
#1936=ORIENTED_EDGE('',*,*,#1671,.F.);
#1937=ORIENTED_EDGE('',*,*,#1640,.F.);
#1938=ORIENTED_EDGE('',*,*,#1609,.F.);
#1939=PLANE('',#1940);
#1940=AXIS2_PLACEMENT_3D('',#1941,#1942,#1943);
#1941=CARTESIAN_POINT('',(0.388261004,7.7,-0.017491156));
#1942=DIRECTION('',(0.0,-1.0,0.0));
#1943=DIRECTION('',(0.0,0.0,-1.0));
#1944=MANIFOLD_SOLID_BREP('Body-Move/Copy1[2]',#1945);
#1945=CLOSED_SHELL('NONE',(#1946,#1986,#2017,#2048,#2070,#2082));
#1946=ADVANCED_FACE('NONE',(#1947),#1981,.F.);
#1947=FACE_BOUND('NONE',#1948,.T.);
#1948=EDGE_LOOP('',(#1949,#1959,#1967,#1975));
#1949=ORIENTED_EDGE('',*,*,#1950,.T.);
#1950=EDGE_CURVE('NONE',#1951,#1953,#1955,.T.);
#1951=VERTEX_POINT('NONE',#1952);
#1952=CARTESIAN_POINT('',(3.99976,7.7,-4.288889351));
#1953=VERTEX_POINT('NONE',#1954);
#1954=CARTESIAN_POINT('',(5.125736717,7.7,-4.288889351));
#1955=LINE('',#1956,#1957);
#1956=CARTESIAN_POINT('',(5.125736717,7.7,-4.288889351));
#1957=VECTOR('',#1958,1.0);
#1958=DIRECTION('',(1.0,0.0,0.0));
#1959=ORIENTED_EDGE('',*,*,#1960,.T.);
#1960=EDGE_CURVE('NONE',#1953,#1961,#1963,.F.);
#1961=VERTEX_POINT('NONE',#1962);
#1962=CARTESIAN_POINT('',(5.125736717,7.705,-4.288889351));
#1963=LINE('',#1964,#1965);
#1964=CARTESIAN_POINT('',(5.125736717,7.705,-4.288889351));
#1965=VECTOR('',#1966,1.0);
#1966=DIRECTION('',(0.0,-1.0,0.0));
#1967=ORIENTED_EDGE('',*,*,#1968,.T.);
#1968=EDGE_CURVE('NONE',#1961,#1969,#1971,.F.);
#1969=VERTEX_POINT('NONE',#1970);
#1970=CARTESIAN_POINT('',(3.99976,7.705,-4.288889351));
#1971=LINE('',#1972,#1973);
#1972=CARTESIAN_POINT('',(5.125736717,7.705,-4.288889351));
#1973=VECTOR('',#1974,1.0);
#1974=DIRECTION('',(1.0,0.0,0.0));
#1975=ORIENTED_EDGE('',*,*,#1976,.T.);
#1976=EDGE_CURVE('NONE',#1969,#1951,#1977,.T.);
#1977=LINE('',#1978,#1979);
#1978=CARTESIAN_POINT('',(3.99976,7.705,-4.288889351));
#1979=VECTOR('',#1980,1.0);
#1980=DIRECTION('',(0.0,-1.0,0.0));
#1981=PLANE('',#1982);
#1982=AXIS2_PLACEMENT_3D('',#1983,#1984,#1985);
#1983=CARTESIAN_POINT('',(5.125736717,7.705,-4.288889351));
#1984=DIRECTION('',(0.0,0.0,-1.0));
#1985=DIRECTION('',(-1.0,0.0,0.0));
#1986=ADVANCED_FACE('NONE',(#1987),#2012,.F.);
#1987=FACE_BOUND('NONE',#1988,.T.);
#1988=EDGE_LOOP('',(#1989,#1997,#2005,#2011));
#1989=ORIENTED_EDGE('',*,*,#1990,.T.);
#1990=EDGE_CURVE('NONE',#1953,#1991,#1993,.T.);
#1991=VERTEX_POINT('NONE',#1992);
#1992=CARTESIAN_POINT('',(5.125736717,7.7,-4.549903299));
#1993=LINE('',#1994,#1995);
#1994=CARTESIAN_POINT('',(5.125736717,7.7,-4.549903299));
#1995=VECTOR('',#1996,1.0);
#1996=DIRECTION('',(0.0,0.0,-1.0));
#1997=ORIENTED_EDGE('',*,*,#1998,.T.);
#1998=EDGE_CURVE('NONE',#1991,#1999,#2001,.F.);
#1999=VERTEX_POINT('NONE',#2000);
#2000=CARTESIAN_POINT('',(5.125736717,7.705,-4.549903299));
#2001=LINE('',#2002,#2003);
#2002=CARTESIAN_POINT('',(5.125736717,7.705,-4.549903299));
#2003=VECTOR('',#2004,1.0);
#2004=DIRECTION('',(0.0,-1.0,0.0));
#2005=ORIENTED_EDGE('',*,*,#2006,.T.);
#2006=EDGE_CURVE('NONE',#1999,#1961,#2007,.F.);
#2007=LINE('',#2008,#2009);
#2008=CARTESIAN_POINT('',(5.125736717,7.705,-4.549903299));
#2009=VECTOR('',#2010,1.0);
#2010=DIRECTION('',(0.0,0.0,-1.0));
#2011=ORIENTED_EDGE('',*,*,#1960,.F.);
#2012=PLANE('',#2013);
#2013=AXIS2_PLACEMENT_3D('',#2014,#2015,#2016);
#2014=CARTESIAN_POINT('',(5.125736717,7.705,-4.549903299));
#2015=DIRECTION('',(-1.0,0.0,0.0));
#2016=DIRECTION('',(0.0,0.0,1.0));
#2017=ADVANCED_FACE('NONE',(#2018),#2043,.F.);
#2018=FACE_BOUND('NONE',#2019,.T.);
#2019=EDGE_LOOP('',(#2020,#2028,#2036,#2042));
#2020=ORIENTED_EDGE('',*,*,#2021,.T.);
#2021=EDGE_CURVE('NONE',#1991,#2022,#2024,.T.);
#2022=VERTEX_POINT('NONE',#2023);
#2023=CARTESIAN_POINT('',(3.99976,7.7,-4.549903299));
#2024=LINE('',#2025,#2026);
#2025=CARTESIAN_POINT('',(3.99976,7.7,-4.549903299));
#2026=VECTOR('',#2027,1.0);
#2027=DIRECTION('',(-1.0,0.0,0.0));
#2028=ORIENTED_EDGE('',*,*,#2029,.T.);
#2029=EDGE_CURVE('NONE',#2022,#2030,#2032,.F.);
#2030=VERTEX_POINT('NONE',#2031);
#2031=CARTESIAN_POINT('',(3.99976,7.705,-4.549903299));
#2032=LINE('',#2033,#2034);
#2033=CARTESIAN_POINT('',(3.99976,7.705,-4.549903299));
#2034=VECTOR('',#2035,1.0);
#2035=DIRECTION('',(0.0,-1.0,0.0));
#2036=ORIENTED_EDGE('',*,*,#2037,.T.);
#2037=EDGE_CURVE('NONE',#2030,#1999,#2038,.F.);
#2038=LINE('',#2039,#2040);
#2039=CARTESIAN_POINT('',(3.99976,7.705,-4.549903299));
#2040=VECTOR('',#2041,1.0);
#2041=DIRECTION('',(-1.0,0.0,0.0));
#2042=ORIENTED_EDGE('',*,*,#1998,.F.);
#2043=PLANE('',#2044);
#2044=AXIS2_PLACEMENT_3D('',#2045,#2046,#2047);
#2045=CARTESIAN_POINT('',(3.99976,7.705,-4.549903299));
#2046=DIRECTION('',(0.0,0.0,1.0));
#2047=DIRECTION('',(1.0,0.0,0.0));
#2048=ADVANCED_FACE('NONE',(#2049),#2065,.F.);
#2049=FACE_BOUND('NONE',#2050,.T.);
#2050=EDGE_LOOP('',(#2051,#2057,#2058,#2064));
#2051=ORIENTED_EDGE('',*,*,#2052,.T.);
#2052=EDGE_CURVE('NONE',#2022,#1951,#2053,.T.);
#2053=LINE('',#2054,#2055);
#2054=CARTESIAN_POINT('',(3.99976,7.7,-4.288889351));
#2055=VECTOR('',#2056,1.0);
#2056=DIRECTION('',(0.0,0.0,1.0));
#2057=ORIENTED_EDGE('',*,*,#1976,.F.);
#2058=ORIENTED_EDGE('',*,*,#2059,.T.);
#2059=EDGE_CURVE('NONE',#1969,#2030,#2060,.F.);
#2060=LINE('',#2061,#2062);
#2061=CARTESIAN_POINT('',(3.99976,7.705,-4.288889351));
#2062=VECTOR('',#2063,1.0);
#2063=DIRECTION('',(0.0,0.0,1.0));
#2064=ORIENTED_EDGE('',*,*,#2029,.F.);
#2065=PLANE('',#2066);
#2066=AXIS2_PLACEMENT_3D('',#2067,#2068,#2069);
#2067=CARTESIAN_POINT('',(3.99976,7.705,-4.288889351));
#2068=DIRECTION('',(1.0,0.0,0.0));
#2069=DIRECTION('',(0.0,0.0,-1.0));
#2070=ADVANCED_FACE('NONE',(#2071),#2077,.F.);
#2071=FACE_BOUND('NONE',#2072,.T.);
#2072=EDGE_LOOP('',(#2073,#2074,#2075,#2076));
#2073=ORIENTED_EDGE('',*,*,#1968,.F.);
#2074=ORIENTED_EDGE('',*,*,#2006,.F.);
#2075=ORIENTED_EDGE('',*,*,#2037,.F.);
#2076=ORIENTED_EDGE('',*,*,#2059,.F.);
#2077=PLANE('',#2078);
#2078=AXIS2_PLACEMENT_3D('',#2079,#2080,#2081);
#2079=CARTESIAN_POINT('',(0.388261004,7.705,-0.017491156));
#2080=DIRECTION('',(0.0,-1.0,0.0));
#2081=DIRECTION('',(0.0,0.0,-1.0));
#2082=ADVANCED_FACE('NONE',(#2083),#2089,.T.);
#2083=FACE_BOUND('NONE',#2084,.T.);
#2084=EDGE_LOOP('',(#2085,#2086,#2087,#2088));
#2085=ORIENTED_EDGE('',*,*,#1950,.F.);
#2086=ORIENTED_EDGE('',*,*,#2052,.F.);
#2087=ORIENTED_EDGE('',*,*,#2021,.F.);
#2088=ORIENTED_EDGE('',*,*,#1990,.F.);
#2089=PLANE('',#2090);
#2090=AXIS2_PLACEMENT_3D('',#2091,#2092,#2093);
#2091=CARTESIAN_POINT('',(0.388261004,7.7,-0.017491156));
#2092=DIRECTION('',(0.0,-1.0,0.0));
#2093=DIRECTION('',(0.0,0.0,-1.0));
#2094=MANIFOLD_SOLID_BREP('Body-Move/Copy1[3]',#2095);
#2095=CLOSED_SHELL('NONE',(#2096,#2136,#2167,#2198,#2220,#2232));
#2096=ADVANCED_FACE('NONE',(#2097),#2131,.F.);
#2097=FACE_BOUND('NONE',#2098,.T.);
#2098=EDGE_LOOP('',(#2099,#2109,#2117,#2125));
#2099=ORIENTED_EDGE('',*,*,#2100,.T.);
#2100=EDGE_CURVE('NONE',#2101,#2103,#2105,.T.);
#2101=VERTEX_POINT('NONE',#2102);
#2102=CARTESIAN_POINT('',(5.125736717,7.7,-2.505693948));
#2103=VERTEX_POINT('NONE',#2104);
#2104=CARTESIAN_POINT('',(3.99976,7.7,-2.505693948));
#2105=LINE('',#2106,#2107);
#2106=CARTESIAN_POINT('',(5.125736717,7.7,-2.505693948));
#2107=VECTOR('',#2108,1.0);
#2108=DIRECTION('',(-1.0,0.0,0.0));
#2109=ORIENTED_EDGE('',*,*,#2110,.T.);
#2110=EDGE_CURVE('NONE',#2103,#2111,#2113,.F.);
#2111=VERTEX_POINT('NONE',#2112);
#2112=CARTESIAN_POINT('',(3.99976,7.705,-2.505693948));
#2113=LINE('',#2114,#2115);
#2114=CARTESIAN_POINT('',(3.99976,7.705,-2.505693948));
#2115=VECTOR('',#2116,1.0);
#2116=DIRECTION('',(0.0,-1.0,0.0));
#2117=ORIENTED_EDGE('',*,*,#2118,.T.);
#2118=EDGE_CURVE('NONE',#2111,#2119,#2121,.F.);
#2119=VERTEX_POINT('NONE',#2120);
#2120=CARTESIAN_POINT('',(5.125736717,7.705,-2.505693948));
#2121=LINE('',#2122,#2123);
#2122=CARTESIAN_POINT('',(5.125736717,7.705,-2.505693948));
#2123=VECTOR('',#2124,1.0);
#2124=DIRECTION('',(-1.0,0.0,0.0));
#2125=ORIENTED_EDGE('',*,*,#2126,.T.);
#2126=EDGE_CURVE('NONE',#2119,#2101,#2127,.T.);
#2127=LINE('',#2128,#2129);
#2128=CARTESIAN_POINT('',(5.125736717,7.705,-2.505693948));
#2129=VECTOR('',#2130,1.0);
#2130=DIRECTION('',(0.0,-1.0,0.0));
#2131=PLANE('',#2132);
#2132=AXIS2_PLACEMENT_3D('',#2133,#2134,#2135);
#2133=CARTESIAN_POINT('',(5.125736717,7.705,-2.505693948));
#2134=DIRECTION('',(0.0,0.0,1.0));
#2135=DIRECTION('',(1.0,0.0,0.0));
#2136=ADVANCED_FACE('NONE',(#2137),#2162,.F.);
#2137=FACE_BOUND('NONE',#2138,.T.);
#2138=EDGE_LOOP('',(#2139,#2147,#2155,#2161));
#2139=ORIENTED_EDGE('',*,*,#2140,.T.);
#2140=EDGE_CURVE('NONE',#2103,#2141,#2143,.T.);
#2141=VERTEX_POINT('NONE',#2142);
#2142=CARTESIAN_POINT('',(3.99976,7.7,-2.24468));
#2143=LINE('',#2144,#2145);
#2144=CARTESIAN_POINT('',(3.99976,7.7,-2.505693948));
#2145=VECTOR('',#2146,1.0);
#2146=DIRECTION('',(0.0,0.0,1.0));
#2147=ORIENTED_EDGE('',*,*,#2148,.T.);
#2148=EDGE_CURVE('NONE',#2141,#2149,#2151,.F.);
#2149=VERTEX_POINT('NONE',#2150);
#2150=CARTESIAN_POINT('',(3.99976,7.705,-2.24468));
#2151=LINE('',#2152,#2153);
#2152=CARTESIAN_POINT('',(3.99976,7.705,-2.24468));
#2153=VECTOR('',#2154,1.0);
#2154=DIRECTION('',(0.0,-1.0,0.0));
#2155=ORIENTED_EDGE('',*,*,#2156,.T.);
#2156=EDGE_CURVE('NONE',#2149,#2111,#2157,.F.);
#2157=LINE('',#2158,#2159);
#2158=CARTESIAN_POINT('',(3.99976,7.705,-2.505693948));
#2159=VECTOR('',#2160,1.0);
#2160=DIRECTION('',(0.0,0.0,1.0));
#2161=ORIENTED_EDGE('',*,*,#2110,.F.);
#2162=PLANE('',#2163);
#2163=AXIS2_PLACEMENT_3D('',#2164,#2165,#2166);
#2164=CARTESIAN_POINT('',(3.99976,7.705,-2.505693948));
#2165=DIRECTION('',(1.0,0.0,0.0));
#2166=DIRECTION('',(0.0,0.0,-1.0));
#2167=ADVANCED_FACE('NONE',(#2168),#2193,.F.);
#2168=FACE_BOUND('NONE',#2169,.T.);
#2169=EDGE_LOOP('',(#2170,#2178,#2186,#2192));
#2170=ORIENTED_EDGE('',*,*,#2171,.T.);
#2171=EDGE_CURVE('NONE',#2141,#2172,#2174,.T.);
#2172=VERTEX_POINT('NONE',#2173);
#2173=CARTESIAN_POINT('',(5.125736717,7.7,-2.24468));
#2174=LINE('',#2175,#2176);
#2175=CARTESIAN_POINT('',(3.99976,7.7,-2.24468));
#2176=VECTOR('',#2177,1.0);
#2177=DIRECTION('',(1.0,0.0,0.0));
#2178=ORIENTED_EDGE('',*,*,#2179,.T.);
#2179=EDGE_CURVE('NONE',#2172,#2180,#2182,.F.);
#2180=VERTEX_POINT('NONE',#2181);
#2181=CARTESIAN_POINT('',(5.125736717,7.705,-2.24468));
#2182=LINE('',#2183,#2184);
#2183=CARTESIAN_POINT('',(5.125736717,7.705,-2.24468));
#2184=VECTOR('',#2185,1.0);
#2185=DIRECTION('',(0.0,-1.0,0.0));
#2186=ORIENTED_EDGE('',*,*,#2187,.T.);
#2187=EDGE_CURVE('NONE',#2180,#2149,#2188,.F.);
#2188=LINE('',#2189,#2190);
#2189=CARTESIAN_POINT('',(3.99976,7.705,-2.24468));
#2190=VECTOR('',#2191,1.0);
#2191=DIRECTION('',(1.0,0.0,0.0));
#2192=ORIENTED_EDGE('',*,*,#2148,.F.);
#2193=PLANE('',#2194);
#2194=AXIS2_PLACEMENT_3D('',#2195,#2196,#2197);
#2195=CARTESIAN_POINT('',(3.99976,7.705,-2.24468));
#2196=DIRECTION('',(0.0,0.0,-1.0));
#2197=DIRECTION('',(-1.0,0.0,0.0));
#2198=ADVANCED_FACE('NONE',(#2199),#2215,.F.);
#2199=FACE_BOUND('NONE',#2200,.T.);
#2200=EDGE_LOOP('',(#2201,#2207,#2208,#2214));
#2201=ORIENTED_EDGE('',*,*,#2202,.T.);
#2202=EDGE_CURVE('NONE',#2172,#2101,#2203,.T.);
#2203=LINE('',#2204,#2205);
#2204=CARTESIAN_POINT('',(5.125736717,7.7,-2.24468));
#2205=VECTOR('',#2206,1.0);
#2206=DIRECTION('',(0.0,0.0,-1.0));
#2207=ORIENTED_EDGE('',*,*,#2126,.F.);
#2208=ORIENTED_EDGE('',*,*,#2209,.T.);
#2209=EDGE_CURVE('NONE',#2119,#2180,#2210,.F.);
#2210=LINE('',#2211,#2212);
#2211=CARTESIAN_POINT('',(5.125736717,7.705,-2.24468));
#2212=VECTOR('',#2213,1.0);
#2213=DIRECTION('',(0.0,0.0,-1.0));
#2214=ORIENTED_EDGE('',*,*,#2179,.F.);
#2215=PLANE('',#2216);
#2216=AXIS2_PLACEMENT_3D('',#2217,#2218,#2219);
#2217=CARTESIAN_POINT('',(5.125736717,7.705,-2.24468));
#2218=DIRECTION('',(-1.0,0.0,0.0));
#2219=DIRECTION('',(0.0,0.0,1.0));
#2220=ADVANCED_FACE('NONE',(#2221),#2227,.T.);
#2221=FACE_BOUND('NONE',#2222,.T.);
#2222=EDGE_LOOP('',(#2223,#2224,#2225,#2226));
#2223=ORIENTED_EDGE('',*,*,#2118,.F.);
#2224=ORIENTED_EDGE('',*,*,#2156,.F.);
#2225=ORIENTED_EDGE('',*,*,#2187,.F.);
#2226=ORIENTED_EDGE('',*,*,#2209,.F.);
#2227=PLANE('',#2228);
#2228=AXIS2_PLACEMENT_3D('',#2229,#2230,#2231);
#2229=CARTESIAN_POINT('',(0.388261004,7.705,-0.017491156));
#2230=DIRECTION('',(0.0,1.0,0.0));
#2231=DIRECTION('',(0.0,0.0,1.0));
#2232=ADVANCED_FACE('NONE',(#2233),#2239,.F.);
#2233=FACE_BOUND('NONE',#2234,.T.);
#2234=EDGE_LOOP('',(#2235,#2236,#2237,#2238));
#2235=ORIENTED_EDGE('',*,*,#2100,.F.);
#2236=ORIENTED_EDGE('',*,*,#2202,.F.);
#2237=ORIENTED_EDGE('',*,*,#2171,.F.);
#2238=ORIENTED_EDGE('',*,*,#2140,.F.);
#2239=PLANE('',#2240);
#2240=AXIS2_PLACEMENT_3D('',#2241,#2242,#2243);
#2241=CARTESIAN_POINT('',(0.388261004,7.7,-0.017491156));
#2242=DIRECTION('',(0.0,1.0,0.0));
#2243=DIRECTION('',(0.0,0.0,1.0));
#2244=AXIS2_PLACEMENT_3D('',#2245,#2246,#2247);
#2245=CARTESIAN_POINT('',(0.0,0.0,0.0));
#2246=DIRECTION('',(0.0,0.0,1.0));
#2247=DIRECTION('',(1.0,0.0,0.0));
#2248=(GEOMETRIC_REPRESENTATION_CONTEXT(3)GLOBAL_UNCERTAINTY_ASSIGNED_CONTEXT((#2252))GLOBAL_UNIT_ASSIGNED_CONTEXT((#2249,#2250,#2251))REPRESENTATION_CONTEXT('',''));
#2249=(LENGTH_UNIT()NAMED_UNIT(*)SI_UNIT(.MILLI.,.METRE.));
#2250=(NAMED_UNIT(*)PLANE_ANGLE_UNIT()SI_UNIT($,.RADIAN.));
#2251=(NAMED_UNIT(*)SI_UNIT($,.STERADIAN.)SOLID_ANGLE_UNIT());
#2252=UNCERTAINTY_MEASURE_WITH_UNIT(LENGTH_MEASURE(1.0E-07),#2249,'','maximum tolerance');
#2253=ADVANCED_BREP_SHAPE_REPRESENTATION('',(#9,#1191,#1563,#1944,#2094,#2244),#2248);
#2254=SHAPE_DEFINITION_REPRESENTATION(#8,#2253);
#2255=PRODUCT_RELATED_PRODUCT_CATEGORY('part',$,(#4));
#2256=STYLED_ITEM('',(#2257),#9);
#2257=PRESENTATION_STYLE_ASSIGNMENT((#2258));
#2258=SURFACE_STYLE_USAGE(.BOTH.,#2259);
#2259=SURFACE_SIDE_STYLE('',(#2260));
#2260=SURFACE_STYLE_FILL_AREA(#2261);
#2261=FILL_AREA_STYLE('',(#2263));
#2262=COLOUR_RGB('',0.792156875,0.819607854,0.933333337);
#2263=FILL_AREA_STYLE_COLOUR('',#2262);
#2264=OVER_RIDING_STYLED_ITEM('',(#2265),#11,#2256);
#2265=PRESENTATION_STYLE_ASSIGNMENT((#2266));
#2266=SURFACE_STYLE_USAGE(.BOTH.,#2267);
#2267=SURFACE_SIDE_STYLE('',(#2268));
#2268=SURFACE_STYLE_FILL_AREA(#2269);
#2269=FILL_AREA_STYLE('',(#2271));
#2270=COLOUR_RGB('',0.101960786,0.101960786,0.101960786);
#2271=FILL_AREA_STYLE_COLOUR('',#2270);
#2272=OVER_RIDING_STYLED_ITEM('',(#2273),#131,#2256);
#2273=PRESENTATION_STYLE_ASSIGNMENT((#2274));
#2274=SURFACE_STYLE_USAGE(.BOTH.,#2275);
#2275=SURFACE_SIDE_STYLE('',(#2276));
#2276=SURFACE_STYLE_FILL_AREA(#2277);
#2277=FILL_AREA_STYLE('',(#2279));
#2278=COLOUR_RGB('',0.101960786,0.101960786,0.101960786);
#2279=FILL_AREA_STYLE_COLOUR('',#2278);
#2280=OVER_RIDING_STYLED_ITEM('',(#2281),#194,#2256);
#2281=PRESENTATION_STYLE_ASSIGNMENT((#2282));
#2282=SURFACE_STYLE_USAGE(.BOTH.,#2283);
#2283=SURFACE_SIDE_STYLE('',(#2284));
#2284=SURFACE_STYLE_FILL_AREA(#2285);
#2285=FILL_AREA_STYLE('',(#2287));
#2286=COLOUR_RGB('',0.101960786,0.101960786,0.101960786);
#2287=FILL_AREA_STYLE_COLOUR('',#2286);
#2288=OVER_RIDING_STYLED_ITEM('',(#2289),#264,#2256);
#2289=PRESENTATION_STYLE_ASSIGNMENT((#2290));
#2290=SURFACE_STYLE_USAGE(.BOTH.,#2291);
#2291=SURFACE_SIDE_STYLE('',(#2292));
#2292=SURFACE_STYLE_FILL_AREA(#2293);
#2293=FILL_AREA_STYLE('',(#2295));
#2294=COLOUR_RGB('',0.101960786,0.101960786,0.101960786);
#2295=FILL_AREA_STYLE_COLOUR('',#2294);
#2296=OVER_RIDING_STYLED_ITEM('',(#2297),#327,#2256);
#2297=PRESENTATION_STYLE_ASSIGNMENT((#2298));
#2298=SURFACE_STYLE_USAGE(.BOTH.,#2299);
#2299=SURFACE_SIDE_STYLE('',(#2300));
#2300=SURFACE_STYLE_FILL_AREA(#2301);
#2301=FILL_AREA_STYLE('',(#2303));
#2302=COLOUR_RGB('',0.101960786,0.101960786,0.101960786);
#2303=FILL_AREA_STYLE_COLOUR('',#2302);
#2304=OVER_RIDING_STYLED_ITEM('',(#2305),#383,#2256);
#2305=PRESENTATION_STYLE_ASSIGNMENT((#2306));
#2306=SURFACE_STYLE_USAGE(.BOTH.,#2307);
#2307=SURFACE_SIDE_STYLE('',(#2308));
#2308=SURFACE_STYLE_FILL_AREA(#2309);
#2309=FILL_AREA_STYLE('',(#2311));
#2310=COLOUR_RGB('',0.101960786,0.101960786,0.101960786);
#2311=FILL_AREA_STYLE_COLOUR('',#2310);
#2312=OVER_RIDING_STYLED_ITEM('',(#2313),#416,#2256);
#2313=PRESENTATION_STYLE_ASSIGNMENT((#2314));
#2314=SURFACE_STYLE_USAGE(.BOTH.,#2315);
#2315=SURFACE_SIDE_STYLE('',(#2316));
#2316=SURFACE_STYLE_FILL_AREA(#2317);
#2317=FILL_AREA_STYLE('',(#2319));
#2318=COLOUR_RGB('',0.101960786,0.101960786,0.101960786);
#2319=FILL_AREA_STYLE_COLOUR('',#2318);
#2320=OVER_RIDING_STYLED_ITEM('',(#2321),#449,#2256);
#2321=PRESENTATION_STYLE_ASSIGNMENT((#2322));
#2322=SURFACE_STYLE_USAGE(.BOTH.,#2323);
#2323=SURFACE_SIDE_STYLE('',(#2324));
#2324=SURFACE_STYLE_FILL_AREA(#2325);
#2325=FILL_AREA_STYLE('',(#2327));
#2326=COLOUR_RGB('',0.101960786,0.101960786,0.101960786);
#2327=FILL_AREA_STYLE_COLOUR('',#2326);
#2328=OVER_RIDING_STYLED_ITEM('',(#2329),#466,#2256);
#2329=PRESENTATION_STYLE_ASSIGNMENT((#2330));
#2330=SURFACE_STYLE_USAGE(.BOTH.,#2331);
#2331=SURFACE_SIDE_STYLE('',(#2332));
#2332=SURFACE_STYLE_FILL_AREA(#2333);
#2333=FILL_AREA_STYLE('',(#2335));
#2334=COLOUR_RGB('',0.101960786,0.101960786,0.101960786);
#2335=FILL_AREA_STYLE_COLOUR('',#2334);
#2336=OVER_RIDING_STYLED_ITEM('',(#2337),#483,#2256);
#2337=PRESENTATION_STYLE_ASSIGNMENT((#2338));
#2338=SURFACE_STYLE_USAGE(.BOTH.,#2339);
#2339=SURFACE_SIDE_STYLE('',(#2340));
#2340=SURFACE_STYLE_FILL_AREA(#2341);
#2341=FILL_AREA_STYLE('',(#2343));
#2342=COLOUR_RGB('',0.101960786,0.101960786,0.101960786);
#2343=FILL_AREA_STYLE_COLOUR('',#2342);
#2344=OVER_RIDING_STYLED_ITEM('',(#2345),#507,#2256);
#2345=PRESENTATION_STYLE_ASSIGNMENT((#2346));
#2346=SURFACE_STYLE_USAGE(.BOTH.,#2347);
#2347=SURFACE_SIDE_STYLE('',(#2348));
#2348=SURFACE_STYLE_FILL_AREA(#2349);
#2349=FILL_AREA_STYLE('',(#2351));
#2350=COLOUR_RGB('',0.101960786,0.101960786,0.101960786);
#2351=FILL_AREA_STYLE_COLOUR('',#2350);
#2352=OVER_RIDING_STYLED_ITEM('',(#2353),#531,#2256);
#2353=PRESENTATION_STYLE_ASSIGNMENT((#2354));
#2354=SURFACE_STYLE_USAGE(.BOTH.,#2355);
#2355=SURFACE_SIDE_STYLE('',(#2356));
#2356=SURFACE_STYLE_FILL_AREA(#2357);
#2357=FILL_AREA_STYLE('',(#2359));
#2358=COLOUR_RGB('',0.101960786,0.101960786,0.101960786);
#2359=FILL_AREA_STYLE_COLOUR('',#2358);
#2360=OVER_RIDING_STYLED_ITEM('',(#2361),#556,#2256);
#2361=PRESENTATION_STYLE_ASSIGNMENT((#2362));
#2362=SURFACE_STYLE_USAGE(.BOTH.,#2363);
#2363=SURFACE_SIDE_STYLE('',(#2364));
#2364=SURFACE_STYLE_FILL_AREA(#2365);
#2365=FILL_AREA_STYLE('',(#2367));
#2366=COLOUR_RGB('',0.101960786,0.101960786,0.101960786);
#2367=FILL_AREA_STYLE_COLOUR('',#2366);
#2368=OVER_RIDING_STYLED_ITEM('',(#2369),#573,#2256);
#2369=PRESENTATION_STYLE_ASSIGNMENT((#2370));
#2370=SURFACE_STYLE_USAGE(.BOTH.,#2371);
#2371=SURFACE_SIDE_STYLE('',(#2372));
#2372=SURFACE_STYLE_FILL_AREA(#2373);
#2373=FILL_AREA_STYLE('',(#2375));
#2374=COLOUR_RGB('',0.101960786,0.101960786,0.101960786);
#2375=FILL_AREA_STYLE_COLOUR('',#2374);
#2376=OVER_RIDING_STYLED_ITEM('',(#2377),#604,#2256);
#2377=PRESENTATION_STYLE_ASSIGNMENT((#2378));
#2378=SURFACE_STYLE_USAGE(.BOTH.,#2379);
#2379=SURFACE_SIDE_STYLE('',(#2380));
#2380=SURFACE_STYLE_FILL_AREA(#2381);
#2381=FILL_AREA_STYLE('',(#2383));
#2382=COLOUR_RGB('',0.101960786,0.101960786,0.101960786);
#2383=FILL_AREA_STYLE_COLOUR('',#2382);
#2384=OVER_RIDING_STYLED_ITEM('',(#2385),#637,#2256);
#2385=PRESENTATION_STYLE_ASSIGNMENT((#2386));
#2386=SURFACE_STYLE_USAGE(.BOTH.,#2387);
#2387=SURFACE_SIDE_STYLE('',(#2388));
#2388=SURFACE_STYLE_FILL_AREA(#2389);
#2389=FILL_AREA_STYLE('',(#2391));
#2390=COLOUR_RGB('',0.101960786,0.101960786,0.101960786);
#2391=FILL_AREA_STYLE_COLOUR('',#2390);
#2392=OVER_RIDING_STYLED_ITEM('',(#2393),#659,#2256);
#2393=PRESENTATION_STYLE_ASSIGNMENT((#2394));
#2394=SURFACE_STYLE_USAGE(.BOTH.,#2395);
#2395=SURFACE_SIDE_STYLE('',(#2396));
#2396=SURFACE_STYLE_FILL_AREA(#2397);
#2397=FILL_AREA_STYLE('',(#2399));
#2398=COLOUR_RGB('',0.101960786,0.101960786,0.101960786);
#2399=FILL_AREA_STYLE_COLOUR('',#2398);
#2400=OVER_RIDING_STYLED_ITEM('',(#2401),#690,#2256);
#2401=PRESENTATION_STYLE_ASSIGNMENT((#2402));
#2402=SURFACE_STYLE_USAGE(.BOTH.,#2403);
#2403=SURFACE_SIDE_STYLE('',(#2404));
#2404=SURFACE_STYLE_FILL_AREA(#2405);
#2405=FILL_AREA_STYLE('',(#2407));
#2406=COLOUR_RGB('',0.101960786,0.101960786,0.101960786);
#2407=FILL_AREA_STYLE_COLOUR('',#2406);
#2408=OVER_RIDING_STYLED_ITEM('',(#2409),#723,#2256);
#2409=PRESENTATION_STYLE_ASSIGNMENT((#2410));
#2410=SURFACE_STYLE_USAGE(.BOTH.,#2411);
#2411=SURFACE_SIDE_STYLE('',(#2412));
#2412=SURFACE_STYLE_FILL_AREA(#2413);
#2413=FILL_AREA_STYLE('',(#2415));
#2414=COLOUR_RGB('',0.101960786,0.101960786,0.101960786);
#2415=FILL_AREA_STYLE_COLOUR('',#2414);
#2416=OVER_RIDING_STYLED_ITEM('',(#2417),#745,#2256);
#2417=PRESENTATION_STYLE_ASSIGNMENT((#2418));
#2418=SURFACE_STYLE_USAGE(.BOTH.,#2419);
#2419=SURFACE_SIDE_STYLE('',(#2420));
#2420=SURFACE_STYLE_FILL_AREA(#2421);
#2421=FILL_AREA_STYLE('',(#2423));
#2422=COLOUR_RGB('',0.101960786,0.101960786,0.101960786);
#2423=FILL_AREA_STYLE_COLOUR('',#2422);
#2424=OVER_RIDING_STYLED_ITEM('',(#2425),#769,#2256);
#2425=PRESENTATION_STYLE_ASSIGNMENT((#2426));
#2426=SURFACE_STYLE_USAGE(.BOTH.,#2427);
#2427=SURFACE_SIDE_STYLE('',(#2428));
#2428=SURFACE_STYLE_FILL_AREA(#2429);
#2429=FILL_AREA_STYLE('',(#2431));
#2430=COLOUR_RGB('',0.101960786,0.101960786,0.101960786);
#2431=FILL_AREA_STYLE_COLOUR('',#2430);
#2432=OVER_RIDING_STYLED_ITEM('',(#2433),#787,#2256);
#2433=PRESENTATION_STYLE_ASSIGNMENT((#2434));
#2434=SURFACE_STYLE_USAGE(.BOTH.,#2435);
#2435=SURFACE_SIDE_STYLE('',(#2436));
#2436=SURFACE_STYLE_FILL_AREA(#2437);
#2437=FILL_AREA_STYLE('',(#2439));
#2438=COLOUR_RGB('',0.101960786,0.101960786,0.101960786);
#2439=FILL_AREA_STYLE_COLOUR('',#2438);
#2440=OVER_RIDING_STYLED_ITEM('',(#2441),#811,#2256);
#2441=PRESENTATION_STYLE_ASSIGNMENT((#2442));
#2442=SURFACE_STYLE_USAGE(.BOTH.,#2443);
#2443=SURFACE_SIDE_STYLE('',(#2444));
#2444=SURFACE_STYLE_FILL_AREA(#2445);
#2445=FILL_AREA_STYLE('',(#2447));
#2446=COLOUR_RGB('',0.101960786,0.101960786,0.101960786);
#2447=FILL_AREA_STYLE_COLOUR('',#2446);
#2448=OVER_RIDING_STYLED_ITEM('',(#2449),#825,#2256);
#2449=PRESENTATION_STYLE_ASSIGNMENT((#2450));
#2450=SURFACE_STYLE_USAGE(.BOTH.,#2451);
#2451=SURFACE_SIDE_STYLE('',(#2452));
#2452=SURFACE_STYLE_FILL_AREA(#2453);
#2453=FILL_AREA_STYLE('',(#2455));
#2454=COLOUR_RGB('',0.101960786,0.101960786,0.101960786);
#2455=FILL_AREA_STYLE_COLOUR('',#2454);
#2456=OVER_RIDING_STYLED_ITEM('',(#2457),#839,#2256);
#2457=PRESENTATION_STYLE_ASSIGNMENT((#2458));
#2458=SURFACE_STYLE_USAGE(.BOTH.,#2459);
#2459=SURFACE_SIDE_STYLE('',(#2460));
#2460=SURFACE_STYLE_FILL_AREA(#2461);
#2461=FILL_AREA_STYLE('',(#2463));
#2462=COLOUR_RGB('',0.898039222,0.921568632,0.929411769);
#2463=FILL_AREA_STYLE_COLOUR('',#2462);
#2464=OVER_RIDING_STYLED_ITEM('',(#2465),#870,#2256);
#2465=PRESENTATION_STYLE_ASSIGNMENT((#2466));
#2466=SURFACE_STYLE_USAGE(.BOTH.,#2467);
#2467=SURFACE_SIDE_STYLE('',(#2468));
#2468=SURFACE_STYLE_FILL_AREA(#2469);
#2469=FILL_AREA_STYLE('',(#2471));
#2470=COLOUR_RGB('',0.898039222,0.921568632,0.929411769);
#2471=FILL_AREA_STYLE_COLOUR('',#2470);
#2472=OVER_RIDING_STYLED_ITEM('',(#2473),#911,#2256);
#2473=PRESENTATION_STYLE_ASSIGNMENT((#2474));
#2474=SURFACE_STYLE_USAGE(.BOTH.,#2475);
#2475=SURFACE_SIDE_STYLE('',(#2476));
#2476=SURFACE_STYLE_FILL_AREA(#2477);
#2477=FILL_AREA_STYLE('',(#2479));
#2478=COLOUR_RGB('',0.898039222,0.921568632,0.929411769);
#2479=FILL_AREA_STYLE_COLOUR('',#2478);
#2480=OVER_RIDING_STYLED_ITEM('',(#2481),#935,#2256);
#2481=PRESENTATION_STYLE_ASSIGNMENT((#2482));
#2482=SURFACE_STYLE_USAGE(.BOTH.,#2483);
#2483=SURFACE_SIDE_STYLE('',(#2484));
#2484=SURFACE_STYLE_FILL_AREA(#2485);
#2485=FILL_AREA_STYLE('',(#2487));
#2486=COLOUR_RGB('',0.898039222,0.921568632,0.929411769);
#2487=FILL_AREA_STYLE_COLOUR('',#2486);
#2488=OVER_RIDING_STYLED_ITEM('',(#2489),#969,#2256);
#2489=PRESENTATION_STYLE_ASSIGNMENT((#2490));
#2490=SURFACE_STYLE_USAGE(.BOTH.,#2491);
#2491=SURFACE_SIDE_STYLE('',(#2492));
#2492=SURFACE_STYLE_FILL_AREA(#2493);
#2493=FILL_AREA_STYLE('',(#2495));
#2494=COLOUR_RGB('',0.898039222,0.921568632,0.929411769);
#2495=FILL_AREA_STYLE_COLOUR('',#2494);
#2496=OVER_RIDING_STYLED_ITEM('',(#2497),#986,#2256);
#2497=PRESENTATION_STYLE_ASSIGNMENT((#2498));
#2498=SURFACE_STYLE_USAGE(.BOTH.,#2499);
#2499=SURFACE_SIDE_STYLE('',(#2500));
#2500=SURFACE_STYLE_FILL_AREA(#2501);
#2501=FILL_AREA_STYLE('',(#2503));
#2502=COLOUR_RGB('',0.898039222,0.921568632,0.929411769);
#2503=FILL_AREA_STYLE_COLOUR('',#2502);
#2504=OVER_RIDING_STYLED_ITEM('',(#2505),#1003,#2256);
#2505=PRESENTATION_STYLE_ASSIGNMENT((#2506));
#2506=SURFACE_STYLE_USAGE(.BOTH.,#2507);
#2507=SURFACE_SIDE_STYLE('',(#2508));
#2508=SURFACE_STYLE_FILL_AREA(#2509);
#2509=FILL_AREA_STYLE('',(#2511));
#2510=COLOUR_RGB('',0.898039222,0.921568632,0.929411769);
#2511=FILL_AREA_STYLE_COLOUR('',#2510);
#2512=OVER_RIDING_STYLED_ITEM('',(#2513),#1034,#2256);
#2513=PRESENTATION_STYLE_ASSIGNMENT((#2514));
#2514=SURFACE_STYLE_USAGE(.BOTH.,#2515);
#2515=SURFACE_SIDE_STYLE('',(#2516));
#2516=SURFACE_STYLE_FILL_AREA(#2517);
#2517=FILL_AREA_STYLE('',(#2519));
#2518=COLOUR_RGB('',0.898039222,0.921568632,0.929411769);
#2519=FILL_AREA_STYLE_COLOUR('',#2518);
#2520=OVER_RIDING_STYLED_ITEM('',(#2521),#1065,#2256);
#2521=PRESENTATION_STYLE_ASSIGNMENT((#2522));
#2522=SURFACE_STYLE_USAGE(.BOTH.,#2523);
#2523=SURFACE_SIDE_STYLE('',(#2524));
#2524=SURFACE_STYLE_FILL_AREA(#2525);
#2525=FILL_AREA_STYLE('',(#2527));
#2526=COLOUR_RGB('',0.898039222,0.921568632,0.929411769);
#2527=FILL_AREA_STYLE_COLOUR('',#2526);
#2528=OVER_RIDING_STYLED_ITEM('',(#2529),#1099,#2256);
#2529=PRESENTATION_STYLE_ASSIGNMENT((#2530));
#2530=SURFACE_STYLE_USAGE(.BOTH.,#2531);
#2531=SURFACE_SIDE_STYLE('',(#2532));
#2532=SURFACE_STYLE_FILL_AREA(#2533);
#2533=FILL_AREA_STYLE('',(#2535));
#2534=COLOUR_RGB('',0.898039222,0.921568632,0.929411769);
#2535=FILL_AREA_STYLE_COLOUR('',#2534);
#2536=OVER_RIDING_STYLED_ITEM('',(#2537),#1123,#2256);
#2537=PRESENTATION_STYLE_ASSIGNMENT((#2538));
#2538=SURFACE_STYLE_USAGE(.BOTH.,#2539);
#2539=SURFACE_SIDE_STYLE('',(#2540));
#2540=SURFACE_STYLE_FILL_AREA(#2541);
#2541=FILL_AREA_STYLE('',(#2543));
#2542=COLOUR_RGB('',0.898039222,0.921568632,0.929411769);
#2543=FILL_AREA_STYLE_COLOUR('',#2542);
#2544=OVER_RIDING_STYLED_ITEM('',(#2545),#1150,#2256);
#2545=PRESENTATION_STYLE_ASSIGNMENT((#2546));
#2546=SURFACE_STYLE_USAGE(.BOTH.,#2547);
#2547=SURFACE_SIDE_STYLE('',(#2548));
#2548=SURFACE_STYLE_FILL_AREA(#2549);
#2549=FILL_AREA_STYLE('',(#2551));
#2550=COLOUR_RGB('',0.898039222,0.921568632,0.929411769);
#2551=FILL_AREA_STYLE_COLOUR('',#2550);
#2552=OVER_RIDING_STYLED_ITEM('',(#2553),#1167,#2256);
#2553=PRESENTATION_STYLE_ASSIGNMENT((#2554));
#2554=SURFACE_STYLE_USAGE(.BOTH.,#2555);
#2555=SURFACE_SIDE_STYLE('',(#2556));
#2556=SURFACE_STYLE_FILL_AREA(#2557);
#2557=FILL_AREA_STYLE('',(#2559));
#2558=COLOUR_RGB('',0.898039222,0.921568632,0.929411769);
#2559=FILL_AREA_STYLE_COLOUR('',#2558);
#2560=OVER_RIDING_STYLED_ITEM('',(#2561),#1179,#2256);
#2561=PRESENTATION_STYLE_ASSIGNMENT((#2562));
#2562=SURFACE_STYLE_USAGE(.BOTH.,#2563);
#2563=SURFACE_SIDE_STYLE('',(#2564));
#2564=SURFACE_STYLE_FILL_AREA(#2565);
#2565=FILL_AREA_STYLE('',(#2567));
#2566=COLOUR_RGB('',0.898039222,0.921568632,0.929411769);
#2567=FILL_AREA_STYLE_COLOUR('',#2566);
#2568=STYLED_ITEM('',(#2569),#1191);
#2569=PRESENTATION_STYLE_ASSIGNMENT((#2570));
#2570=SURFACE_STYLE_USAGE(.BOTH.,#2571);
#2571=SURFACE_SIDE_STYLE('',(#2572));
#2572=SURFACE_STYLE_FILL_AREA(#2573);
#2573=FILL_AREA_STYLE('',(#2575));
#2574=COLOUR_RGB('',0.792156875,0.819607854,0.933333337);
#2575=FILL_AREA_STYLE_COLOUR('',#2574);
#2576=OVER_RIDING_STYLED_ITEM('',(#2577),#1193,#2568);
#2577=PRESENTATION_STYLE_ASSIGNMENT((#2578));
#2578=SURFACE_STYLE_USAGE(.BOTH.,#2579);
#2579=SURFACE_SIDE_STYLE('',(#2580));
#2580=SURFACE_STYLE_FILL_AREA(#2581);
#2581=FILL_AREA_STYLE('',(#2583));
#2582=COLOUR_RGB('',0.894117653,0.913725495,0.929411769);
#2583=FILL_AREA_STYLE_COLOUR('',#2582);
#2584=OVER_RIDING_STYLED_ITEM('',(#2585),#1237,#2568);
#2585=PRESENTATION_STYLE_ASSIGNMENT((#2586));
#2586=SURFACE_STYLE_USAGE(.BOTH.,#2587);
#2587=SURFACE_SIDE_STYLE('',(#2588));
#2588=SURFACE_STYLE_FILL_AREA(#2589);
#2589=FILL_AREA_STYLE('',(#2591));
#2590=COLOUR_RGB('',0.894117653,0.913725495,0.929411769);
#2591=FILL_AREA_STYLE_COLOUR('',#2590);
#2592=OVER_RIDING_STYLED_ITEM('',(#2593),#1261,#2568);
#2593=PRESENTATION_STYLE_ASSIGNMENT((#2594));
#2594=SURFACE_STYLE_USAGE(.BOTH.,#2595);
#2595=SURFACE_SIDE_STYLE('',(#2596));
#2596=SURFACE_STYLE_FILL_AREA(#2597);
#2597=FILL_AREA_STYLE('',(#2599));
#2598=COLOUR_RGB('',0.894117653,0.913725495,0.929411769);
#2599=FILL_AREA_STYLE_COLOUR('',#2598);
#2600=OVER_RIDING_STYLED_ITEM('',(#2601),#1305,#2568);
#2601=PRESENTATION_STYLE_ASSIGNMENT((#2602));
#2602=SURFACE_STYLE_USAGE(.BOTH.,#2603);
#2603=SURFACE_SIDE_STYLE('',(#2604));
#2604=SURFACE_STYLE_FILL_AREA(#2605);
#2605=FILL_AREA_STYLE('',(#2607));
#2606=COLOUR_RGB('',0.894117653,0.913725495,0.929411769);
#2607=FILL_AREA_STYLE_COLOUR('',#2606);
#2608=OVER_RIDING_STYLED_ITEM('',(#2609),#1337,#2568);
#2609=PRESENTATION_STYLE_ASSIGNMENT((#2610));
#2610=SURFACE_STYLE_USAGE(.BOTH.,#2611);
#2611=SURFACE_SIDE_STYLE('',(#2612));
#2612=SURFACE_STYLE_FILL_AREA(#2613);
#2613=FILL_AREA_STYLE('',(#2615));
#2614=COLOUR_RGB('',0.894117653,0.913725495,0.929411769);
#2615=FILL_AREA_STYLE_COLOUR('',#2614);
#2616=OVER_RIDING_STYLED_ITEM('',(#2617),#1367,#2568);
#2617=PRESENTATION_STYLE_ASSIGNMENT((#2618));
#2618=SURFACE_STYLE_USAGE(.BOTH.,#2619);
#2619=SURFACE_SIDE_STYLE('',(#2620));
#2620=SURFACE_STYLE_FILL_AREA(#2621);
#2621=FILL_AREA_STYLE('',(#2623));
#2622=COLOUR_RGB('',0.894117653,0.913725495,0.929411769);
#2623=FILL_AREA_STYLE_COLOUR('',#2622);
#2624=OVER_RIDING_STYLED_ITEM('',(#2625),#1399,#2568);
#2625=PRESENTATION_STYLE_ASSIGNMENT((#2626));
#2626=SURFACE_STYLE_USAGE(.BOTH.,#2627);
#2627=SURFACE_SIDE_STYLE('',(#2628));
#2628=SURFACE_STYLE_FILL_AREA(#2629);
#2629=FILL_AREA_STYLE('',(#2631));
#2630=COLOUR_RGB('',0.894117653,0.913725495,0.929411769);
#2631=FILL_AREA_STYLE_COLOUR('',#2630);
#2632=OVER_RIDING_STYLED_ITEM('',(#2633),#1434,#2568);
#2633=PRESENTATION_STYLE_ASSIGNMENT((#2634));
#2634=SURFACE_STYLE_USAGE(.BOTH.,#2635);
#2635=SURFACE_SIDE_STYLE('',(#2636));
#2636=SURFACE_STYLE_FILL_AREA(#2637);
#2637=FILL_AREA_STYLE('',(#2639));
#2638=COLOUR_RGB('',0.894117653,0.913725495,0.929411769);
#2639=FILL_AREA_STYLE_COLOUR('',#2638);
#2640=OVER_RIDING_STYLED_ITEM('',(#2641),#1452,#2568);
#2641=PRESENTATION_STYLE_ASSIGNMENT((#2642));
#2642=SURFACE_STYLE_USAGE(.BOTH.,#2643);
#2643=SURFACE_SIDE_STYLE('',(#2644));
#2644=SURFACE_STYLE_FILL_AREA(#2645);
#2645=FILL_AREA_STYLE('',(#2647));
#2646=COLOUR_RGB('',0.894117653,0.913725495,0.929411769);
#2647=FILL_AREA_STYLE_COLOUR('',#2646);
#2648=OVER_RIDING_STYLED_ITEM('',(#2649),#1462,#2568);
#2649=PRESENTATION_STYLE_ASSIGNMENT((#2650));
#2650=SURFACE_STYLE_USAGE(.BOTH.,#2651);
#2651=SURFACE_SIDE_STYLE('',(#2652));
#2652=SURFACE_STYLE_FILL_AREA(#2653);
#2653=FILL_AREA_STYLE('',(#2655));
#2654=COLOUR_RGB('',0.894117653,0.913725495,0.929411769);
#2655=FILL_AREA_STYLE_COLOUR('',#2654);
#2656=OVER_RIDING_STYLED_ITEM('',(#2657),#1474,#2568);
#2657=PRESENTATION_STYLE_ASSIGNMENT((#2658));
#2658=SURFACE_STYLE_USAGE(.BOTH.,#2659);
#2659=SURFACE_SIDE_STYLE('',(#2660));
#2660=SURFACE_STYLE_FILL_AREA(#2661);
#2661=FILL_AREA_STYLE('',(#2663));
#2662=COLOUR_RGB('',0.894117653,0.913725495,0.929411769);
#2663=FILL_AREA_STYLE_COLOUR('',#2662);
#2664=OVER_RIDING_STYLED_ITEM('',(#2665),#1492,#2568);
#2665=PRESENTATION_STYLE_ASSIGNMENT((#2666));
#2666=SURFACE_STYLE_USAGE(.BOTH.,#2667);
#2667=SURFACE_SIDE_STYLE('',(#2668));
#2668=SURFACE_STYLE_FILL_AREA(#2669);
#2669=FILL_AREA_STYLE('',(#2671));
#2670=COLOUR_RGB('',0.894117653,0.913725495,0.929411769);
#2671=FILL_AREA_STYLE_COLOUR('',#2670);
#2672=OVER_RIDING_STYLED_ITEM('',(#2673),#1504,#2568);
#2673=PRESENTATION_STYLE_ASSIGNMENT((#2674));
#2674=SURFACE_STYLE_USAGE(.BOTH.,#2675);
#2675=SURFACE_SIDE_STYLE('',(#2676));
#2676=SURFACE_STYLE_FILL_AREA(#2677);
#2677=FILL_AREA_STYLE('',(#2679));
#2678=DRAUGHTING_PRE_DEFINED_COLOUR('black');
#2679=FILL_AREA_STYLE_COLOUR('',#2678);
#2680=OVER_RIDING_STYLED_ITEM('',(#2681),#1535,#2568);
#2681=PRESENTATION_STYLE_ASSIGNMENT((#2682));
#2682=SURFACE_STYLE_USAGE(.BOTH.,#2683);
#2683=SURFACE_SIDE_STYLE('',(#2684));
#2684=SURFACE_STYLE_FILL_AREA(#2685);
#2685=FILL_AREA_STYLE('',(#2686));
#2686=FILL_AREA_STYLE_COLOUR('',#2678);
#2687=OVER_RIDING_STYLED_ITEM('',(#2688),#1553,#2568);
#2688=PRESENTATION_STYLE_ASSIGNMENT((#2689));
#2689=SURFACE_STYLE_USAGE(.BOTH.,#2690);
#2690=SURFACE_SIDE_STYLE('',(#2691));
#2691=SURFACE_STYLE_FILL_AREA(#2692);
#2692=FILL_AREA_STYLE('',(#2693));
#2693=FILL_AREA_STYLE_COLOUR('',#2678);
#2694=STYLED_ITEM('',(#2695),#1563);
#2695=PRESENTATION_STYLE_ASSIGNMENT((#2696));
#2696=SURFACE_STYLE_USAGE(.BOTH.,#2697);
#2697=SURFACE_SIDE_STYLE('',(#2698));
#2698=SURFACE_STYLE_FILL_AREA(#2699);
#2699=FILL_AREA_STYLE('',(#2701));
#2700=COLOUR_RGB('',0.792156875,0.819607854,0.933333337);
#2701=FILL_AREA_STYLE_COLOUR('',#2700);
#2702=OVER_RIDING_STYLED_ITEM('',(#2703),#1565,#2694);
#2703=PRESENTATION_STYLE_ASSIGNMENT((#2704));
#2704=SURFACE_STYLE_USAGE(.BOTH.,#2705);
#2705=SURFACE_SIDE_STYLE('',(#2706));
#2706=SURFACE_STYLE_FILL_AREA(#2707);
#2707=FILL_AREA_STYLE('',(#2709));
#2708=COLOUR_RGB('',0.101960786,0.101960786,0.101960786);
#2709=FILL_AREA_STYLE_COLOUR('',#2708);
#2710=OVER_RIDING_STYLED_ITEM('',(#2711),#1605,#2694);
#2711=PRESENTATION_STYLE_ASSIGNMENT((#2712));
#2712=SURFACE_STYLE_USAGE(.BOTH.,#2713);
#2713=SURFACE_SIDE_STYLE('',(#2714));
#2714=SURFACE_STYLE_FILL_AREA(#2715);
#2715=FILL_AREA_STYLE('',(#2717));
#2716=COLOUR_RGB('',0.101960786,0.101960786,0.101960786);
#2717=FILL_AREA_STYLE_COLOUR('',#2716);
#2718=OVER_RIDING_STYLED_ITEM('',(#2719),#1636,#2694);
#2719=PRESENTATION_STYLE_ASSIGNMENT((#2720));
#2720=SURFACE_STYLE_USAGE(.BOTH.,#2721);
#2721=SURFACE_SIDE_STYLE('',(#2722));
#2722=SURFACE_STYLE_FILL_AREA(#2723);
#2723=FILL_AREA_STYLE('',(#2725));
#2724=COLOUR_RGB('',0.101960786,0.101960786,0.101960786);
#2725=FILL_AREA_STYLE_COLOUR('',#2724);
#2726=OVER_RIDING_STYLED_ITEM('',(#2727),#1667,#2694);
#2727=PRESENTATION_STYLE_ASSIGNMENT((#2728));
#2728=SURFACE_STYLE_USAGE(.BOTH.,#2729);
#2729=SURFACE_SIDE_STYLE('',(#2730));
#2730=SURFACE_STYLE_FILL_AREA(#2731);
#2731=FILL_AREA_STYLE('',(#2733));
#2732=COLOUR_RGB('',0.101960786,0.101960786,0.101960786);
#2733=FILL_AREA_STYLE_COLOUR('',#2732);
#2734=OVER_RIDING_STYLED_ITEM('',(#2735),#1698,#2694);
#2735=PRESENTATION_STYLE_ASSIGNMENT((#2736));
#2736=SURFACE_STYLE_USAGE(.BOTH.,#2737);
#2737=SURFACE_SIDE_STYLE('',(#2738));
#2738=SURFACE_STYLE_FILL_AREA(#2739);
#2739=FILL_AREA_STYLE('',(#2741));
#2740=COLOUR_RGB('',0.101960786,0.101960786,0.101960786);
#2741=FILL_AREA_STYLE_COLOUR('',#2740);
#2742=OVER_RIDING_STYLED_ITEM('',(#2743),#1729,#2694);
#2743=PRESENTATION_STYLE_ASSIGNMENT((#2744));
#2744=SURFACE_STYLE_USAGE(.BOTH.,#2745);
#2745=SURFACE_SIDE_STYLE('',(#2746));
#2746=SURFACE_STYLE_FILL_AREA(#2747);
#2747=FILL_AREA_STYLE('',(#2749));
#2748=COLOUR_RGB('',0.101960786,0.101960786,0.101960786);
#2749=FILL_AREA_STYLE_COLOUR('',#2748);
#2750=OVER_RIDING_STYLED_ITEM('',(#2751),#1760,#2694);
#2751=PRESENTATION_STYLE_ASSIGNMENT((#2752));
#2752=SURFACE_STYLE_USAGE(.BOTH.,#2753);
#2753=SURFACE_SIDE_STYLE('',(#2754));
#2754=SURFACE_STYLE_FILL_AREA(#2755);
#2755=FILL_AREA_STYLE('',(#2757));
#2756=COLOUR_RGB('',0.101960786,0.101960786,0.101960786);
#2757=FILL_AREA_STYLE_COLOUR('',#2756);
#2758=OVER_RIDING_STYLED_ITEM('',(#2759),#1791,#2694);
#2759=PRESENTATION_STYLE_ASSIGNMENT((#2760));
#2760=SURFACE_STYLE_USAGE(.BOTH.,#2761);
#2761=SURFACE_SIDE_STYLE('',(#2762));
#2762=SURFACE_STYLE_FILL_AREA(#2763);
#2763=FILL_AREA_STYLE('',(#2765));
#2764=COLOUR_RGB('',0.101960786,0.101960786,0.101960786);
#2765=FILL_AREA_STYLE_COLOUR('',#2764);
#2766=OVER_RIDING_STYLED_ITEM('',(#2767),#1822,#2694);
#2767=PRESENTATION_STYLE_ASSIGNMENT((#2768));
#2768=SURFACE_STYLE_USAGE(.BOTH.,#2769);
#2769=SURFACE_SIDE_STYLE('',(#2770));
#2770=SURFACE_STYLE_FILL_AREA(#2771);
#2771=FILL_AREA_STYLE('',(#2773));
#2772=COLOUR_RGB('',0.101960786,0.101960786,0.101960786);
#2773=FILL_AREA_STYLE_COLOUR('',#2772);
#2774=OVER_RIDING_STYLED_ITEM('',(#2775),#1853,#2694);
#2775=PRESENTATION_STYLE_ASSIGNMENT((#2776));
#2776=SURFACE_STYLE_USAGE(.BOTH.,#2777);
#2777=SURFACE_SIDE_STYLE('',(#2778));
#2778=SURFACE_STYLE_FILL_AREA(#2779);
#2779=FILL_AREA_STYLE('',(#2781));
#2780=COLOUR_RGB('',0.101960786,0.101960786,0.101960786);
#2781=FILL_AREA_STYLE_COLOUR('',#2780);
#2782=OVER_RIDING_STYLED_ITEM('',(#2783),#1884,#2694);
#2783=PRESENTATION_STYLE_ASSIGNMENT((#2784));
#2784=SURFACE_STYLE_USAGE(.BOTH.,#2785);
#2785=SURFACE_SIDE_STYLE('',(#2786));
#2786=SURFACE_STYLE_FILL_AREA(#2787);
#2787=FILL_AREA_STYLE('',(#2789));
#2788=COLOUR_RGB('',0.101960786,0.101960786,0.101960786);
#2789=FILL_AREA_STYLE_COLOUR('',#2788);
#2790=OVER_RIDING_STYLED_ITEM('',(#2791),#1906,#2694);
#2791=PRESENTATION_STYLE_ASSIGNMENT((#2792));
#2792=SURFACE_STYLE_USAGE(.BOTH.,#2793);
#2793=SURFACE_SIDE_STYLE('',(#2794));
#2794=SURFACE_STYLE_FILL_AREA(#2795);
#2795=FILL_AREA_STYLE('',(#2797));
#2796=COLOUR_RGB('',0.101960786,0.101960786,0.101960786);
#2797=FILL_AREA_STYLE_COLOUR('',#2796);
#2798=OVER_RIDING_STYLED_ITEM('',(#2799),#1925,#2694);
#2799=PRESENTATION_STYLE_ASSIGNMENT((#2800));
#2800=SURFACE_STYLE_USAGE(.BOTH.,#2801);
#2801=SURFACE_SIDE_STYLE('',(#2802));
#2802=SURFACE_STYLE_FILL_AREA(#2803);
#2803=FILL_AREA_STYLE('',(#2805));
#2804=COLOUR_RGB('',0.101960786,0.101960786,0.101960786);
#2805=FILL_AREA_STYLE_COLOUR('',#2804);
#2806=STYLED_ITEM('',(#2807),#1944);
#2807=PRESENTATION_STYLE_ASSIGNMENT((#2808));
#2808=SURFACE_STYLE_USAGE(.BOTH.,#2809);
#2809=SURFACE_SIDE_STYLE('',(#2810));
#2810=SURFACE_STYLE_FILL_AREA(#2811);
#2811=FILL_AREA_STYLE('',(#2813));
#2812=COLOUR_RGB('',0.792156875,0.819607854,0.933333337);
#2813=FILL_AREA_STYLE_COLOUR('',#2812);
#2814=OVER_RIDING_STYLED_ITEM('',(#2815),#1946,#2806);
#2815=PRESENTATION_STYLE_ASSIGNMENT((#2816));
#2816=SURFACE_STYLE_USAGE(.BOTH.,#2817);
#2817=SURFACE_SIDE_STYLE('',(#2818));
#2818=SURFACE_STYLE_FILL_AREA(#2819);
#2819=FILL_AREA_STYLE('',(#2821));
#2820=COLOUR_RGB('',0.101960786,0.101960786,0.101960786);
#2821=FILL_AREA_STYLE_COLOUR('',#2820);
#2822=OVER_RIDING_STYLED_ITEM('',(#2823),#1986,#2806);
#2823=PRESENTATION_STYLE_ASSIGNMENT((#2824));
#2824=SURFACE_STYLE_USAGE(.BOTH.,#2825);
#2825=SURFACE_SIDE_STYLE('',(#2826));
#2826=SURFACE_STYLE_FILL_AREA(#2827);
#2827=FILL_AREA_STYLE('',(#2829));
#2828=COLOUR_RGB('',0.101960786,0.101960786,0.101960786);
#2829=FILL_AREA_STYLE_COLOUR('',#2828);
#2830=OVER_RIDING_STYLED_ITEM('',(#2831),#2017,#2806);
#2831=PRESENTATION_STYLE_ASSIGNMENT((#2832));
#2832=SURFACE_STYLE_USAGE(.BOTH.,#2833);
#2833=SURFACE_SIDE_STYLE('',(#2834));
#2834=SURFACE_STYLE_FILL_AREA(#2835);
#2835=FILL_AREA_STYLE('',(#2837));
#2836=COLOUR_RGB('',0.101960786,0.101960786,0.101960786);
#2837=FILL_AREA_STYLE_COLOUR('',#2836);
#2838=OVER_RIDING_STYLED_ITEM('',(#2839),#2048,#2806);
#2839=PRESENTATION_STYLE_ASSIGNMENT((#2840));
#2840=SURFACE_STYLE_USAGE(.BOTH.,#2841);
#2841=SURFACE_SIDE_STYLE('',(#2842));
#2842=SURFACE_STYLE_FILL_AREA(#2843);
#2843=FILL_AREA_STYLE('',(#2845));
#2844=COLOUR_RGB('',0.101960786,0.101960786,0.101960786);
#2845=FILL_AREA_STYLE_COLOUR('',#2844);
#2846=OVER_RIDING_STYLED_ITEM('',(#2847),#2070,#2806);
#2847=PRESENTATION_STYLE_ASSIGNMENT((#2848));
#2848=SURFACE_STYLE_USAGE(.BOTH.,#2849);
#2849=SURFACE_SIDE_STYLE('',(#2850));
#2850=SURFACE_STYLE_FILL_AREA(#2851);
#2851=FILL_AREA_STYLE('',(#2853));
#2852=COLOUR_RGB('',0.101960786,0.101960786,0.101960786);
#2853=FILL_AREA_STYLE_COLOUR('',#2852);
#2854=OVER_RIDING_STYLED_ITEM('',(#2855),#2082,#2806);
#2855=PRESENTATION_STYLE_ASSIGNMENT((#2856));
#2856=SURFACE_STYLE_USAGE(.BOTH.,#2857);
#2857=SURFACE_SIDE_STYLE('',(#2858));
#2858=SURFACE_STYLE_FILL_AREA(#2859);
#2859=FILL_AREA_STYLE('',(#2861));
#2860=COLOUR_RGB('',0.101960786,0.101960786,0.101960786);
#2861=FILL_AREA_STYLE_COLOUR('',#2860);
#2862=STYLED_ITEM('',(#2863),#2094);
#2863=PRESENTATION_STYLE_ASSIGNMENT((#2864));
#2864=SURFACE_STYLE_USAGE(.BOTH.,#2865);
#2865=SURFACE_SIDE_STYLE('',(#2866));
#2866=SURFACE_STYLE_FILL_AREA(#2867);
#2867=FILL_AREA_STYLE('',(#2869));
#2868=COLOUR_RGB('',0.792156875,0.819607854,0.933333337);
#2869=FILL_AREA_STYLE_COLOUR('',#2868);
#2870=OVER_RIDING_STYLED_ITEM('',(#2871),#2096,#2862);
#2871=PRESENTATION_STYLE_ASSIGNMENT((#2872));
#2872=SURFACE_STYLE_USAGE(.BOTH.,#2873);
#2873=SURFACE_SIDE_STYLE('',(#2874));
#2874=SURFACE_STYLE_FILL_AREA(#2875);
#2875=FILL_AREA_STYLE('',(#2877));
#2876=COLOUR_RGB('',0.101960786,0.101960786,0.101960786);
#2877=FILL_AREA_STYLE_COLOUR('',#2876);
#2878=OVER_RIDING_STYLED_ITEM('',(#2879),#2136,#2862);
#2879=PRESENTATION_STYLE_ASSIGNMENT((#2880));
#2880=SURFACE_STYLE_USAGE(.BOTH.,#2881);
#2881=SURFACE_SIDE_STYLE('',(#2882));
#2882=SURFACE_STYLE_FILL_AREA(#2883);
#2883=FILL_AREA_STYLE('',(#2885));
#2884=COLOUR_RGB('',0.101960786,0.101960786,0.101960786);
#2885=FILL_AREA_STYLE_COLOUR('',#2884);
#2886=OVER_RIDING_STYLED_ITEM('',(#2887),#2167,#2862);
#2887=PRESENTATION_STYLE_ASSIGNMENT((#2888));
#2888=SURFACE_STYLE_USAGE(.BOTH.,#2889);
#2889=SURFACE_SIDE_STYLE('',(#2890));
#2890=SURFACE_STYLE_FILL_AREA(#2891);
#2891=FILL_AREA_STYLE('',(#2893));
#2892=COLOUR_RGB('',0.101960786,0.101960786,0.101960786);
#2893=FILL_AREA_STYLE_COLOUR('',#2892);
#2894=OVER_RIDING_STYLED_ITEM('',(#2895),#2198,#2862);
#2895=PRESENTATION_STYLE_ASSIGNMENT((#2896));
#2896=SURFACE_STYLE_USAGE(.BOTH.,#2897);
#2897=SURFACE_SIDE_STYLE('',(#2898));
#2898=SURFACE_STYLE_FILL_AREA(#2899);
#2899=FILL_AREA_STYLE('',(#2901));
#2900=COLOUR_RGB('',0.101960786,0.101960786,0.101960786);
#2901=FILL_AREA_STYLE_COLOUR('',#2900);
#2902=OVER_RIDING_STYLED_ITEM('',(#2903),#2220,#2862);
#2903=PRESENTATION_STYLE_ASSIGNMENT((#2904));
#2904=SURFACE_STYLE_USAGE(.BOTH.,#2905);
#2905=SURFACE_SIDE_STYLE('',(#2906));
#2906=SURFACE_STYLE_FILL_AREA(#2907);
#2907=FILL_AREA_STYLE('',(#2909));
#2908=COLOUR_RGB('',0.101960786,0.101960786,0.101960786);
#2909=FILL_AREA_STYLE_COLOUR('',#2908);
#2910=OVER_RIDING_STYLED_ITEM('',(#2911),#2232,#2862);
#2911=PRESENTATION_STYLE_ASSIGNMENT((#2912));
#2912=SURFACE_STYLE_USAGE(.BOTH.,#2913);
#2913=SURFACE_SIDE_STYLE('',(#2914));
#2914=SURFACE_STYLE_FILL_AREA(#2915);
#2915=FILL_AREA_STYLE('',(#2917));
#2916=COLOUR_RGB('',0.101960786,0.101960786,0.101960786);
#2917=FILL_AREA_STYLE_COLOUR('',#2916);
#2918=MECHANICAL_DESIGN_GEOMETRIC_PRESENTATION_REPRESENTATION('',(#2256,#2264,#2272,#2280,#2288,#2296,#2304,#2312,#2320,#2328,#2336,#2344,#2352,#2360,#2368,#2376,#2384,#2392,#2400,#2408,#2416,#2424,#2432,#2440,#2448,#2456,#2464,#2472,#2480,#2488,#2496,#2504,#2512,#2520,#2528,#2536,#2544,#2552,#2560,#2568,#2576,#2584,#2592,#2600,#2608,#2616,#2624,#2632,#2640,#2648,#2656,#2664,#2672,#2680,#2687,#2694,#2702,#2710,#2718,#2726,#2734,#2742,#2750,#2758,#2766,#2774,#2782,#2790,#2798,#2806,#2814,#2822,#2830,#2838,#2846,#2854,#2862,#2870,#2878,#2886,#2894,#2902,#2910),#2248);
ENDSEC;
END-ISO-10303-21;
