ISO-10303-21;
HEADER;
FILE_DESCRIPTION (( 'STEP AP214' ),
    '1' );
FILE_NAME ('CCS_CCSTD_1210_L3.5W2.8T2.8B0.5.STEP',
    '2024-09-06T12:56:25',
    ( '' ),
    ( '' ),
    'SwSTEP 2.0',
    'SolidWorks 2021',
    '' );
FILE_SCHEMA (( 'AUTOMOTIVE_DESIGN' ));
ENDSEC;

DATA;
#1 = STYLED_ITEM ( 'NONE', ( #1592 ), #3433 ) ;
#2 = PRESENTATION_STYLE_ASSIGNMENT (( #293 ) ) ;
#3 =( GEOMETRIC_REPRESENTATION_CONTEXT ( 3 ) GLOBAL_UNCERTAINTY_ASSIGNED_CONTEXT ( ( #3276 ) ) GLOBAL_UNIT_ASSIGNED_CONTEXT ( ( #2130, #1733, #1344 ) ) REPRESENTATION_CONTEXT ( 'NONE', 'WORKASPACE' ) );
#4 = COLOUR_RGB ( '',0.7686274509803920907, 0.7686274509803920907, 0.7686274509803920907 ) ;
#5 = FILL_AREA_STYLE ('',( #3993 ) ) ;
#6 = EDGE_CURVE ( 'NONE', #1300, #2759, #1149, .T. ) ;
#7 = CARTESIAN_POINT ( 'NONE',  ( 3.500000000000000000, 0.05823999999999999316, -2.741759999999999753 ) ) ;
#8 = CARTESIAN_POINT ( 'NONE',  ( 0.9000281936837365437, 2.740654780219224484, -2.696529121468274504 ) ) ;
#9 = ORIENTED_EDGE ( 'NONE', *, *, #3393, .T. ) ;
#10 = EDGE_CURVE ( 'NONE', #1528, #3487, #1049, .T. ) ;
#11 = LINE ( 'NONE', #2540, #3653 ) ;
#12 = VECTOR ( 'NONE', #3146, 1000.000000000000114 ) ;
#13 = ADVANCED_FACE ( 'NONE', ( #3921 ), #4226, .F. ) ;
#14 = PLANE ( 'NONE',  #1885 ) ;
#15 = PRODUCT_DEFINITION_FORMATION_WITH_SPECIFIED_SOURCE ( 'ANY', '', #4628, .NOT_KNOWN. ) ;
#16 = ORIENTED_EDGE ( 'NONE', *, *, #4362, .F. ) ;
#17 = CARTESIAN_POINT ( 'NONE',  ( 0.9000014401605004322, 2.741520629182616187, -0.1103921568697332489 ) ) ;
#18 = DIRECTION ( 'NONE',  ( 1.000000000000000000, -0.000000000000000000, 0.000000000000000000 ) ) ;
#19 = SHAPE_DEFINITION_REPRESENTATION ( #3407, #2245 ) ;
#20 = SURFACE_STYLE_FILL_AREA ( #2885 ) ;
#21 = LINE ( 'NONE', #2548, #201 ) ;
#22 = EDGE_LOOP ( 'NONE', ( #2174, #2077, #2373, #1428 ) ) ;
#23 = VECTOR ( 'NONE', #2122, 1000.000000000000000 ) ;
#24 =( NAMED_UNIT ( * ) SI_UNIT ( $, .STERADIAN. ) SOLID_ANGLE_UNIT ( ) );
#25 = ADVANCED_FACE ( 'NONE', ( #1381 ), #4253, .T. ) ;
#26 = PLANE ( 'NONE',  #641 ) ;
#27 = MECHANICAL_DESIGN_GEOMETRIC_PRESENTATION_REPRESENTATION (  '', ( #185 ), #1158 ) ;
#28 = DIRECTION ( 'NONE',  ( -1.000000000000000000, -0.000000000000000000, 0.000000000000000000 ) ) ;
#29 = CARTESIAN_POINT ( 'NONE',  ( 0.9000000000000001332, 0.05824000000000020133, -2.683520000000000127 ) ) ;
#30 = ORIENTED_EDGE ( 'NONE', *, *, #3062, .F. ) ;
#31 = SURFACE_SIDE_STYLE ('',( #3248 ) ) ;
#32 = LINE ( 'NONE', #3197, #1301 ) ;
#33 = ADVANCED_FACE ( 'NONE', ( #4019 ), #2916, .F. ) ;
#34 = COLOUR_RGB ( '',0.7686274509803920907, 0.7686274509803920907, 0.7686274509803920907 ) ;
#35 = B_SPLINE_CURVE_WITH_KNOTS ( 'NONE', 3,
 ( #3016, #4059, #2212, #4105, #886, #4443, #4042, #1166, #1201, #486 ),
 .UNSPECIFIED., .F., .F.,
 ( 4, 3, 3, 4 ),
 ( 0.000000000000000000, 1.833143621111590853E-05, 3.656618479249286701E-05, 4.558081643555707355E-05 ),
 .UNSPECIFIED. ) ;
#36 =( NAMED_UNIT ( * ) SI_UNIT ( $, .STERADIAN. ) SOLID_ANGLE_UNIT ( ) );
#37 =( GEOMETRIC_REPRESENTATION_CONTEXT ( 3 ) GLOBAL_UNCERTAINTY_ASSIGNED_CONTEXT ( ( #2614 ) ) GLOBAL_UNIT_ASSIGNED_CONTEXT ( ( #3937, #4606, #3533 ) ) REPRESENTATION_CONTEXT ( 'NONE', 'WORKASPACE' ) );
#38 = CARTESIAN_POINT ( 'NONE',  ( 0.9000000000000001332, 2.741759999999999753, -2.689980384497082877 ) ) ;
#39 = ORIENTED_EDGE ( 'NONE', *, *, #3607, .T. ) ;
#40 = EDGE_CURVE ( 'NONE', #2974, #1606, #32, .T. ) ;
#41 = CARTESIAN_POINT ( 'NONE',  ( 1.890000000000006786, 2.746759999999999646, -1.429865641467908510 ) ) ;
#42 = PRESENTATION_LAYER_ASSIGNMENT (  '', '', ( #1465 ) ) ;
#43 = DIRECTION ( 'NONE',  ( 1.000000000000000000, 0.000000000000000000, 0.000000000000000000 ) ) ;
#44 = FACE_OUTER_BOUND ( 'NONE', #1732, .T. ) ;
#45 = STYLED_ITEM ( 'NONE', ( #2768 ), #2005 ) ;
#46 = UNCERTAINTY_MEASURE_WITH_UNIT (LENGTH_MEASURE( 1.000000000000000082E-05 ), #1259, 'distance_accuracy_value', 'NONE');
#47 = ORIENTED_EDGE ( 'NONE', *, *, #2706, .F. ) ;
#48 = EDGE_CURVE ( 'NONE', #2882, #228, #1447, .T. ) ;
#49 = DIRECTION ( 'NONE',  ( -0.2762437428917279836, 0.000000000000000000, 0.9610876102172833946 ) ) ;
#50 = CIRCLE ( 'NONE', #1104, 0.05824000000000020133 ) ;
#51 = DIRECTION ( 'NONE',  ( -0.000000000000000000, -1.000000000000000000, 0.000000000000000000 ) ) ;
#52 = ORIENTED_EDGE ( 'NONE', *, *, #3381, .T. ) ;
#53 = CARTESIAN_POINT ( 'NONE',  ( 1.633297965358701642, 2.746759999999999646, -1.863024197635491763 ) ) ;
#54 = SURFACE_STYLE_USAGE ( .BOTH. , #3267 ) ;
#55 = FILL_AREA_STYLE_COLOUR ( '', #108 ) ;
#56 = ORIENTED_EDGE ( 'NONE', *, *, #961, .T. ) ;
#57 = FACE_OUTER_BOUND ( 'NONE', #1464, .T. ) ;
#58 =( NAMED_UNIT ( * ) PLANE_ANGLE_UNIT ( ) SI_UNIT ( $, .RADIAN. ) );
#59 = LINE ( 'NONE', #4663, #3879 ) ;
#60 = CARTESIAN_POINT ( 'NONE',  ( 0.8999106531603623393, 2.738535230702320966, -2.702630782055435166 ) ) ;
#61 = ORIENTED_EDGE ( 'NONE', *, *, #10, .F. ) ;
#62 = DIRECTION ( 'NONE',  ( 1.000000000000000000, 0.000000000000000000, 0.000000000000000000 ) ) ;
#63 = CARTESIAN_POINT ( 'NONE',  ( 2.600488923835454269, 0.08542081144420761440, -0.06679815734959236584 ) ) ;
#64 =( LENGTH_UNIT ( ) NAMED_UNIT ( * ) SI_UNIT ( .MILLI., .METRE. ) );
#65 = ORIENTED_EDGE ( 'NONE', *, *, #3154, .F. ) ;
#66 = DIRECTION ( 'NONE',  ( -0.000000000000000000, -1.000000000000000000, 0.000000000000000000 ) ) ;
#67 = DIRECTION ( 'NONE',  ( 1.000000000000000000, 0.000000000000000000, 0.000000000000000000 ) ) ;
#68 = APPLICATION_PROTOCOL_DEFINITION ( 'draft international standard', 'automotive_design', 1998, #4319 ) ;
#69 = PRESENTATION_STYLE_ASSIGNMENT (( #3280 ) ) ;
#70 = SURFACE_STYLE_USAGE ( .BOTH. , #3281 ) ;
#71 = EDGE_LOOP ( 'NONE', ( #565, #1895, #940 ) ) ;
#72 = CARTESIAN_POINT ( 'NONE',  ( 1.633297965358701642, 2.746759999999999646, -1.863024197635491763 ) ) ;
#73 = CARTESIAN_POINT ( 'NONE',  ( 1.890000000000006786, 2.746759999999999646, -2.220836029381371812 ) ) ;
#74 = STYLED_ITEM ( 'NONE', ( #2483 ), #3012 ) ;
#75 = CARTESIAN_POINT ( 'NONE',  ( 0.9000000000000002442, 0.1164800000000001529, -0.05824000000000020133 ) ) ;
#76 = CIRCLE ( 'NONE', #4135, 0.05823999999999999316 ) ;
#77 = ORIENTED_EDGE ( 'NONE', *, *, #3520, .F. ) ;
#78 =( NAMED_UNIT ( * ) PLANE_ANGLE_UNIT ( ) SI_UNIT ( $, .RADIAN. ) );
#79 = CARTESIAN_POINT ( 'NONE',  ( 3.441759999999999931, 2.741759999999999753, 0.000000000000000000 ) ) ;
#80 = VECTOR ( 'NONE', #980, 1000.000000000000000 ) ;
#81 = ADVANCED_FACE ( 'NONE', ( #57 ), #410, .T. ) ;
#82 = PRESENTATION_STYLE_ASSIGNMENT (( #1050 ) ) ;
#83 = DIRECTION ( 'NONE',  ( -0.000000000000000000, -1.000000000000000000, 0.000000000000000000 ) ) ;
#84 = ORIENTED_EDGE ( 'NONE', *, *, #1654, .T. ) ;
#85 = EDGE_CURVE ( 'NONE', #3487, #2516, #1099, .T. ) ;
#86 = DIRECTION ( 'NONE',  ( 0.000000000000000000, 0.000000000000000000, -1.000000000000000000 ) ) ;
#87 = DIRECTION ( 'NONE',  ( -0.000000000000000000, -1.000000000000000000, 0.000000000000000000 ) ) ;
#88 =( GEOMETRIC_REPRESENTATION_CONTEXT ( 3 ) GLOBAL_UNCERTAINTY_ASSIGNED_CONTEXT ( ( #2714 ) ) GLOBAL_UNIT_ASSIGNED_CONTEXT ( ( #2404, #305, #4627 ) ) REPRESENTATION_CONTEXT ( 'NONE', 'WORKASPACE' ) );
#89 = ORIENTED_EDGE ( 'NONE', *, *, #3205, .T. ) ;
#90 = DIRECTION ( 'NONE',  ( 0.000000000000000000, 0.000000000000000000, 1.000000000000000000 ) ) ;
#91 =( GEOMETRIC_REPRESENTATION_CONTEXT ( 3 ) GLOBAL_UNCERTAINTY_ASSIGNED_CONTEXT ( ( #4003 ) ) GLOBAL_UNIT_ASSIGNED_CONTEXT ( ( #2350, #3808, #225 ) ) REPRESENTATION_CONTEXT ( 'NONE', 'WORKASPACE' ) );
#92 = FILL_AREA_STYLE_COLOUR ( '', #3869 ) ;
#93 = EDGE_CURVE ( 'NONE', #1656, #947, #3270, .T. ) ;
#94 = DIRECTION ( 'NONE',  ( 0.000000000000000000, 0.000000000000000000, 1.000000000000000000 ) ) ;
#95 = SURFACE_STYLE_FILL_AREA ( #1113 ) ;
#96 =( GEOMETRIC_REPRESENTATION_CONTEXT ( 3 ) GLOBAL_UNCERTAINTY_ASSIGNED_CONTEXT ( ( #1822 ) ) GLOBAL_UNIT_ASSIGNED_CONTEXT ( ( #1661, #2098, #326 ) ) REPRESENTATION_CONTEXT ( 'NONE', 'WORKASPACE' ) );
#97 = MECHANICAL_DESIGN_GEOMETRIC_PRESENTATION_REPRESENTATION (  '', ( #849 ), #1442 ) ;
#98 = ORIENTED_EDGE ( 'NONE', *, *, #1073, .F. ) ;
#99 = FILL_AREA_STYLE_COLOUR ( '', #4454 ) ;
#100 = AXIS2_PLACEMENT_3D ( 'NONE', #132, #2629, #860 ) ;
#101 = DIRECTION ( 'NONE',  ( -0.000000000000000000, -1.000000000000000000, 0.000000000000000000 ) ) ;
#102 = SURFACE_SIDE_STYLE ('',( #3316 ) ) ;
#103 =( GEOMETRIC_REPRESENTATION_CONTEXT ( 3 ) GLOBAL_UNCERTAINTY_ASSIGNED_CONTEXT ( ( #4239 ) ) GLOBAL_UNIT_ASSIGNED_CONTEXT ( ( #1242, #3093, #2353 ) ) REPRESENTATION_CONTEXT ( 'NONE', 'WORKASPACE' ) );
#104 = FACE_OUTER_BOUND ( 'NONE', #1793, .T. ) ;
#105 = ORIENTED_EDGE ( 'NONE', *, *, #1978, .F. ) ;
#106 = DIRECTION ( 'NONE',  ( -0.000000000000000000, -1.000000000000000000, 0.000000000000000000 ) ) ;
#107 = DIRECTION ( 'NONE',  ( -1.000000000000000000, 0.000000000000000000, 0.000000000000000000 ) ) ;
#108 = COLOUR_RGB ( '',0.7686274509803920907, 0.7686274509803920907, 0.7686274509803920907 ) ;
#109 = CARTESIAN_POINT ( 'NONE',  ( 0.8974458939777407718, 0.07529810106369499989, -0.07529810106369633216 ) ) ;
#110 = DIRECTION ( 'NONE',  ( 0.000000000000000000, 0.000000000000000000, 1.000000000000000000 ) ) ;
#111 = VECTOR ( 'NONE', #1558, 1000.000000000000000 ) ;
#112 = ORIENTED_EDGE ( 'NONE', *, *, #2407, .F. ) ;
#113 = EDGE_CURVE ( 'NONE', #1175, #2424, #2582, .T. ) ;
#114 = FILL_AREA_STYLE_COLOUR ( '', #3945 ) ;
#115 = FILL_AREA_STYLE_COLOUR ( '', #2581 ) ;
#116 = VECTOR ( 'NONE', #4491, 1000.000000000000000 ) ;
#117 = ORIENTED_EDGE ( 'NONE', *, *, #2799, .F. ) ;
#118 = ORIENTED_EDGE ( 'NONE', *, *, #1698, .T. ) ;
#119 = LINE ( 'NONE', #4049, #4473 ) ;
#120 = DIRECTION ( 'NONE',  ( 1.000000000000000000, 0.000000000000000000, 0.000000000000000000 ) ) ;
#121 = DIRECTION ( 'NONE',  ( -1.000000000000000000, 0.000000000000000000, 0.000000000000000000 ) ) ;
#122 = CARTESIAN_POINT ( 'NONE',  ( 1.653904418361210604, 2.746759999999999646, -0.5351839751692804015 ) ) ;
#123 = ORIENTED_EDGE ( 'NONE', *, *, #2246, .F. ) ;
#124 =( NAMED_UNIT ( * ) SI_UNIT ( $, .STERADIAN. ) SOLID_ANGLE_UNIT ( ) );
#125 = COLOUR_RGB ( '',0.7686274509803920907, 0.7686274509803920907, 0.7686274509803920907 ) ;
#126 = DIRECTION ( 'NONE',  ( -0.6995643972270459976, 0.000000000000000000, -0.7145695586381775044 ) ) ;
#127 = AXIS2_PLACEMENT_3D ( 'NONE', #3030, #3720, #2270 ) ;
#128 = ADVANCED_FACE ( 'NONE', ( #816 ), #4169, .F. ) ;
#129 = CARTESIAN_POINT ( 'NONE',  ( 0.9000014401604951031, 0.05847937081738384391, -2.689607843130266573 ) ) ;
#130 = VERTEX_POINT ( 'NONE', #4581 ) ;
#131 = DIRECTION ( 'NONE',  ( 0.000000000000000000, 0.000000000000000000, 1.000000000000000000 ) ) ;
#132 = CARTESIAN_POINT ( 'NONE',  ( 0.8417600000000000637, 2.741759999999999753, -2.741759999999999753 ) ) ;
#133 = DIRECTION ( 'NONE',  ( 0.000000000000000000, 0.000000000000000000, -1.000000000000000000 ) ) ;
#134 = PRESENTATION_STYLE_ASSIGNMENT (( #487 ) ) ;
#135 = ORIENTED_EDGE ( 'NONE', *, *, #1024, .T. ) ;
#136 = PRESENTATION_STYLE_ASSIGNMENT (( #3353 ) ) ;
#137 = SURFACE_STYLE_FILL_AREA ( #1914 ) ;
#138 = CARTESIAN_POINT ( 'NONE',  ( 1.478369079381479878, 2.746759999999999646, -1.214544228466160281 ) ) ;
#139 = ORIENTED_EDGE ( 'NONE', *, *, #3874, .F. ) ;
#140 = UNCERTAINTY_MEASURE_WITH_UNIT (LENGTH_MEASURE( 1.000000000000000082E-05 ), #3355, 'distance_accuracy_value', 'NONE');
#141 = EDGE_LOOP ( 'NONE', ( #1288, #863, #3501, #2220 ) ) ;
#142 =( LENGTH_UNIT ( ) NAMED_UNIT ( * ) SI_UNIT ( .MILLI., .METRE. ) );
#143 = PRESENTATION_STYLE_ASSIGNMENT (( #3744 ) ) ;
#144 = DIRECTION ( 'NONE',  ( 0.000000000000000000, 0.000000000000000000, 1.000000000000000000 ) ) ;
#145 = VERTEX_POINT ( 'NONE', #836 ) ;
#146 = DIRECTION ( 'NONE',  ( 0.000000000000000000, 0.000000000000000000, 1.000000000000000000 ) ) ;
#147 = CARTESIAN_POINT ( 'NONE',  ( 2.600000000000000089, 2.741759999999999753, -0.1164799999999999724 ) ) ;
#148 = DIRECTION ( 'NONE',  ( -1.000000000000000000, 0.000000000000000000, 0.000000000000000000 ) ) ;
#149 = ORIENTED_EDGE ( 'NONE', *, *, #93, .T. ) ;
#150 = CARTESIAN_POINT ( 'NONE',  ( 2.600488923835454269, 2.714579188555791944, -2.733201842650407887 ) ) ;
#151 = ADVANCED_FACE ( 'NONE', ( #3099 ), #263, .T. ) ;
#152 = DIRECTION ( 'NONE',  ( -0.000000000000000000, -1.000000000000000000, 0.000000000000000000 ) ) ;
#153 = AXIS2_PLACEMENT_3D ( 'NONE', #4296, #3989, #4325 ) ;
#154 = VERTEX_POINT ( 'NONE', #3121 ) ;
#155 = SURFACE_SIDE_STYLE ('',( #1611 ) ) ;
#156 =( GEOMETRIC_REPRESENTATION_CONTEXT ( 3 ) GLOBAL_UNCERTAINTY_ASSIGNED_CONTEXT ( ( #4090 ) ) GLOBAL_UNIT_ASSIGNED_CONTEXT ( ( #240, #3421, #3101 ) ) REPRESENTATION_CONTEXT ( 'NONE', 'WORKASPACE' ) );
#157 = ADVANCED_FACE ( 'NONE', ( #1343 ), #2279, .F. ) ;
#158 = PLANE ( 'NONE',  #3110 ) ;
#159 = SURFACE_STYLE_USAGE ( .BOTH. , #4450 ) ;
#160 = CIRCLE ( 'NONE', #3617, 0.05824000000000020133 ) ;
#161 = EDGE_LOOP ( 'NONE', ( #818, #1616, #4233, #4260 ) ) ;
#162 = EDGE_CURVE ( 'NONE', #439, #228, #1183, .T. ) ;
#163 = ORIENTED_EDGE ( 'NONE', *, *, #2622, .T. ) ;
#164 = EDGE_CURVE ( 'NONE', #2107, #199, #3321, .T. ) ;
#165 = VECTOR ( 'NONE', #3074, 1000.000000000000000 ) ;
#166 =( GEOMETRIC_REPRESENTATION_CONTEXT ( 3 ) GLOBAL_UNCERTAINTY_ASSIGNED_CONTEXT ( ( #1865 ) ) GLOBAL_UNIT_ASSIGNED_CONTEXT ( ( #3794, #2724, #948 ) ) REPRESENTATION_CONTEXT ( 'NONE', 'WORKASPACE' ) );
#167 = DIRECTION ( 'NONE',  ( 0.000000000000000000, 0.000000000000000000, -1.000000000000000000 ) ) ;
#168 = ORIENTED_EDGE ( 'NONE', *, *, #568, .T. ) ;
#169 = DIRECTION ( 'NONE',  ( 0.000000000000000000, 0.000000000000000000, -1.000000000000000000 ) ) ;
#170 = DIRECTION ( 'NONE',  ( 1.000000000000000000, 0.000000000000000000, 0.000000000000000000 ) ) ;
#171 = CARTESIAN_POINT ( 'NONE',  ( 0.8997929866005365263, 0.09126101466390637573, -2.736413408433164829 ) ) ;
#172 = VECTOR ( 'NONE', #562, 1000.000000000000000 ) ;
#173 = AXIS2_PLACEMENT_3D ( 'NONE', #269, #530, #4122 ) ;
#174 =( NAMED_UNIT ( * ) SI_UNIT ( $, .STERADIAN. ) SOLID_ANGLE_UNIT ( ) );
#175 = EDGE_CURVE ( 'NONE', #1508, #1273, #3818, .T. ) ;
#176 = EDGE_LOOP ( 'NONE', ( #3888, #1213, #2002, #1482 ) ) ;
#177 = VECTOR ( 'NONE', #1944, 1000.000000000000000 ) ;
#178 = PRESENTATION_LAYER_ASSIGNMENT (  '', '', ( #1603 ) ) ;
#179 = SURFACE_STYLE_FILL_AREA ( #3754 ) ;
#180 = ADVANCED_FACE ( 'NONE', ( #4468 ), #1454, .T. ) ;
#181 = DIRECTION ( 'NONE',  ( -0.000000000000000000, -1.000000000000000000, -0.000000000000000000 ) ) ;
#182 = ORIENTED_EDGE ( 'NONE', *, *, #3983, .T. ) ;
#183 = CARTESIAN_POINT ( 'NONE',  ( 2.602554106022254121, 2.724701898936304101, -0.07529810106369565215 ) ) ;
#184 = DIRECTION ( 'NONE',  ( 0.000000000000000000, -0.000000000000000000, 1.000000000000000000 ) ) ;
#185 = STYLED_ITEM ( 'NONE', ( #1145 ), #601 ) ;
#186 = FILL_AREA_STYLE ('',( #539 ) ) ;
#187 = ADVANCED_FACE ( 'NONE', ( #2360 ), #1781, .F. ) ;
#188 = ORIENTED_EDGE ( 'NONE', *, *, #2830, .T. ) ;
#189 = UNCERTAINTY_MEASURE_WITH_UNIT (LENGTH_MEASURE( 1.000000000000000082E-05 ), #428, 'distance_accuracy_value', 'NONE');
#190 = ORIENTED_EDGE ( 'NONE', *, *, #1566, .T. ) ;
#191 = DIRECTION ( 'NONE',  ( -1.861610873086367935E-15, -1.000000000000000000, -0.000000000000000000 ) ) ;
#192 = STYLED_ITEM ( 'NONE', ( #1047 ), #883 ) ;
#193 = CARTESIAN_POINT ( 'NONE',  ( 1.633297965358701642, 2.746759999999999646, -1.863024197635491763 ) ) ;
#194 = EDGE_LOOP ( 'NONE', ( #444, #3859, #3473, #1567 ) ) ;
#195 = DIRECTION ( 'NONE',  ( 0.000000000000000000, 0.000000000000000000, -1.000000000000000000 ) ) ;
#196 = CARTESIAN_POINT ( 'NONE',  ( 1.523535811012221464, 2.746759999999999646, -1.340669888712066493 ) ) ;
#197 = VECTOR ( 'NONE', #984, 1000.000000000000000 ) ;
#198 = CYLINDRICAL_SURFACE ( 'NONE', #2542, 0.05823999999999998622 ) ;
#199 = VERTEX_POINT ( 'NONE', #2062 ) ;
#200 = CARTESIAN_POINT ( 'NONE',  ( 2.658240000000000158, 2.741759999999999753, -0.05823999999999999316 ) ) ;
#201 = VECTOR ( 'NONE', #918, 1000.000000000000000 ) ;
#202 = CARTESIAN_POINT ( 'NONE',  ( 1.557847357580686820, 2.741759999999999753, -2.316306086614288606 ) ) ;
#203 = DIRECTION ( 'NONE',  ( 0.000000000000000000, 0.000000000000000000, -1.000000000000000000 ) ) ;
#204 = VERTEX_POINT ( 'NONE', #3211 ) ;
#205 = DIRECTION ( 'NONE',  ( -0.000000000000000000, 0.000000000000000000, -1.000000000000000000 ) ) ;
#206 = CARTESIAN_POINT ( 'NONE',  ( 1.890000000000006786, 2.741759999999999753, -1.983651549899683841 ) ) ;
#207 = PRESENTATION_STYLE_ASSIGNMENT (( #891 ) ) ;
#208 = ORIENTED_EDGE ( 'NONE', *, *, #1349, .F. ) ;
#209 = ORIENTED_EDGE ( 'NONE', *, *, #2407, .T. ) ;
#210 = CARTESIAN_POINT ( 'NONE',  ( 1.811671948376557983, 2.741759999999999753, -1.812111339561971679 ) ) ;
#211 =( NAMED_UNIT ( * ) SI_UNIT ( $, .STERADIAN. ) SOLID_ANGLE_UNIT ( ) );
#212 = EDGE_CURVE ( 'NONE', #3917, #429, #398, .T. ) ;
#213 = DIRECTION ( 'NONE',  ( -0.000000000000000000, -0.000000000000000000, 1.000000000000000000 ) ) ;
#214 = ORIENTED_EDGE ( 'NONE', *, *, #4095, .F. ) ;
#215 = LINE ( 'NONE', #4073, #1655 ) ;
#216 = CARTESIAN_POINT ( 'NONE',  ( 1.890000000000006786, 2.741759999999999753, -1.429865641467908510 ) ) ;
#217 = CARTESIAN_POINT ( 'NONE',  ( 0.8999956264635421421, 2.692609876274624003, -2.741046270079955605 ) ) ;
#218 = ORIENTED_EDGE ( 'NONE', *, *, #3887, .T. ) ;
#219 = ADVANCED_FACE ( 'NONE', ( #3236 ), #2450, .T. ) ;
#220 = EDGE_CURVE ( 'NONE', #489, #585, #3508, .T. ) ;
#221 =( NAMED_UNIT ( * ) SI_UNIT ( $, .STERADIAN. ) SOLID_ANGLE_UNIT ( ) );
#222 = PRESENTATION_STYLE_ASSIGNMENT (( #3452 ) ) ;
#223 = ORIENTED_EDGE ( 'NONE', *, *, #1499, .F. ) ;
#224 = LINE ( 'NONE', #4615, #1398 ) ;
#225 =( NAMED_UNIT ( * ) SI_UNIT ( $, .STERADIAN. ) SOLID_ANGLE_UNIT ( ) );
#226 = SURFACE_SIDE_STYLE ('',( #3191 ) ) ;
#227 = ORIENTED_EDGE ( 'NONE', *, *, #2585, .T. ) ;
#228 = VERTEX_POINT ( 'NONE', #375 ) ;
#229 = AXIS2_PLACEMENT_3D ( 'NONE', #4608, #2039, #4198 ) ;
#230 = CARTESIAN_POINT ( 'NONE',  ( 1.478369079381479878, 2.746759999999999646, -0.8455874476530370609 ) ) ;
#231 = LINE ( 'NONE', #2427, #2429 ) ;
#232 = FACE_OUTER_BOUND ( 'NONE', #4127, .T. ) ;
#233 = AXIS2_PLACEMENT_3D ( 'NONE', #2086, #691, #3240 ) ;
#234 = ORIENTED_EDGE ( 'NONE', *, *, #599, .T. ) ;
#235 = ADVANCED_FACE ( 'NONE', ( #2471 ), #2791, .F. ) ;
#236 = CARTESIAN_POINT ( 'NONE',  ( 1.478369079381479878, 2.746759999999999646, -1.430900981354680468 ) ) ;
#237 = CARTESIAN_POINT ( 'NONE',  ( 1.890000000000006786, 2.746759999999999646, -0.7460696939635345082 ) ) ;
#238 = PLANE ( 'NONE',  #4469 ) ;
#239 = CARTESIAN_POINT ( 'NONE',  ( 0.05824000000000020133, 2.799999999999999822, -0.05823999999999999316 ) ) ;
#240 =( LENGTH_UNIT ( ) NAMED_UNIT ( * ) SI_UNIT ( .MILLI., .METRE. ) );
#241 = PRESENTATION_LAYER_ASSIGNMENT (  '', '', ( #2939 ) ) ;
#242 = ORIENTED_EDGE ( 'NONE', *, *, #175, .F. ) ;
#243 = FACE_OUTER_BOUND ( 'NONE', #3742, .T. ) ;
#244 = VECTOR ( 'NONE', #360, 1000.000000000000000 ) ;
#245 = FILL_AREA_STYLE_COLOUR ( '', #1356 ) ;
#246 = VECTOR ( 'NONE', #3188, 1000.000000000000000 ) ;
#247 = EDGE_CURVE ( 'NONE', #2759, #2895, #3581, .T. ) ;
#248 =( LENGTH_UNIT ( ) NAMED_UNIT ( * ) SI_UNIT ( .MILLI., .METRE. ) );
#249 = ORIENTED_EDGE ( 'NONE', *, *, #1704, .F. ) ;
#250 = STYLED_ITEM ( 'NONE', ( #794 ), #81 ) ;
#251 = PRESENTATION_STYLE_ASSIGNMENT (( #4157 ) ) ;
#252 = DIRECTION ( 'NONE',  ( 5.584832619259123921E-15, 1.000000000000000000, 0.000000000000000000 ) ) ;
#253 = LINE ( 'NONE', #2737, #80 ) ;
#254 = VECTOR ( 'NONE', #3890, 1000.000000000000000 ) ;
#255 = VERTEX_POINT ( 'NONE', #1086 ) ;
#256 = ORIENTED_EDGE ( 'NONE', *, *, #4211, .T. ) ;
#257 = DIRECTION ( 'NONE',  ( -7.938847109757215918E-05, 0.000000000000000000, 0.9999999968487351953 ) ) ;
#258 = LINE ( 'NONE', #3575, #270 ) ;
#259 = SURFACE_STYLE_FILL_AREA ( #2448 ) ;
#260 = ORIENTED_EDGE ( 'NONE', *, *, #4596, .F. ) ;
#261 = VECTOR ( 'NONE', #594, 1000.000000000000227 ) ;
#262 = SURFACE_STYLE_FILL_AREA ( #1666 ) ;
#263 = SPHERICAL_SURFACE ( 'NONE', #100, 0.05823999999999999316 ) ;
#264 = DIRECTION ( 'NONE',  ( -0.9612934544747571142, 0.000000000000000000, -0.2755265765475047868 ) ) ;
#265 = CARTESIAN_POINT ( 'NONE',  ( 1.890000000000006786, 2.746759999999999646, -0.7460696939635345082 ) ) ;
#266 = COLOUR_RGB ( '',0.6470588235294117974, 0.5176470588235293491, 0.000000000000000000 ) ;
#267 = DIRECTION ( 'NONE',  ( 0.000000000000000000, 0.000000000000000000, 1.000000000000000000 ) ) ;
#268 = ORIENTED_EDGE ( 'NONE', *, *, #1630, .F. ) ;
#269 = CARTESIAN_POINT ( 'NONE',  ( 3.500000000000000000, 0.05823999999999999316, -0.05823999999999999316 ) ) ;
#270 = VECTOR ( 'NONE', #1122, 1000.000000000000000 ) ;
#271 = CARTESIAN_POINT ( 'NONE',  ( 1.890000000000006786, 2.741759999999999753, -1.162178254662634913 ) ) ;
#272 = EDGE_CURVE ( 'NONE', #2764, #1930, #1712, .T. ) ;
#273 = DIRECTION ( 'NONE',  ( 0.000000000000000000, 0.000000000000000000, -1.000000000000000000 ) ) ;
#274 =( NAMED_UNIT ( * ) PLANE_ANGLE_UNIT ( ) SI_UNIT ( $, .RADIAN. ) );
#275 = DIRECTION ( 'NONE',  ( 0.000000000000000000, 0.000000000000000000, 1.000000000000000000 ) ) ;
#276 = CIRCLE ( 'NONE', #3118, 0.05824000000000020133 ) ;
#277 = CARTESIAN_POINT ( 'NONE',  ( 0.05823999999999999316, 2.741759999999999753, -2.741759999999999753 ) ) ;
#278 = DIRECTION ( 'NONE',  ( 0.000000000000000000, -1.000000000000000000, -3.606871066604838096E-15 ) ) ;
#279 = SURFACE_SIDE_STYLE ('',( #2094 ) ) ;
#280 = VERTEX_POINT ( 'NONE', #3960 ) ;
#281 = VERTEX_POINT ( 'NONE', #732 ) ;
#282 = DIRECTION ( 'NONE',  ( 1.000000000000000000, -1.861610873086361624E-15, 0.000000000000000000 ) ) ;
#283 = SURFACE_SIDE_STYLE ('',( #3479 ) ) ;
#284 = SURFACE_SIDE_STYLE ('',( #259 ) ) ;
#285 = EDGE_LOOP ( 'NONE', ( #476, #751, #1987, #1986, #701, #2784 ) ) ;
#286 = CARTESIAN_POINT ( 'NONE',  ( 0.8974458939777459898, 2.724701898936304101, -0.07529810106369561051 ) ) ;
#287 = LINE ( 'NONE', #4630, #2056 ) ;
#288 = SURFACE_SIDE_STYLE ('',( #1761 ) ) ;
#289 = FILL_AREA_STYLE ('',( #4585 ) ) ;
#290 = ORIENTED_EDGE ( 'NONE', *, *, #335, .T. ) ;
#291 = SURFACE_STYLE_FILL_AREA ( #2800 ) ;
#292 = CARTESIAN_POINT ( 'NONE',  ( 0.8995110761645406239, 0.06679815734959300422, -0.08542081144420653194 ) ) ;
#293 = SURFACE_STYLE_USAGE ( .BOTH. , #3541 ) ;
#294 = ORIENTED_EDGE ( 'NONE', *, *, #2697, .F. ) ;
#295 = CARTESIAN_POINT ( 'NONE',  ( 1.478369079381479878, 2.741759999999999753, -1.255601935242362188 ) ) ;
#296 = CARTESIAN_POINT ( 'NONE',  ( 1.890000000000006786, 2.746759999999999646, -2.220836029381371812 ) ) ;
#297 = PLANE ( 'NONE',  #1283 ) ;
#298 = ORIENTED_EDGE ( 'NONE', *, *, #4549, .F. ) ;
#299 = ORIENTED_EDGE ( 'NONE', *, *, #4050, .T. ) ;
#300 = DIRECTION ( 'NONE',  ( 0.000000000000000000, 0.000000000000000000, 1.000000000000000000 ) ) ;
#301 = CARTESIAN_POINT ( 'NONE',  ( 2.601260537736253209, 2.728924731604386977, -2.720479066268221224 ) ) ;
#302 = EDGE_CURVE ( 'NONE', #3673, #2271, #642, .T. ) ;
#303 = COLOUR_RGB ( '',0.7686274509803920907, 0.7686274509803920907, 0.7686274509803920907 ) ;
#304 = ORIENTED_EDGE ( 'NONE', *, *, #2399, .F. ) ;
#305 =( NAMED_UNIT ( * ) PLANE_ANGLE_UNIT ( ) SI_UNIT ( $, .RADIAN. ) );
#306 = ADVANCED_FACE ( 'NONE', ( #1921 ), #4360, .T. ) ;
#307 = PRESENTATION_STYLE_ASSIGNMENT (( #2151 ) ) ;
#308 = CARTESIAN_POINT ( 'NONE',  ( 1.709380634529654497, 2.741759999999999753, -0.9607584374758031398 ) ) ;
#309 = CARTESIAN_POINT ( 'NONE',  ( 1.556720911532859519, 2.746759999999999646, -1.192290661020161346 ) ) ;
#310 = ADVANCED_FACE ( 'NONE', ( #4069 ), #2221, .F. ) ;
#311 =( GEOMETRIC_REPRESENTATION_CONTEXT ( 3 ) GLOBAL_UNCERTAINTY_ASSIGNED_CONTEXT ( ( #1636 ) ) GLOBAL_UNIT_ASSIGNED_CONTEXT ( ( #3046, #3356, #1238 ) ) REPRESENTATION_CONTEXT ( 'NONE', 'WORKASPACE' ) );
#312 = ORIENTED_EDGE ( 'NONE', *, *, #220, .F. ) ;
#313 = ADVANCED_FACE ( 'NONE', ( #2906 ), #1868, .T. ) ;
#314 = LINE ( 'NONE', #2481, #4231 ) ;
#315 = FILL_AREA_STYLE_COLOUR ( '', #1016 ) ;
#316 = STYLED_ITEM ( 'NONE', ( #3098 ), #3783 ) ;
#317 = ORIENTED_EDGE ( 'NONE', *, *, #4204, .T. ) ;
#318 = COLOUR_RGB ( '',0.7686274509803920907, 0.7686274509803920907, 0.7686274509803920907 ) ;
#319 = CYLINDRICAL_SURFACE ( 'NONE', #4182, 0.05823999999999998622 ) ;
#320 = STYLED_ITEM ( 'NONE', ( #2755 ), #2573 ) ;
#321 = SPHERICAL_SURFACE ( 'NONE', #1662, 0.05823999999999999316 ) ;
#322 = EDGE_CURVE ( 'NONE', #895, #470, #4006, .T. ) ;
#323 = ORIENTED_EDGE ( 'NONE', *, *, #4211, .F. ) ;
#324 = AXIS2_PLACEMENT_3D ( 'NONE', #2081, #2884, #3187 ) ;
#325 = DIRECTION ( 'NONE',  ( 0.9611542233438713501, 0.000000000000000000, 0.2760118818968482768 ) ) ;
#326 =( NAMED_UNIT ( * ) SI_UNIT ( $, .STERADIAN. ) SOLID_ANGLE_UNIT ( ) );
#327 = EDGE_CURVE ( 'NONE', #3636, #585, #119, .T. ) ;
#328 = MECHANICAL_DESIGN_GEOMETRIC_PRESENTATION_REPRESENTATION (  '', ( #1972 ), #2951 ) ;
#329 = ORIENTED_EDGE ( 'NONE', *, *, #2359, .T. ) ;
#330 = DIRECTION ( 'NONE',  ( 1.000000000000000000, 0.000000000000000000, 0.000000000000000000 ) ) ;
#331 = CARTESIAN_POINT ( 'NONE',  ( 2.600000000000000089, 0.05824000000000020133, -2.741759999999999753 ) ) ;
#332 =( GEOMETRIC_REPRESENTATION_CONTEXT ( 3 ) GLOBAL_UNCERTAINTY_ASSIGNED_CONTEXT ( ( #2469 ) ) GLOBAL_UNIT_ASSIGNED_CONTEXT ( ( #142, #1897, #3717 ) ) REPRESENTATION_CONTEXT ( 'NONE', 'WORKASPACE' ) );
#333 = CARTESIAN_POINT ( 'NONE',  ( 1.811686967656117364, 2.746759999999999646, -0.9316085170136499949 ) ) ;
#334 = LINE ( 'NONE', #3190, #2975 ) ;
#335 = EDGE_CURVE ( 'NONE', #2423, #4161, #3359, .T. ) ;
#336 = FILL_AREA_STYLE ('',( #3556 ) ) ;
#337 = EDGE_LOOP ( 'NONE', ( #4168, #914, #2003, #1974 ) ) ;
#338 =( NAMED_UNIT ( * ) PLANE_ANGLE_UNIT ( ) SI_UNIT ( $, .RADIAN. ) );
#339 = VECTOR ( 'NONE', #2826, 1000.000000000000000 ) ;
#340 = EDGE_CURVE ( 'NONE', #4004, #4180, #3689, .T. ) ;
#341 = LINE ( 'NONE', #2507, #2166 ) ;
#342 = MECHANICAL_DESIGN_GEOMETRIC_PRESENTATION_REPRESENTATION (  '', ( #3338 ), #492 ) ;
#343 =( NAMED_UNIT ( * ) PLANE_ANGLE_UNIT ( ) SI_UNIT ( $, .RADIAN. ) );
#344 = CARTESIAN_POINT ( 'NONE',  ( 1.890000000000006786, 2.746759999999999646, -1.518511938874666178 ) ) ;
#345 = MECHANICAL_DESIGN_GEOMETRIC_PRESENTATION_REPRESENTATION (  '', ( #2352 ), #721 ) ;
#346 = CYLINDRICAL_SURFACE ( 'NONE', #1329, 0.05824000000000020133 ) ;
#347 = LINE ( 'NONE', #3904, #1651 ) ;
#348 = VERTEX_POINT ( 'NONE', #3000 ) ;
#349 = VECTOR ( 'NONE', #364, 1000.000000000000227 ) ;
#350 = FACE_OUTER_BOUND ( 'NONE', #3092, .T. ) ;
#351 = CARTESIAN_POINT ( 'NONE',  ( 3.441759999999999931, 0.05823999999999999316, -0.05823999999999999316 ) ) ;
#352 = MECHANICAL_DESIGN_GEOMETRIC_PRESENTATION_REPRESENTATION (  '', ( #2362 ), #3352 ) ;
#353 = EDGE_LOOP ( 'NONE', ( #730, #2848, #3401, #2052 ) ) ;
#354 = CARTESIAN_POINT ( 'NONE',  ( 0.8999839779386356042, 2.740095827725957278, -0.1013751459743420236 ) ) ;
#355 = SURFACE_SIDE_STYLE ('',( #3532 ) ) ;
#356 = CARTESIAN_POINT ( 'NONE',  ( 2.602554106022254121, 0.07529810106369545786, -2.724701898936304101 ) ) ;
#357 = SURFACE_SIDE_STYLE ('',( #3651 ) ) ;
#358 = PRESENTATION_STYLE_ASSIGNMENT (( #1089 ) ) ;
#359 = ORIENTED_EDGE ( 'NONE', *, *, #2816, .F. ) ;
#360 = DIRECTION ( 'NONE',  ( -0.9619530280415479195, 0.000000000000000000, -0.2732148821746301914 ) ) ;
#361 = DIRECTION ( 'NONE',  ( -0.2793947940878393488, 0.000000000000000000, 0.9601763114327566129 ) ) ;
#362 = FILL_AREA_STYLE_COLOUR ( '', #318 ) ;
#363 = CARTESIAN_POINT ( 'NONE',  ( 2.658240000000000158, 0.05823999999999999316, -2.741759999999999753 ) ) ;
#364 = DIRECTION ( 'NONE',  ( -0.9610876102172832836, 0.000000000000000000, -0.2762437428917279281 ) ) ;
#365 = SURFACE_SIDE_STYLE ('',( #1513 ) ) ;
#366 = CARTESIAN_POINT ( 'NONE',  ( 0.8979341417746431464, 2.726295775941021571, -2.723108021931858413 ) ) ;
#367 = VERTEX_POINT ( 'NONE', #1940 ) ;
#368 = EDGE_CURVE ( 'NONE', #1857, #678, #2566, .T. ) ;
#369 = CARTESIAN_POINT ( 'NONE',  ( 3.500000000000000000, 0.000000000000000000, -0.05823999999999999316 ) ) ;
#370 = DIRECTION ( 'NONE',  ( 0.000000000000000000, 1.000000000000000000, 0.000000000000000000 ) ) ;
#371 = PRESENTATION_STYLE_ASSIGNMENT (( #418 ) ) ;
#372 = UNCERTAINTY_MEASURE_WITH_UNIT (LENGTH_MEASURE( 1.000000000000000082E-05 ), #3516, 'distance_accuracy_value', 'NONE');
#373 = ORIENTED_EDGE ( 'NONE', *, *, #322, .F. ) ;
#374 = FACE_OUTER_BOUND ( 'NONE', #3050, .T. ) ;
#375 = CARTESIAN_POINT ( 'NONE',  ( 2.658240000000000158, 0.000000000000000000, -2.741759999999999753 ) ) ;
#376 = DIRECTION ( 'NONE',  ( 1.000000000000000000, 0.000000000000000000, 0.000000000000000000 ) ) ;
#377 = CARTESIAN_POINT ( 'NONE',  ( 1.890000000000006786, 2.746759999999999646, -1.320128519256672073 ) ) ;
#378 = DIRECTION ( 'NONE',  ( -1.000000000000000000, 0.000000000000000000, 0.000000000000000000 ) ) ;
#379 = EDGE_CURVE ( 'NONE', #1571, #973, #3789, .T. ) ;
#380 = ORIENTED_EDGE ( 'NONE', *, *, #3881, .T. ) ;
#381 = VECTOR ( 'NONE', #1095, 1000.000000000000000 ) ;
#382 = CARTESIAN_POINT ( 'NONE',  ( 1.709380634530516696, 2.746759999999999646, -2.017938064331727954 ) ) ;
#383 = AXIS2_PLACEMENT_3D ( 'NONE', #3831, #3499, #607 ) ;
#384 = EDGE_CURVE ( 'NONE', #4192, #2107, #2688, .T. ) ;
#385 = ORIENTED_EDGE ( 'NONE', *, *, #2484, .F. ) ;
#386 = CARTESIAN_POINT ( 'NONE',  ( 0.8417600000000001748, 2.799999999999999822, -0.05824000000000020133 ) ) ;
#387 = STYLED_ITEM ( 'NONE', ( #4053 ), #4424 ) ;
#388 = DIRECTION ( 'NONE',  ( -0.000000000000000000, -1.000000000000000000, 0.000000000000000000 ) ) ;
#389 = ORIENTED_EDGE ( 'NONE', *, *, #2317, .F. ) ;
#390 = FACE_OUTER_BOUND ( 'NONE', #1045, .T. ) ;
#391 = VECTOR ( 'NONE', #866, 1000.000000000000114 ) ;
#392 = PLANE ( 'NONE',  #2886 ) ;
#393 = CARTESIAN_POINT ( 'NONE',  ( 1.521771045540717848, 2.746759999999999646, -1.624255184048812417 ) ) ;
#394 = CLOSED_SHELL ( 'NONE', ( #2230, #1683, #2902, #2994, #4342, #3219, #3506, #4166, #1648, #2026, #3023, #3091, #310, #187, #1505, #4433, #856, #1839, #2711, #3777, #2377, #4149, #2190, #1985, #1194 ) ) ;
#395 = ORIENTED_EDGE ( 'NONE', *, *, #3757, .F. ) ;
#396 = CARTESIAN_POINT ( 'NONE',  ( 1.633284197684115924, 2.741759999999999753, -0.9824688076061879327 ) ) ;
#397 = LINE ( 'NONE', #1783, #2349 ) ;
#398 = CIRCLE ( 'NONE', #324, 0.05824000000000020133 ) ;
#399 =( LENGTH_UNIT ( ) NAMED_UNIT ( * ) SI_UNIT ( .MILLI., .METRE. ) );
#400 = ORIENTED_EDGE ( 'NONE', *, *, #1391, .F. ) ;
#401 = VECTOR ( 'NONE', #964, 1000.000000000000114 ) ;
#402 = DIRECTION ( 'NONE',  ( 0.000000000000000000, -1.000000000000000000, 0.000000000000000000 ) ) ;
#403 = FACE_OUTER_BOUND ( 'NONE', #4026, .T. ) ;
#404 = EDGE_CURVE ( 'NONE', #2516, #4586, #1618, .T. ) ;
#405 = AXIS2_PLACEMENT_3D ( 'NONE', #3678, #1484, #858 ) ;
#406 = SURFACE_STYLE_USAGE ( .BOTH. , #4366 ) ;
#407 = CARTESIAN_POINT ( 'NONE',  ( 0.05824000000000020133, 0.05823999999999999316, 0.000000000000000000 ) ) ;
#408 = ORIENTED_EDGE ( 'NONE', *, *, #2140, .T. ) ;
#409 = FACE_OUTER_BOUND ( 'NONE', #590, .T. ) ;
#410 = CYLINDRICAL_SURFACE ( 'NONE', #3553, 0.05823999999999998622 ) ;
#411 = MECHANICAL_DESIGN_GEOMETRIC_PRESENTATION_REPRESENTATION (  '', ( #2050 ), #37 ) ;
#412 = FACE_OUTER_BOUND ( 'NONE', #1014, .T. ) ;
#413 = CARTESIAN_POINT ( 'NONE',  ( 3.500000000000000000, 2.799999999999999822, -2.741759999999999753 ) ) ;
#414 = CARTESIAN_POINT ( 'NONE',  ( 0.8983244899547414564, 2.727815163929699693, -2.721402159806213472 ) ) ;
#415 = ORIENTED_EDGE ( 'NONE', *, *, #4362, .T. ) ;
#416 =( LENGTH_UNIT ( ) NAMED_UNIT ( * ) SI_UNIT ( .MILLI., .METRE. ) );
#417 =( GEOMETRIC_REPRESENTATION_CONTEXT ( 3 ) GLOBAL_UNCERTAINTY_ASSIGNED_CONTEXT ( ( #1594 ) ) GLOBAL_UNIT_ASSIGNED_CONTEXT ( ( #4600, #1659, #2742 ) ) REPRESENTATION_CONTEXT ( 'NONE', 'WORKASPACE' ) );
#418 = SURFACE_STYLE_USAGE ( .BOTH. , #1106 ) ;
#419 = MECHANICAL_DESIGN_GEOMETRIC_PRESENTATION_REPRESENTATION (  '', ( #2433 ), #1246 ) ;
#420 = UNCERTAINTY_MEASURE_WITH_UNIT (LENGTH_MEASURE( 1.000000000000000082E-05 ), #2870, 'distance_accuracy_value', 'NONE');
#421 = ORIENTED_EDGE ( 'NONE', *, *, #1511, .T. ) ;
#422 = LINE ( 'NONE', #4671, #1435 ) ;
#423 = DIRECTION ( 'NONE',  ( -0.9601763114327565019, 0.000000000000000000, -0.2793947940878392933 ) ) ;
#424 = PRODUCT_CONTEXT ( 'NONE', #2607, 'mechanical' ) ;
#425 = EDGE_CURVE ( 'NONE', #439, #1234, #4394, .T. ) ;
#426 = FACE_OUTER_BOUND ( 'NONE', #2978, .T. ) ;
#427 = VECTOR ( 'NONE', #213, 1000.000000000000000 ) ;
#428 =( LENGTH_UNIT ( ) NAMED_UNIT ( * ) SI_UNIT ( .MILLI., .METRE. ) );
#429 = VERTEX_POINT ( 'NONE', #4506 ) ;
#430 = CARTESIAN_POINT ( 'NONE',  ( 1.709380634530516696, 2.746759999999999646, -1.841313827505607126 ) ) ;
#431 = ADVANCED_FACE ( 'NONE', ( #4453 ), #566, .T. ) ;
#432 = CARTESIAN_POINT ( 'NONE',  ( 1.890000000000006786, 2.746759999999999646, -1.672652312619159698 ) ) ;
#433 = VERTEX_POINT ( 'NONE', #2328 ) ;
#434 = PLANE ( 'NONE',  #2559 ) ;
#435 =( NAMED_UNIT ( * ) SI_UNIT ( $, .STERADIAN. ) SOLID_ANGLE_UNIT ( ) );
#436 =( NAMED_UNIT ( * ) SI_UNIT ( $, .STERADIAN. ) SOLID_ANGLE_UNIT ( ) );
#437 =( LENGTH_UNIT ( ) NAMED_UNIT ( * ) SI_UNIT ( .MILLI., .METRE. ) );
#438 = DIRECTION ( 'NONE',  ( 0.000000000000000000, 0.000000000000000000, -1.000000000000000000 ) ) ;
#439 = VERTEX_POINT ( 'NONE', #611 ) ;
#440 = DIRECTION ( 'NONE',  ( 1.000000000000000000, 0.000000000000000000, -0.000000000000000000 ) ) ;
#441 = CARTESIAN_POINT ( 'NONE',  ( 2.600000000000000089, 0.1100196155029171535, -0.05824000000000020133 ) ) ;
#442 = DIRECTION ( 'NONE',  ( 0.000000000000000000, 0.000000000000000000, 1.000000000000000000 ) ) ;
#443 = EDGE_CURVE ( 'NONE', #2072, #4381, #4163, .T. ) ;
#444 = ORIENTED_EDGE ( 'NONE', *, *, #2179, .T. ) ;
#445 = LINE ( 'NONE', #4359, #996 ) ;
#446 = SURFACE_STYLE_FILL_AREA ( #1850 ) ;
#447 = DIRECTION ( 'NONE',  ( 0.000000000000000000, 1.000000000000000000, 0.000000000000000000 ) ) ;
#448 = EDGE_CURVE ( 'NONE', #1256, #1300, #1989, .T. ) ;
#449 = VERTEX_POINT ( 'NONE', #210 ) ;
#450 = DIRECTION ( 'NONE',  ( 0.000000000000000000, 0.000000000000000000, -1.000000000000000000 ) ) ;
#451 = LINE ( 'NONE', #2176, #4328 ) ;
#452 = AXIS2_PLACEMENT_3D ( 'NONE', #461, #861, #3778 ) ;
#453 = FILL_AREA_STYLE ('',( #3677 ) ) ;
#454 = CARTESIAN_POINT ( 'NONE',  ( 0.8987394622637416841, 0.07107526839561248422, -2.720479066268221224 ) ) ;
#455 = ADVANCED_FACE ( 'NONE', ( #3815 ), #1596, .T. ) ;
#456 = ORIENTED_EDGE ( 'NONE', *, *, #2069, .T. ) ;
#457 = SURFACE_STYLE_FILL_AREA ( #3289 ) ;
#458 =( NAMED_UNIT ( * ) PLANE_ANGLE_UNIT ( ) SI_UNIT ( $, .RADIAN. ) );
#459 = LINE ( 'NONE', #2631, #575 ) ;
#460 = PRESENTATION_LAYER_ASSIGNMENT (  '', '', ( #1134 ) ) ;
#461 = CARTESIAN_POINT ( 'NONE',  ( 0.05823999999999999316, 0.05823999999999999316, -0.05823999999999999316 ) ) ;
#462 = VERTEX_POINT ( 'NONE', #1314 ) ;
#463 = VECTOR ( 'NONE', #1419, 1000.000000000000000 ) ;
#464 = CARTESIAN_POINT ( 'NONE',  ( 1.478369079381479878, 2.746759999999999646, -1.560922121378591987 ) ) ;
#465 = CARTESIAN_POINT ( 'NONE',  ( 2.600000000000000089, 0.1164800000000001529, -0.05824000000000020133 ) ) ;
#466 = VECTOR ( 'NONE', #2369, 1000.000000000000000 ) ;
#467 = FACE_OUTER_BOUND ( 'NONE', #141, .T. ) ;
#468 = B_SPLINE_CURVE_WITH_KNOTS ( 'NONE', 3,
 ( #3828, #3400, #1255, #4567, #4153, #2243, #1330, #4201, #3688, #976 ),
 .UNSPECIFIED., .F., .F.,
 ( 4, 3, 3, 4 ),
 ( 0.000000000000000000, 1.833143621111621685E-05, 3.656618479249318550E-05, 4.558081643555640270E-05 ),
 .UNSPECIFIED. ) ;
#469 = UNCERTAINTY_MEASURE_WITH_UNIT (LENGTH_MEASURE( 1.000000000000000082E-05 ), #3798, 'distance_accuracy_value', 'NONE');
#470 = VERTEX_POINT ( 'NONE', #1658 ) ;
#471 = DIRECTION ( 'NONE',  ( 0.000000000000000000, -1.000000000000000000, 0.000000000000000000 ) ) ;
#472 = AXIS2_PLACEMENT_3D ( 'NONE', #3064, #4449, #184 ) ;
#473 =( GEOMETRIC_REPRESENTATION_CONTEXT ( 3 ) GLOBAL_UNCERTAINTY_ASSIGNED_CONTEXT ( ( #2241 ) ) GLOBAL_UNIT_ASSIGNED_CONTEXT ( ( #4496, #1275, #1975 ) ) REPRESENTATION_CONTEXT ( 'NONE', 'WORKASPACE' ) );
#474 = ADVANCED_FACE ( 'NONE', ( #1965 ), #3027, .F. ) ;
#475 = DIRECTION ( 'NONE',  ( 7.938847109757215918E-05, 0.000000000000000000, -0.9999999968487351953 ) ) ;
#476 = ORIENTED_EDGE ( 'NONE', *, *, #1024, .F. ) ;
#477 = DIRECTION ( 'NONE',  ( -0.2793947940814875408, 0.000000000000000000, 0.9601763114346048011 ) ) ;
#478 =( GEOMETRIC_REPRESENTATION_CONTEXT ( 3 ) GLOBAL_UNCERTAINTY_ASSIGNED_CONTEXT ( ( #946 ) ) GLOBAL_UNIT_ASSIGNED_CONTEXT ( ( #3973, #2558, #435 ) ) REPRESENTATION_CONTEXT ( 'NONE', 'WORKASPACE' ) );
#479 = DIRECTION ( 'NONE',  ( 0.9610348236706638403, 0.000000000000000000, 0.2764273280489756290 ) ) ;
#480 =( LENGTH_UNIT ( ) NAMED_UNIT ( * ) SI_UNIT ( .MILLI., .METRE. ) );
#481 = AXIS2_PLACEMENT_3D ( 'NONE', #4552, #2028, #257 ) ;
#482 = LINE ( 'NONE', #1926, #992 ) ;
#483 = ORIENTED_EDGE ( 'NONE', *, *, #2034, .T. ) ;
#484 = PLANE ( 'NONE',  #4387 ) ;
#485 = CARTESIAN_POINT ( 'NONE',  ( 2.658240000000000158, 0.000000000000000000, 0.000000000000000000 ) ) ;
#486 = CARTESIAN_POINT ( 'NONE',  ( 0.9000000000000002442, 0.1164800000000001529, -0.05824000000000020133 ) ) ;
#487 = SURFACE_STYLE_USAGE ( .BOTH. , #1629 ) ;
#488 = AXIS2_PLACEMENT_3D ( 'NONE', #3988, #829, #4037 ) ;
#489 = VERTEX_POINT ( 'NONE', #1215 ) ;
#490 = DIRECTION ( 'NONE',  ( -0.000000000000000000, -1.000000000000000000, 0.000000000000000000 ) ) ;
#491 = SURFACE_STYLE_FILL_AREA ( #3758 ) ;
#492 =( GEOMETRIC_REPRESENTATION_CONTEXT ( 3 ) GLOBAL_UNCERTAINTY_ASSIGNED_CONTEXT ( ( #1962 ) ) GLOBAL_UNIT_ASSIGNED_CONTEXT ( ( #3411, #3439, #2617 ) ) REPRESENTATION_CONTEXT ( 'NONE', 'WORKASPACE' ) );
#493 = CARTESIAN_POINT ( 'NONE',  ( 0.8417600000000000637, 2.741759999999999753, -0.05824000000000020133 ) ) ;
#494 = CARTESIAN_POINT ( 'NONE',  ( 3.441759999999999931, 2.741759999999999753, -0.05823999999999999316 ) ) ;
#495 = ORIENTED_EDGE ( 'NONE', *, *, #589, .F. ) ;
#496 = VERTEX_POINT ( 'NONE', #2425 ) ;
#497 = VECTOR ( 'NONE', #2193, 1000.000000000000227 ) ;
#498 = CARTESIAN_POINT ( 'NONE',  ( 3.441759999999999931, 0.05823999999999999316, 0.000000000000000000 ) ) ;
#499 = CARTESIAN_POINT ( 'NONE',  ( 1.478369079381479878, 2.746759999999999646, -1.741460643546117293 ) ) ;
#500 = CIRCLE ( 'NONE', #3265, 0.05823999999999998622 ) ;
#501 = ORIENTED_EDGE ( 'NONE', *, *, #3718, .T. ) ;
#502 = LINE ( 'NONE', #2725, #165 ) ;
#503 = VECTOR ( 'NONE', #51, 1000.000000000000000 ) ;
#504 = CARTESIAN_POINT ( 'NONE',  ( 1.478369079381479878, 2.741759999999999753, -0.9104450990217833883 ) ) ;
#505 = DIRECTION ( 'NONE',  ( 0.000000000000000000, 0.000000000000000000, 1.000000000000000000 ) ) ;
#506 = PLANE ( 'NONE',  #1753 ) ;
#507 = VERTEX_POINT ( 'NONE', #3547 ) ;
#508 = EDGE_CURVE ( 'NONE', #154, #1459, #4305, .T. ) ;
#509 = CARTESIAN_POINT ( 'NONE',  ( 1.633284197684115924, 2.746759999999999646, -1.159145611914445873 ) ) ;
#510 = DIRECTION ( 'NONE',  ( -0.000000000000000000, 1.000000000000000000, -0.000000000000000000 ) ) ;
#511 = LINE ( 'NONE', #2659, #1647 ) ;
#512 = EDGE_CURVE ( 'NONE', #2095, #1008, #3115, .T. ) ;
#513 = EDGE_LOOP ( 'NONE', ( #1405, #323, #3457, #495 ) ) ;
#514 =( NAMED_UNIT ( * ) SI_UNIT ( $, .STERADIAN. ) SOLID_ANGLE_UNIT ( ) );
#515 = DIRECTION ( 'NONE',  ( 0.4443210308329466063, 0.000000000000000000, -0.8958676361826828360 ) ) ;
#516 =( NAMED_UNIT ( * ) PLANE_ANGLE_UNIT ( ) SI_UNIT ( $, .RADIAN. ) );
#517 = VERTEX_POINT ( 'NONE', #4235 ) ;
#518 = ADVANCED_FACE ( 'NONE', ( #350 ), #3526, .T. ) ;
#519 = UNCERTAINTY_MEASURE_WITH_UNIT (LENGTH_MEASURE( 1.000000000000000082E-05 ), #2154, 'distance_accuracy_value', 'NONE');
#520 = ORIENTED_EDGE ( 'NONE', *, *, #4252, .F. ) ;
#521 = FILL_AREA_STYLE_COLOUR ( '', #3560 ) ;
#522 = FILL_AREA_STYLE ('',( #4115 ) ) ;
#523 = CARTESIAN_POINT ( 'NONE',  ( 0.05824000000000020133, 2.741759999999999753, -2.741759999999999753 ) ) ;
#524 = ORIENTED_EDGE ( 'NONE', *, *, #570, .T. ) ;
#525 = CARTESIAN_POINT ( 'NONE',  ( 1.890000000000006786, 2.746759999999999646, -1.983651549899683841 ) ) ;
#526 = DIRECTION ( 'NONE',  ( -1.000000000000000000, 0.000000000000000000, -0.000000000000000000 ) ) ;
#527 = CARTESIAN_POINT ( 'NONE',  ( 1.811686967656117364, 2.746759999999999646, -0.9316085170136499949 ) ) ;
#528 = EDGE_CURVE ( 'NONE', #809, #2412, #1422, .T. ) ;
#529 = ORIENTED_EDGE ( 'NONE', *, *, #3644, .F. ) ;
#530 = DIRECTION ( 'NONE',  ( -1.000000000000000000, 0.000000000000000000, 0.000000000000000000 ) ) ;
#531 = FACE_OUTER_BOUND ( 'NONE', #1784, .T. ) ;
#532 = EDGE_CURVE ( 'NONE', #608, #4472, #3599, .T. ) ;
#533 = CARTESIAN_POINT ( 'NONE',  ( 1.890000000000006786, 2.746759999999999646, -1.320128519256672073 ) ) ;
#534 =( GEOMETRIC_REPRESENTATION_CONTEXT ( 3 ) GLOBAL_UNCERTAINTY_ASSIGNED_CONTEXT ( ( #802 ) ) GLOBAL_UNIT_ASSIGNED_CONTEXT ( ( #4043, #2991, #221 ) ) REPRESENTATION_CONTEXT ( 'NONE', 'WORKASPACE' ) );
#535 = VERTEX_POINT ( 'NONE', #636 ) ;
#536 = CARTESIAN_POINT ( 'NONE',  ( 2.600000000000000089, 0.05824000000000020133, -0.05824000000000020133 ) ) ;
#537 = AXIS2_PLACEMENT_3D ( 'NONE', #972, #267, #2727 ) ;
#538 = EDGE_CURVE ( 'NONE', #517, #2764, #4576, .T. ) ;
#539 = FILL_AREA_STYLE_COLOUR ( '', #3008 ) ;
#540 = AXIS2_PLACEMENT_3D ( 'NONE', #3964, #1803, #1412 ) ;
#541 = ORIENTED_EDGE ( 'NONE', *, *, #4409, .T. ) ;
#542 = VERTEX_POINT ( 'NONE', #660 ) ;
#543 = CARTESIAN_POINT ( 'NONE',  ( 2.600000000000000089, 0.000000000000000000, -2.741759999999999753 ) ) ;
#544 = STYLED_ITEM ( 'NONE', ( #2101 ), #3811 ) ;
#545 = DIRECTION ( 'NONE',  ( -0.000000000000000000, -1.000000000000000000, 0.000000000000000000 ) ) ;
#546 = COLOUR_RGB ( '',0.7686274509803920907, 0.7686274509803920907, 0.7686274509803920907 ) ;
#547 = EDGE_LOOP ( 'NONE', ( #3437, #1828, #3312, #4293 ) ) ;
#548 = CARTESIAN_POINT ( 'NONE',  ( 1.709380634530516696, 2.746759999999999646, -2.017938064331727954 ) ) ;
#549 = PLANE ( 'NONE',  #3619 ) ;
#550 = SURFACE_SIDE_STYLE ('',( #3388 ) ) ;
#551 = COLOUR_RGB ( '',0.7686274509803920907, 0.7686274509803920907, 0.7686274509803920907 ) ;
#552 = CIRCLE ( 'NONE', #3399, 0.05824000000000020133 ) ;
#553 = CARTESIAN_POINT ( 'NONE',  ( 1.890000000000006786, 2.746759999999999646, -1.518511938874666178 ) ) ;
#554 = EDGE_LOOP ( 'NONE', ( #2027, #47, #61, #1961 ) ) ;
#555 = COLOUR_RGB ( '',0.7686274509803920907, 0.7686274509803920907, 0.7686274509803920907 ) ;
#556 = DIRECTION ( 'NONE',  ( -0.000000000000000000, -0.000000000000000000, -1.000000000000000000 ) ) ;
#557 = FACE_OUTER_BOUND ( 'NONE', #1665, .T. ) ;
#558 = ORIENTED_EDGE ( 'NONE', *, *, #595, .F. ) ;
#559 = VECTOR ( 'NONE', #3834, 1000.000000000000000 ) ;
#560 = DIRECTION ( 'NONE',  ( -0.9612861490927336883, 0.000000000000000000, -0.2755520632520511715 ) ) ;
#561 =( NAMED_UNIT ( * ) SI_UNIT ( $, .STERADIAN. ) SOLID_ANGLE_UNIT ( ) );
#562 = DIRECTION ( 'NONE',  ( -0.8843386665637650301, 0.000000000000000000, -0.4668459304955137057 ) ) ;
#563 = VERTEX_POINT ( 'NONE', #1680 ) ;
#564 = UNCERTAINTY_MEASURE_WITH_UNIT (LENGTH_MEASURE( 1.000000000000000082E-05 ), #2382, 'distance_accuracy_value', 'NONE');
#565 = ORIENTED_EDGE ( 'NONE', *, *, #1358, .F. ) ;
#566 = PLANE ( 'NONE',  #3251 ) ;
#567 = CARTESIAN_POINT ( 'NONE',  ( 0.8417599999999947347, 4.948608487273116146E-15, -2.799999999999999822 ) ) ;
#568 = EDGE_CURVE ( 'NONE', #2602, #154, #3137, .T. ) ;
#569 = VERTEX_POINT ( 'NONE', #2097 ) ;
#570 = EDGE_CURVE ( 'NONE', #2974, #1116, #1338, .T. ) ;
#571 = FILL_AREA_STYLE_COLOUR ( '', #4311 ) ;
#572 = CARTESIAN_POINT ( 'NONE',  ( 0.8983244899547362383, 0.07859784019378601716, -2.727815163929699693 ) ) ;
#573 = CARTESIAN_POINT ( 'NONE',  ( 0.8993473067223032302, 2.715417980553090249, -2.732628671686633481 ) ) ;
#574 = EDGE_LOOP ( 'NONE', ( #1039, #218, #4109, #1622 ) ) ;
#575 = VECTOR ( 'NONE', #4395, 1000.000000000000000 ) ;
#576 = VECTOR ( 'NONE', #2305, 1000.000000000000000 ) ;
#577 = CARTESIAN_POINT ( 'NONE',  ( 0.8999999999999948042, 0.06403198713132449149, -2.735968012868675636 ) ) ;
#578 = SURFACE_STYLE_FILL_AREA ( #2680 ) ;
#579 = ORIENTED_EDGE ( 'NONE', *, *, #3956, .T. ) ;
#580 = FILL_AREA_STYLE_COLOUR ( '', #638 ) ;
#581 = PRESENTATION_STYLE_ASSIGNMENT (( #2091 ) ) ;
#582 = SURFACE_SIDE_STYLE ('',( #2000 ) ) ;
#583 = ADVANCED_FACE ( 'NONE', ( #1751 ), #772, .T. ) ;
#584 = ORIENTED_EDGE ( 'NONE', *, *, #2989, .T. ) ;
#585 = VERTEX_POINT ( 'NONE', #3182 ) ;
#586 = CARTESIAN_POINT ( 'NONE',  ( 2.658240000000000158, 0.05823999999999999316, -0.05824000000000020133 ) ) ;
#587 = DIRECTION ( 'NONE',  ( 0.8958676361826827250, 0.000000000000000000, 0.4443210308329466618 ) ) ;
#588 = PLANE ( 'NONE',  #127 ) ;
#589 = EDGE_CURVE ( 'NONE', #433, #281, #3978, .T. ) ;
#590 = EDGE_LOOP ( 'NONE', ( #747, #135, #2495 ) ) ;
#591 = CARTESIAN_POINT ( 'NONE',  ( 1.633284197684115924, 2.741759999999999753, -0.9824688076061879327 ) ) ;
#592 = CARTESIAN_POINT ( 'NONE',  ( 2.600000000000000089, 2.689980384497082433, -2.741759999999999753 ) ) ;
#593 = SPHERICAL_SURFACE ( 'NONE', #1953, 0.05823999999999999316 ) ;
#594 = DIRECTION ( 'NONE',  ( 0.9610029908221285888, 0.000000000000000000, 0.2765379750249931656 ) ) ;
#595 = EDGE_CURVE ( 'NONE', #1970, #3097, #1900, .T. ) ;
#596 = FACE_OUTER_BOUND ( 'NONE', #4140, .T. ) ;
#597 = ORIENTED_EDGE ( 'NONE', *, *, #4056, .F. ) ;
#598 = LINE ( 'NONE', #1997, #2329 ) ;
#599 = EDGE_CURVE ( 'NONE', #2602, #2823, #2217, .T. ) ;
#600 = DIRECTION ( 'NONE',  ( 1.000000000000000000, 0.000000000000000000, 0.000000000000000000 ) ) ;
#601 = ADVANCED_FACE ( 'NONE', ( #841 ), #1888, .F. ) ;
#602 = CARTESIAN_POINT ( 'NONE',  ( 0.05823999999999999316, 0.05823999999999999316, -2.741759999999999753 ) ) ;
#603 = DIRECTION ( 'NONE',  ( 1.000000000000000000, -0.000000000000000000, 0.000000000000000000 ) ) ;
#604 =( NAMED_UNIT ( * ) PLANE_ANGLE_UNIT ( ) SI_UNIT ( $, .RADIAN. ) );
#605 = VECTOR ( 'NONE', #4540, 1000.000000000000227 ) ;
#606 = LINE ( 'NONE', #656, #1216 ) ;
#607 = DIRECTION ( 'NONE',  ( 1.000000000000000000, 0.000000000000000000, 0.000000000000000000 ) ) ;
#608 = VERTEX_POINT ( 'NONE', #41 ) ;
#609 = ORIENTED_EDGE ( 'NONE', *, *, #175, .T. ) ;
#610 = VECTOR ( 'NONE', #3657, 1000.000000000000000 ) ;
#611 = CARTESIAN_POINT ( 'NONE',  ( 2.658240000000000158, 0.000000000000000000, -0.05823999999999999316 ) ) ;
#612 = CARTESIAN_POINT ( 'NONE',  ( 3.500000000000000000, 2.741759999999999753, -2.799999999999999822 ) ) ;
#613 = VECTOR ( 'NONE', #1458, 1000.000000000000114 ) ;
#614 = ORIENTED_EDGE ( 'NONE', *, *, #1471, .T. ) ;
#615 = CARTESIAN_POINT ( 'NONE',  ( 1.478369079381479878, 2.746759999999999646, -1.255601935242362188 ) ) ;
#616 =( LENGTH_UNIT ( ) NAMED_UNIT ( * ) SI_UNIT ( .MILLI., .METRE. ) );
#617 = AXIS2_PLACEMENT_3D ( 'NONE', #3912, #1390, #3895 ) ;
#618 = LINE ( 'NONE', #1782, #3861 ) ;
#619 = STYLED_ITEM ( 'NONE', ( #3623 ), #3908 ) ;
#620 = ADVANCED_FACE ( 'NONE', ( #390 ), #1568, .T. ) ;
#621 = CARTESIAN_POINT ( 'NONE',  ( 2.602554106022254121, 2.724701898936304101, -2.724701898936304101 ) ) ;
#622 =( LENGTH_UNIT ( ) NAMED_UNIT ( * ) SI_UNIT ( .MILLI., .METRE. ) );
#623 = DIRECTION ( 'NONE',  ( -1.000000000000000000, -0.000000000000000000, -0.000000000000000000 ) ) ;
#624 =( GEOMETRIC_REPRESENTATION_CONTEXT ( 3 ) GLOBAL_UNCERTAINTY_ASSIGNED_CONTEXT ( ( #3957 ) ) GLOBAL_UNIT_ASSIGNED_CONTEXT ( ( #2594, #804, #1126 ) ) REPRESENTATION_CONTEXT ( 'NONE', 'WORKASPACE' ) );
#625 = ORIENTED_EDGE ( 'NONE', *, *, #4320, .F. ) ;
#626 = COLOUR_RGB ( '',0.7686274509803920907, 0.7686274509803920907, 0.7686274509803920907 ) ;
#627 = CARTESIAN_POINT ( 'NONE',  ( 2.658240000000000158, 2.799999999999999822, -0.05824000000000020133 ) ) ;
#628 = AXIS2_PLACEMENT_3D ( 'NONE', #810, #3340, #1829 ) ;
#629 = LINE ( 'NONE', #4543, #466 ) ;
#630 = ORIENTED_EDGE ( 'NONE', *, *, #3819, .T. ) ;
#631 = CARTESIAN_POINT ( 'NONE',  ( 2.600000000000000089, 2.741759999999999753, -2.799999999999999822 ) ) ;
#632 = FACE_OUTER_BOUND ( 'NONE', #2121, .T. ) ;
#633 = AXIS2_PLACEMENT_3D ( 'NONE', #4188, #191, #3743 ) ;
#634 = ORIENTED_EDGE ( 'NONE', *, *, #4050, .F. ) ;
#635 = ORIENTED_EDGE ( 'NONE', *, *, #2733, .T. ) ;
#636 = CARTESIAN_POINT ( 'NONE',  ( 0.8417600000000000637, 2.799999999999999822, -2.741759999999999753 ) ) ;
#637 = CARTESIAN_POINT ( 'NONE',  ( 1.889999999999999680, 2.741759999999999753, -0.3499999999999999778 ) ) ;
#638 = COLOUR_RGB ( '',0.7686274509803920907, 0.7686274509803920907, 0.7686274509803920907 ) ;
#639 = CARTESIAN_POINT ( 'NONE',  ( 2.599998559839499901, 2.741520629182616187, -2.689607843130266573 ) ) ;
#640 = ORIENTED_EDGE ( 'NONE', *, *, #3557, .T. ) ;
#641 = AXIS2_PLACEMENT_3D ( 'NONE', #4323, #1831, #4390 ) ;
#642 = LINE ( 'NONE', #396, #2413 ) ;
#643 = CARTESIAN_POINT ( 'NONE',  ( 2.600857672268034992, 0.06976012061528541475, -2.730239879384714463 ) ) ;
#644 = CARTESIAN_POINT ( 'NONE',  ( 1.653904418361210604, 2.741759999999999753, -0.5351839751692804015 ) ) ;
#645 = FILL_AREA_STYLE ('',( #2794 ) ) ;
#646 = AXIS2_PLACEMENT_3D ( 'NONE', #4032, #1127, #3212 ) ;
#647 = CARTESIAN_POINT ( 'NONE',  ( 0.9000014401605000991, 2.689607843130266129, -2.741520629182616631 ) ) ;
#648 = ORIENTED_EDGE ( 'NONE', *, *, #40, .T. ) ;
#649 = SURFACE_SIDE_STYLE ('',( #2455 ) ) ;
#650 = FACE_OUTER_BOUND ( 'NONE', #1035, .T. ) ;
#651 = EDGE_CURVE ( 'NONE', #1263, #2998, #3327, .T. ) ;
#652 = FILL_AREA_STYLE ('',( #362 ) ) ;
#653 = ORIENTED_EDGE ( 'NONE', *, *, #1559, .T. ) ;
#654 = EDGE_CURVE ( 'NONE', #2797, #145, #2705, .T. ) ;
#655 = SURFACE_SIDE_STYLE ('',( #3153 ) ) ;
#656 = CARTESIAN_POINT ( 'NONE',  ( 1.772443497879789387, 2.746759999999999646, -1.415070833206682366 ) ) ;
#657 =( NAMED_UNIT ( * ) SI_UNIT ( $, .STERADIAN. ) SOLID_ANGLE_UNIT ( ) );
#658 = ORIENTED_EDGE ( 'NONE', *, *, #4284, .F. ) ;
#659 = VERTEX_POINT ( 'NONE', #1235 ) ;
#660 = CARTESIAN_POINT ( 'NONE',  ( 0.9000000000000002442, 2.683519999999998795, -0.05824000000000020133 ) ) ;
#661 = FACE_OUTER_BOUND ( 'NONE', #3335, .T. ) ;
#662 = CARTESIAN_POINT ( 'NONE',  ( 1.557847357580686820, 2.746759999999999646, -2.316306086614288606 ) ) ;
#663 = UNCERTAINTY_MEASURE_WITH_UNIT (LENGTH_MEASURE( 1.000000000000000082E-05 ), #3952, 'distance_accuracy_value', 'NONE');
#664 = VERTEX_POINT ( 'NONE', #183 ) ;
#665 = FILL_AREA_STYLE_COLOUR ( '', #1955 ) ;
#666 = CARTESIAN_POINT ( 'NONE',  ( 1.478369079381479878, 2.746759999999999646, -1.214544228466160281 ) ) ;
#667 = LINE ( 'NONE', #3839, #2410 ) ;
#668 = CARTESIAN_POINT ( 'NONE',  ( 0.05824000000000020133, 2.799999999999999822, -2.741759999999999753 ) ) ;
#669 = SURFACE_SIDE_STYLE ('',( #2239 ) ) ;
#670 = ORIENTED_EDGE ( 'NONE', *, *, #2799, .T. ) ;
#671 = CARTESIAN_POINT ( 'NONE',  ( 0.8417599999999950677, 0.05823999999999999316, -2.741759999999999753 ) ) ;
#672 = EDGE_CURVE ( 'NONE', #4399, #895, #4520, .T. ) ;
#673 = DIRECTION ( 'NONE',  ( 1.000000000000000000, -3.723221746172735870E-15, 0.000000000000000000 ) ) ;
#674 = ORIENTED_EDGE ( 'NONE', *, *, #654, .T. ) ;
#675 = EDGE_CURVE ( 'NONE', #1234, #2155, #760, .T. ) ;
#676 = SURFACE_SIDE_STYLE ('',( #959 ) ) ;
#677 = DIRECTION ( 'NONE',  ( -0.9610674221107078363, 0.000000000000000000, -0.2763139702539094689 ) ) ;
#678 = VERTEX_POINT ( 'NONE', #4086 ) ;
#679 = DIRECTION ( 'NONE',  ( 0.000000000000000000, 0.000000000000000000, -1.000000000000000000 ) ) ;
#680 = VECTOR ( 'NONE', #2752, 1000.000000000000000 ) ;
#681 = EDGE_CURVE ( 'NONE', #981, #3181, #1231, .T. ) ;
#682 = STYLED_ITEM ( 'NONE', ( #358 ), #3370 ) ;
#683 = ORIENTED_EDGE ( 'NONE', *, *, #2757, .T. ) ;
#684 = SPHERICAL_SURFACE ( 'NONE', #3080, 0.05823999999999999316 ) ;
#685 = FILL_AREA_STYLE ('',( #709 ) ) ;
#686 = CARTESIAN_POINT ( 'NONE',  ( 1.478369079381479878, 2.741759999999999753, -0.8455874476530370609 ) ) ;
#687 = EDGE_CURVE ( 'NONE', #3242, #4103, #935, .T. ) ;
#688 = CARTESIAN_POINT ( 'NONE',  ( 0.9000000000000001332, 2.741759999999999753, -2.683520000000000127 ) ) ;
#689 = MECHANICAL_DESIGN_GEOMETRIC_PRESENTATION_REPRESENTATION (  '', ( #1 ), #311 ) ;
#690 = DIRECTION ( 'NONE',  ( 0.000000000000000000, 0.000000000000000000, -1.000000000000000000 ) ) ;
#691 = DIRECTION ( 'NONE',  ( 0.3829140317376987235, 0.000000000000000000, 0.9237839814038673047 ) ) ;
#692 = CIRCLE ( 'NONE', #2024, 0.05823999999999999316 ) ;
#693 = ORIENTED_EDGE ( 'NONE', *, *, #247, .T. ) ;
#694 = DIRECTION ( 'NONE',  ( -0.9620200793798762140, 0.000000000000000000, -0.2729786930695082825 ) ) ;
#695 = STYLED_ITEM ( 'NONE', ( #3659 ), #4158 ) ;
#696 = CARTESIAN_POINT ( 'NONE',  ( 2.600652693277696770, 2.715417980553091137, -0.06737132831336718752 ) ) ;
#697 = EDGE_LOOP ( 'NONE', ( #2942, #2040, #2537 ) ) ;
#698 = PRESENTATION_LAYER_ASSIGNMENT (  '', '', ( #2716 ) ) ;
#699 = AXIS2_PLACEMENT_3D ( 'NONE', #3088, #3830, #252 ) ;
#700 = DIRECTION ( 'NONE',  ( 0.000000000000000000, 0.000000000000000000, -1.000000000000000000 ) ) ;
#701 = ORIENTED_EDGE ( 'NONE', *, *, #528, .F. ) ;
#702 = MECHANICAL_DESIGN_GEOMETRIC_PRESENTATION_REPRESENTATION (  '', ( #250 ), #3324 ) ;
#703 = SURFACE_SIDE_STYLE ('',( #4666 ) ) ;
#704 = DIRECTION ( 'NONE',  ( 1.000000000000000000, -0.000000000000000000, 0.000000000000000000 ) ) ;
#705 = FACE_OUTER_BOUND ( 'NONE', #2699, .T. ) ;
#706 = VECTOR ( 'NONE', #4281, 1000.000000000000000 ) ;
#707 = ORIENTED_EDGE ( 'NONE', *, *, #1807, .F. ) ;
#708 = DIRECTION ( 'NONE',  ( 0.9610348236706638403, 0.000000000000000000, 0.2764273280489756290 ) ) ;
#709 = FILL_AREA_STYLE_COLOUR ( '', #1079 ) ;
#710 = CARTESIAN_POINT ( 'NONE',  ( 0.8997929866005415223, 2.708738985336092142, -0.06358659156683447999 ) ) ;
#711 = PLANE ( 'NONE',  #3039 ) ;
#712 = CARTESIAN_POINT ( 'NONE',  ( 3.500000000000000000, 2.741759999999999753, 0.000000000000000000 ) ) ;
#713 = PRESENTATION_LAYER_ASSIGNMENT (  '', '', ( #3337 ) ) ;
#714 = ORIENTED_EDGE ( 'NONE', *, *, #1000, .T. ) ;
#715 = SURFACE_STYLE_USAGE ( .BOTH. , #649 ) ;
#716 = AXIS2_PLACEMENT_3D ( 'NONE', #4216, #3913, #1370 ) ;
#717 = CARTESIAN_POINT ( 'NONE',  ( 0.05824000000000020133, 0.000000000000000000, -2.741759999999999753 ) ) ;
#718 = PRESENTATION_LAYER_ASSIGNMENT (  '', '', ( #3338 ) ) ;
#719 = SURFACE_STYLE_FILL_AREA ( #2210 ) ;
#720 = CARTESIAN_POINT ( 'NONE',  ( 1.890000000000006786, 2.746759999999999646, -2.220836029381371812 ) ) ;
#721 =( GEOMETRIC_REPRESENTATION_CONTEXT ( 3 ) GLOBAL_UNCERTAINTY_ASSIGNED_CONTEXT ( ( #2903 ) ) GLOBAL_UNIT_ASSIGNED_CONTEXT ( ( #2611, #4501, #561 ) ) REPRESENTATION_CONTEXT ( 'NONE', 'WORKASPACE' ) );
#722 = FILL_AREA_STYLE_COLOUR ( '', #2539 ) ;
#723 = DIRECTION ( 'NONE',  ( 0.000000000000000000, 0.000000000000000000, 1.000000000000000000 ) ) ;
#724 = ORIENTED_EDGE ( 'NONE', *, *, #1015, .T. ) ;
#725 = AXIS2_PLACEMENT_3D ( 'NONE', #1791, #1467, #1118 ) ;
#726 = LINE ( 'NONE', #1493, #497 ) ;
#727 = EDGE_CURVE ( 'NONE', #2992, #3227, #4474, .T. ) ;
#728 = FILL_AREA_STYLE_COLOUR ( '', #626 ) ;
#729 = AXIS2_PLACEMENT_3D ( 'NONE', #4484, #1990, #3360 ) ;
#730 = ORIENTED_EDGE ( 'NONE', *, *, #3520, .T. ) ;
#731 = CARTESIAN_POINT ( 'NONE',  ( 0.8974458939777459898, 2.724701898936304101, -0.07529810106369561051 ) ) ;
#732 = CARTESIAN_POINT ( 'NONE',  ( 3.500000000000000000, 0.05823999999999999316, -0.05823999999999999316 ) ) ;
#733 = FILL_AREA_STYLE_COLOUR ( '', #2966 ) ;
#734 = EDGE_CURVE ( 'NONE', #920, #4426, #2322, .T. ) ;
#735 = CARTESIAN_POINT ( 'NONE',  ( 1.633284197684115924, 2.746759999999999646, -0.9824688076061879327 ) ) ;
#736 = PLANE ( 'NONE',  #233 ) ;
#737 = ORIENTED_EDGE ( 'NONE', *, *, #2359, .F. ) ;
#738 = CARTESIAN_POINT ( 'NONE',  ( 3.441759999999999931, 0.05823999999999999316, -2.741759999999999753 ) ) ;
#739 = DIRECTION ( 'NONE',  ( -0.000000000000000000, -1.000000000000000000, 0.000000000000000000 ) ) ;
#740 = EDGE_CURVE ( 'NONE', #1155, #2060, #1912, .T. ) ;
#741 = ORIENTED_EDGE ( 'NONE', *, *, #3842, .T. ) ;
#742 = ADVANCED_FACE ( 'NONE', ( #3430 ), #1633, .T. ) ;
#743 = EDGE_CURVE ( 'NONE', #4515, #3769, #3287, .T. ) ;
#744 = DIRECTION ( 'NONE',  ( -1.000000000000000000, 0.000000000000000000, 0.000000000000000000 ) ) ;
#745 =( NAMED_UNIT ( * ) PLANE_ANGLE_UNIT ( ) SI_UNIT ( $, .RADIAN. ) );
#746 = LINE ( 'NONE', #3253, #2251 ) ;
#747 = ORIENTED_EDGE ( 'NONE', *, *, #2211, .F. ) ;
#748 = CARTESIAN_POINT ( 'NONE',  ( -0.8724128072525134669, 2.741759999999998865, 0.006335664914779973525 ) ) ;
#749 = PRODUCT_DEFINITION_CONTEXT ( 'detailed design', #4319, 'design' ) ;
#750 = EDGE_CURVE ( 'NONE', #4280, #1175, #4078, .T. ) ;
#751 = ORIENTED_EDGE ( 'NONE', *, *, #3887, .F. ) ;
#752 = CARTESIAN_POINT ( 'NONE',  ( 0.9000000000000001332, 2.741759999999999753, -0.1164799999999999724 ) ) ;
#753 = CARTESIAN_POINT ( 'NONE',  ( 0.8417600000000001748, 2.799999999999999822, -0.05824000000000020133 ) ) ;
#754 = AXIS2_PLACEMENT_3D ( 'NONE', #533, #4396, #1952 ) ;
#755 = ORIENTED_EDGE ( 'NONE', *, *, #48, .F. ) ;
#756 = EDGE_CURVE ( 'NONE', #1440, #809, #2956, .T. ) ;
#757 = FILL_AREA_STYLE ('',( #99 ) ) ;
#758 = VECTOR ( 'NONE', #1743, 1000.000000000000000 ) ;
#759 = PLANE ( 'NONE',  #1608 ) ;
#760 =( BOUNDED_CURVE ( )  B_SPLINE_CURVE ( 3, ( #536, #1257, #3061, #1282 ),
 .UNSPECIFIED., .F., .T. ) 
 B_SPLINE_CURVE_WITH_KNOTS ( ( 4, 4 ),
 ( 4.712388980384690562, 5.009640341705897448 ),
 .UNSPECIFIED. ) 
 CURVE ( )  GEOMETRIC_REPRESENTATION_ITEM ( )  RATIONAL_B_SPLINE_CURVE ( ( 1.000000000000000000, 0.9926503465430338569, 0.9926503465430338569, 1.000000000000000000 ) ) 
 REPRESENTATION_ITEM ( '' )  );
#761 = AXIS2_PLACEMENT_3D ( 'NONE', #4619, #4278, #2756 ) ;
#762 = DIRECTION ( 'NONE',  ( -0.2755265765475047868, 0.000000000000000000, 0.9612934544747571142 ) ) ;
#763 = ORIENTED_EDGE ( 'NONE', *, *, #4631, .F. ) ;
#764 =( NAMED_UNIT ( * ) SI_UNIT ( $, .STERADIAN. ) SOLID_ANGLE_UNIT ( ) );
#765 = VECTOR ( 'NONE', #4652, 1000.000000000000000 ) ;
#766 = MECHANICAL_DESIGN_GEOMETRIC_PRESENTATION_REPRESENTATION (  '', ( #917 ), #166 ) ;
#767 = CARTESIAN_POINT ( 'NONE',  ( 0.05824000000000020133, 2.741759999999999753, 0.000000000000000000 ) ) ;
#768 = CARTESIAN_POINT ( 'NONE',  ( 3.441759999999999931, 0.000000000000000000, -2.741759999999999753 ) ) ;
#769 = DIRECTION ( 'NONE',  ( 0.000000000000000000, 0.000000000000000000, -1.000000000000000000 ) ) ;
#770 = COLOUR_RGB ( '',0.6470588235294117974, 0.5176470588235293491, 0.000000000000000000 ) ;
#771 = ORIENTED_EDGE ( 'NONE', *, *, #532, .F. ) ;
#772 = SPHERICAL_SURFACE ( 'NONE', #1455, 0.05823999999999999316 ) ;
#773 =( GEOMETRIC_REPRESENTATION_CONTEXT ( 3 ) GLOBAL_UNCERTAINTY_ASSIGNED_CONTEXT ( ( #46 ) ) GLOBAL_UNIT_ASSIGNED_CONTEXT ( ( #1259, #1915, #1958 ) ) REPRESENTATION_CONTEXT ( 'NONE', 'WORKASPACE' ) );
#774 = DIRECTION ( 'NONE',  ( -1.000000000000000000, -0.000000000000000000, 0.000000000000000000 ) ) ;
#775 = VECTOR ( 'NONE', #3392, 1000.000000000000227 ) ;
#776 = DIRECTION ( 'NONE',  ( 0.000000000000000000, 0.000000000000000000, -1.000000000000000000 ) ) ;
#777 = CLOSED_SHELL ( 'NONE', ( #4139, #3169, #25, #306, #518, #1161, #874, #1747, #4108, #2053, #3811, #2383, #4158, #3446, #2366, #3908, #1691, #923, #1053, #601, #1443, #1699, #3465, #1813, #1929, #3422, #180, #1417, #4424, #313, #3433, #3746, #455, #2005, #2356, #3370, #873, #2850, #2372, #2968, #3105, #583, #1541, #2323, #1819, #620, #3783, #2014, #3012, #742, #219, #1488, #4397, #151, #4446, #2679, #2573, #4194, #2590, #4242, #3214, #1401, #2577, #1845, #4365, #81, #2051, #1413 ) ) ;
#778 = EDGE_CURVE ( 'NONE', #4399, #3344, #2229, .T. ) ;
#779 = CIRCLE ( 'NONE', #2394, 0.05824000000000020133 ) ;
#780 = ORIENTED_EDGE ( 'NONE', *, *, #443, .T. ) ;
#781 = CARTESIAN_POINT ( 'NONE',  ( 1.653904418361210604, 2.746759999999999646, -0.5351839751692804015 ) ) ;
#782 = CARTESIAN_POINT ( 'NONE',  ( 1.556720911532859519, 2.746759999999999646, -1.192290661020161346 ) ) ;
#783 = FILL_AREA_STYLE ('',( #2766 ) ) ;
#784 = CARTESIAN_POINT ( 'NONE',  ( 0.8974458939777459898, 2.724701898936304101, -0.07529810106369561051 ) ) ;
#785 = CARTESIAN_POINT ( 'NONE',  ( 2.658240000000000158, 0.05823999999999999316, 0.000000000000000000 ) ) ;
#786 = EDGE_LOOP ( 'NONE', ( #1686, #2758, #112, #1182 ) ) ;
#787 = AXIS2_PLACEMENT_3D ( 'NONE', #782, #2980, #1825 ) ;
#788 = LINE ( 'NONE', #430, #3020 ) ;
#789 = EDGE_CURVE ( 'NONE', #4381, #1857, #3872, .T. ) ;
#790 = CYLINDRICAL_SURFACE ( 'NONE', #910, 0.05824000000000020133 ) ;
#791 = DIRECTION ( 'NONE',  ( 0.9611638845408968512, 0.000000000000000000, 0.2759782365590690567 ) ) ;
#792 = ORIENTED_EDGE ( 'NONE', *, *, #85, .T. ) ;
#793 = SURFACE_SIDE_STYLE ('',( #2071 ) ) ;
#794 = PRESENTATION_STYLE_ASSIGNMENT (( #1071 ) ) ;
#795 = AXIS2_PLACEMENT_3D ( 'NONE', #2438, #2111, #2415 ) ;
#796 = MECHANICAL_DESIGN_GEOMETRIC_PRESENTATION_REPRESENTATION (  '', ( #2204 ), #2496 ) ;
#797 = LINE ( 'NONE', #2214, #1138 ) ;
#798 = ORIENTED_EDGE ( 'NONE', *, *, #425, .F. ) ;
#799 = CARTESIAN_POINT ( 'NONE',  ( 0.8417600000000000637, 2.741759999999999753, -0.05823999999999999316 ) ) ;
#800 = COLOUR_RGB ( '',0.7686274509803920907, 0.7686274509803920907, 0.7686274509803920907 ) ;
#801 = PLANE ( 'NONE',  #4492 ) ;
#802 = UNCERTAINTY_MEASURE_WITH_UNIT (LENGTH_MEASURE( 1.000000000000000082E-05 ), #4043, 'distance_accuracy_value', 'NONE');
#803 = VERTEX_POINT ( 'NONE', #2626 ) ;
#804 =( NAMED_UNIT ( * ) PLANE_ANGLE_UNIT ( ) SI_UNIT ( $, .RADIAN. ) );
#805 = DIRECTION ( 'NONE',  ( -1.861610873086367935E-15, -1.000000000000000000, 0.000000000000000000 ) ) ;
#806 = ADVANCED_FACE ( 'NONE', ( #2941 ), #2894, .F. ) ;
#807 =( NAMED_UNIT ( * ) PLANE_ANGLE_UNIT ( ) SI_UNIT ( $, .RADIAN. ) );
#808 = STYLED_ITEM ( 'NONE', ( #2527 ), #2051 ) ;
#809 = VERTEX_POINT ( 'NONE', #3317 ) ;
#810 = CARTESIAN_POINT ( 'NONE',  ( 0.8417600000000000637, 2.741759999999999753, -2.799999999999999822 ) ) ;
#811 = CARTESIAN_POINT ( 'NONE',  ( 0.9000000000000001332, 0.05824000000000020133, -0.05824000000000020133 ) ) ;
#812 = DIRECTION ( 'NONE',  ( 0.000000000000000000, 0.000000000000000000, 1.000000000000000000 ) ) ;
#813 = DIRECTION ( 'NONE',  ( 0.9280290862136694185, 0.000000000000000000, -0.3725077383644824769 ) ) ;
#814 = ORIENTED_EDGE ( 'NONE', *, *, #2919, .T. ) ;
#815 = CARTESIAN_POINT ( 'NONE',  ( 1.478369079381479878, 2.741759999999999753, -1.741460643546117293 ) ) ;
#816 = FACE_OUTER_BOUND ( 'NONE', #4411, .T. ) ;
#817 = CARTESIAN_POINT ( 'NONE',  ( 2.658240000000000158, 2.741759999999999753, -0.05824000000000020133 ) ) ;
#818 = ORIENTED_EDGE ( 'NONE', *, *, #3918, .T. ) ;
#819 = ADVANCED_FACE ( 'NONE', ( #2252 ), #506, .F. ) ;
#820 =( LENGTH_UNIT ( ) NAMED_UNIT ( * ) SI_UNIT ( .MILLI., .METRE. ) );
#821 = PRESENTATION_STYLE_ASSIGNMENT (( #1476 ) ) ;
#822 = FACE_OUTER_BOUND ( 'NONE', #2418, .T. ) ;
#823 = VERTEX_POINT ( 'NONE', #3990 ) ;
#824 = DIRECTION ( 'NONE',  ( 0.000000000000000000, 0.000000000000000000, 1.000000000000000000 ) ) ;
#825 = SURFACE_SIDE_STYLE ('',( #1112 ) ) ;
#826 =( NAMED_UNIT ( * ) PLANE_ANGLE_UNIT ( ) SI_UNIT ( $, .RADIAN. ) );
#827 = ORIENTED_EDGE ( 'NONE', *, *, #734, .T. ) ;
#828 = DIRECTION ( 'NONE',  ( 0.9601763114346046901, 0.000000000000000000, 0.2793947940814874853 ) ) ;
#829 = DIRECTION ( 'NONE',  ( -1.861610873086375035E-15, -1.000000000000000000, 0.000000000000000000 ) ) ;
#830 = CIRCLE ( 'NONE', #3071, 0.05823999999999999316 ) ;
#831 = CARTESIAN_POINT ( 'NONE',  ( 1.557856304720737217, 2.746759999999999646, -2.429006833949353350 ) ) ;
#832 = CARTESIAN_POINT ( 'NONE',  ( 1.890000000000006786, 2.746759999999999646, -0.6208239129099735187 ) ) ;
#833 =( GEOMETRIC_REPRESENTATION_CONTEXT ( 3 ) GLOBAL_UNCERTAINTY_ASSIGNED_CONTEXT ( ( #2997 ) ) GLOBAL_UNIT_ASSIGNED_CONTEXT ( ( #3700, #1947, #174 ) ) REPRESENTATION_CONTEXT ( 'NONE', 'WORKASPACE' ) );
#834 = ORIENTED_EDGE ( 'NONE', *, *, #2757, .F. ) ;
#835 = SURFACE_STYLE_USAGE ( .BOTH. , #4058 ) ;
#836 = CARTESIAN_POINT ( 'NONE',  ( 1.890000000000006786, 2.741759999999999753, -1.623113718722069665 ) ) ;
#837 = FACE_OUTER_BOUND ( 'NONE', #1521, .T. ) ;
#838 = MECHANICAL_DESIGN_GEOMETRIC_PRESENTATION_REPRESENTATION (  '', ( #3302 ), #1951 ) ;
#839 = CARTESIAN_POINT ( 'NONE',  ( 1.889999999999999680, 2.746759999999999646, -0.3499999999999999778 ) ) ;
#840 = EDGE_LOOP ( 'NONE', ( #814, #2197, #3175, #2087 ) ) ;
#841 = FACE_OUTER_BOUND ( 'NONE', #3525, .T. ) ;
#842 = SURFACE_STYLE_USAGE ( .BOTH. , #4087 ) ;
#843 = CARTESIAN_POINT ( 'NONE',  ( 0.9000000000000001332, 2.741759999999999753, -0.1164799999999999724 ) ) ;
#844 = DIRECTION ( 'NONE',  ( -0.2755520632520512270, 0.000000000000000000, 0.9612861490927337993 ) ) ;
#845 = VERTEX_POINT ( 'NONE', #75 ) ;
#846 = UNCERTAINTY_MEASURE_WITH_UNIT (LENGTH_MEASURE( 1.000000000000000082E-05 ), #622, 'distance_accuracy_value', 'NONE');
#847 = ORIENTED_EDGE ( 'NONE', *, *, #4336, .T. ) ;
#848 = STYLED_ITEM ( 'NONE', ( #821 ), #2366 ) ;
#849 = STYLED_ITEM ( 'NONE', ( #1627 ), #4242 ) ;
#850 = SURFACE_STYLE_FILL_AREA ( #4094 ) ;
#851 = DIRECTION ( 'NONE',  ( 0.9610664548998939516, 0.000000000000000000, 0.2763173343569854667 ) ) ;
#852 = VERTEX_POINT ( 'NONE', #4055 ) ;
#853 = DIRECTION ( 'NONE',  ( 0.000000000000000000, 0.000000000000000000, -1.000000000000000000 ) ) ;
#854 = ADVANCED_FACE ( 'NONE', ( #104 ), #1162, .F. ) ;
#855 = SURFACE_STYLE_USAGE ( .BOTH. , #550 ) ;
#856 = ADVANCED_FACE ( 'NONE', ( #3701 ), #1198, .F. ) ;
#857 = LINE ( 'NONE', #3726, #1278 ) ;
#858 = DIRECTION ( 'NONE',  ( 1.861610873086367935E-15, 0.000000000000000000, -1.000000000000000000 ) ) ;
#859 = ORIENTED_EDGE ( 'NONE', *, *, #2152, .T. ) ;
#860 = DIRECTION ( 'NONE',  ( 1.000000000000000000, 0.000000000000000000, 0.000000000000000000 ) ) ;
#861 = DIRECTION ( 'NONE',  ( 0.000000000000000000, 1.000000000000000000, 0.000000000000000000 ) ) ;
#862 =( GEOMETRIC_REPRESENTATION_CONTEXT ( 3 ) GLOBAL_UNCERTAINTY_ASSIGNED_CONTEXT ( ( #1262 ) ) GLOBAL_UNIT_ASSIGNED_CONTEXT ( ( #2866, #3244, #1093 ) ) REPRESENTATION_CONTEXT ( 'NONE', 'WORKASPACE' ) );
#863 = ORIENTED_EDGE ( 'NONE', *, *, #2609, .F. ) ;
#864 = PRESENTATION_STYLE_ASSIGNMENT (( #842 ) ) ;
#865 = PRESENTATION_LAYER_ASSIGNMENT (  '', '', ( #1021 ) ) ;
#866 = DIRECTION ( 'NONE',  ( -0.9985542843760948362, 0.000000000000000000, -0.05375259206908060416 ) ) ;
#867 = CYLINDRICAL_SURFACE ( 'NONE', #2391, 0.05824000000000020133 ) ;
#868 = ORIENTED_EDGE ( 'NONE', *, *, #2526, .T. ) ;
#869 = ORIENTED_EDGE ( 'NONE', *, *, #4024, .F. ) ;
#870 = PRESENTATION_LAYER_ASSIGNMENT (  '', '', ( #2208 ) ) ;
#871 = B_SPLINE_CURVE_WITH_KNOTS ( 'NONE', 3,
 ( #2922, #38, #8, #60, #2847, #1445, #1141, #414, #366, #4373 ),
 .UNSPECIFIED., .F., .F.,
 ( 4, 3, 3, 4 ),
 ( 0.000000000000000000, 1.938115349126065575E-05, 3.880233050466118800E-05, 4.563224590952861328E-05 ),
 .UNSPECIFIED. ) ;
#872 = DIRECTION ( 'NONE',  ( 0.000000000000000000, 0.000000000000000000, 1.000000000000000000 ) ) ;
#873 = ADVANCED_FACE ( 'NONE', ( #3268 ), #4295, .T. ) ;
#874 = ADVANCED_FACE ( 'NONE', ( #1765 ), #3562, .T. ) ;
#875 = CARTESIAN_POINT ( 'NONE',  ( 2.601363589254264586, 0.07076882678794725601, -2.719608588827739926 ) ) ;
#876 = PRESENTATION_LAYER_ASSIGNMENT (  '', '', ( #1692 ) ) ;
#877 = ORIENTED_EDGE ( 'NONE', *, *, #384, .T. ) ;
#878 = CARTESIAN_POINT ( 'NONE',  ( 2.600000000000000089, 2.741759999999999753, -0.1164799999999999724 ) ) ;
#879 = COLOUR_RGB ( '',0.7686274509803920907, 0.7686274509803920907, 0.7686274509803920907 ) ;
#880 = EDGE_CURVE ( 'NONE', #2823, #1459, #3876, .T. ) ;
#881 = DIRECTION ( 'NONE',  ( 0.000000000000000000, -1.000000000000000000, 0.000000000000000000 ) ) ;
#882 = COLOUR_RGB ( '',0.7686274509803920907, 0.7686274509803920907, 0.7686274509803920907 ) ;
#883 = MANIFOLD_SOLID_BREP ( 'Scale1[2]', #394 ) ;
#884 = ORIENTED_EDGE ( 'NONE', *, *, #1000, .F. ) ;
#885 = EDGE_CURVE ( 'NONE', #4593, #1331, #3217, .T. ) ;
#886 = CARTESIAN_POINT ( 'NONE',  ( 0.8999553718791086787, 0.09543663598105928125, -0.06183509406618937360 ) ) ;
#887 = CARTESIAN_POINT ( 'NONE',  ( 0.05824000000000020133, 2.741759999999999753, 0.000000000000000000 ) ) ;
#888 = EDGE_LOOP ( 'NONE', ( #529, #1023, #1711 ) ) ;
#889 =( NAMED_UNIT ( * ) PLANE_ANGLE_UNIT ( ) SI_UNIT ( $, .RADIAN. ) );
#890 = SURFACE_SIDE_STYLE ('',( #137 ) ) ;
#891 = SURFACE_STYLE_USAGE ( .BOTH. , #1450 ) ;
#892 = LINE ( 'NONE', #3375, #2096 ) ;
#893 = VERTEX_POINT ( 'NONE', #2841 ) ;
#894 = UNCERTAINTY_MEASURE_WITH_UNIT (LENGTH_MEASURE( 1.000000000000000082E-05 ), #3766, 'distance_accuracy_value', 'NONE');
#895 = VERTEX_POINT ( 'NONE', #2136 ) ;
#896 = FILL_AREA_STYLE ('',( #521 ) ) ;
#897 = CARTESIAN_POINT ( 'NONE',  ( 3.500000000000000000, 2.741759999999999753, -0.05823999999999999316 ) ) ;
#898 = CARTESIAN_POINT ( 'NONE',  ( 1.556720911532859519, 2.741759999999999753, -1.004747407186507457 ) ) ;
#899 = ORIENTED_EDGE ( 'NONE', *, *, #3062, .T. ) ;
#900 = PRESENTATION_STYLE_ASSIGNMENT (( #1993 ) ) ;
#901 = CARTESIAN_POINT ( 'NONE',  ( 1.890000000000006786, 2.746759999999999646, -1.162178254662634913 ) ) ;
#902 = ORIENTED_EDGE ( 'NONE', *, *, #6, .T. ) ;
#903 = SURFACE_STYLE_USAGE ( .BOTH. , #1302 ) ;
#904 = COLOUR_RGB ( '',0.7686274509803920907, 0.7686274509803920907, 0.7686274509803920907 ) ;
#905 = DIRECTION ( 'NONE',  ( 7.938847109757215918E-05, 0.000000000000000000, -0.9999999968487351953 ) ) ;
#906 = CIRCLE ( 'NONE', #2016, 0.05824000000000020133 ) ;
#907 = CARTESIAN_POINT ( 'NONE',  ( 1.478369079381479878, 2.746759999999999646, -0.7101235493540221100 ) ) ;
#908 = ORIENTED_EDGE ( 'NONE', *, *, #1426, .T. ) ;
#909 = DIRECTION ( 'NONE',  ( -3.606871066604831785E-15, -0.000000000000000000, -1.000000000000000000 ) ) ;
#910 = AXIS2_PLACEMENT_3D ( 'NONE', #717, #1483, #3218 ) ;
#911 = DIRECTION ( 'NONE',  ( -0.000000000000000000, -1.000000000000000000, -0.000000000000000000 ) ) ;
#912 = PRESENTATION_LAYER_ASSIGNMENT (  '', '', ( #4609 ) ) ;
#913 = EDGE_LOOP ( 'NONE', ( #1361, #4634, #3883 ) ) ;
#914 = ORIENTED_EDGE ( 'NONE', *, *, #164, .F. ) ;
#915 = CARTESIAN_POINT ( 'NONE',  ( 3.500000000000000000, 0.000000000000000000, -2.741759999999999753 ) ) ;
#916 = DIRECTION ( 'NONE',  ( 0.000000000000000000, 0.000000000000000000, 1.000000000000000000 ) ) ;
#917 = STYLED_ITEM ( 'NONE', ( #900 ), #3746 ) ;
#918 = DIRECTION ( 'NONE',  ( -1.000000000000000000, 0.000000000000000000, -0.000000000000000000 ) ) ;
#919 = EDGE_CURVE ( 'NONE', #2882, #348, #4678, .T. ) ;
#920 = VERTEX_POINT ( 'NONE', #2227 ) ;
#921 = CARTESIAN_POINT ( 'NONE',  ( 3.500000000000000000, 0.000000000000000000, -0.05823999999999999316 ) ) ;
#922 = LINE ( 'NONE', #2726, #116 ) ;
#923 = ADVANCED_FACE ( 'NONE', ( #1438 ), #759, .F. ) ;
#924 =( GEOMETRIC_REPRESENTATION_CONTEXT ( 3 ) GLOBAL_UNCERTAINTY_ASSIGNED_CONTEXT ( ( #2196 ) ) GLOBAL_UNIT_ASSIGNED_CONTEXT ( ( #64, #4378, #4309 ) ) REPRESENTATION_CONTEXT ( 'NONE', 'WORKASPACE' ) );
#925 = AXIS2_PLACEMENT_3D ( 'NONE', #2678, #3103, #3470 ) ;
#926 = CARTESIAN_POINT ( 'NONE',  ( 1.772443497879789387, 2.746759999999999646, -1.415070833206682366 ) ) ;
#927 = ORIENTED_EDGE ( 'NONE', *, *, #2872, .F. ) ;
#928 = AXIS2_PLACEMENT_3D ( 'NONE', #3936, #2129, #2405 ) ;
#929 = DIRECTION ( 'NONE',  ( -0.000000000000000000, 1.000000000000000000, -0.000000000000000000 ) ) ;
#930 = ADVANCED_FACE ( 'NONE', ( #403 ), #26, .F. ) ;
#931 = VECTOR ( 'NONE', #3438, 1000.000000000000000 ) ;
#932 = FACE_OUTER_BOUND ( 'NONE', #4048, .T. ) ;
#933 = DIRECTION ( 'NONE',  ( 0.9610664548998939516, 0.000000000000000000, 0.2763173343569854667 ) ) ;
#934 = EDGE_LOOP ( 'NONE', ( #298, #4276, #214, #2266, #395, #3814 ) ) ;
#935 = LINE ( 'NONE', #3782, #4554 ) ;
#936 = EDGE_CURVE ( 'NONE', #2569, #280, #3284, .T. ) ;
#937 =( LENGTH_UNIT ( ) NAMED_UNIT ( * ) SI_UNIT ( .MILLI., .METRE. ) );
#938 = FILL_AREA_STYLE_COLOUR ( '', #3241 ) ;
#939 =( LENGTH_UNIT ( ) NAMED_UNIT ( * ) SI_UNIT ( .MILLI., .METRE. ) );
#940 = ORIENTED_EDGE ( 'NONE', *, *, #4549, .T. ) ;
#941 = UNCERTAINTY_MEASURE_WITH_UNIT (LENGTH_MEASURE( 1.000000000000000082E-05 ), #3882, 'distance_accuracy_value', 'NONE');
#942 = ORIENTED_EDGE ( 'NONE', *, *, #2801, .F. ) ;
#943 = EDGE_CURVE ( 'NONE', #2835, #348, #1310, .T. ) ;
#944 = CARTESIAN_POINT ( 'NONE',  ( 1.478369079381479878, 2.746759999999999646, -0.9104450990217833883 ) ) ;
#945 = DIRECTION ( 'NONE',  ( -0.2763139702539095799, 0.000000000000000000, 0.9610674221107079473 ) ) ;
#946 = UNCERTAINTY_MEASURE_WITH_UNIT (LENGTH_MEASURE( 1.000000000000000082E-05 ), #3973, 'distance_accuracy_value', 'NONE');
#947 = VERTEX_POINT ( 'NONE', #1157 ) ;
#948 =( NAMED_UNIT ( * ) SI_UNIT ( $, .STERADIAN. ) SOLID_ANGLE_UNIT ( ) );
#949 = FILL_AREA_STYLE_COLOUR ( '', #1382 ) ;
#950 = DIRECTION ( 'NONE',  ( -0.9610992334305258344, 0.000000000000000000, -0.2762033010288897361 ) ) ;
#951 = CARTESIAN_POINT ( 'NONE',  ( 2.600488923835454269, 2.733201842650407443, -0.08542081144420732297 ) ) ;
#952 = SURFACE_STYLE_FILL_AREA ( #289 ) ;
#953 = ORIENTED_EDGE ( 'NONE', *, *, #3545, .T. ) ;
#954 = CARTESIAN_POINT ( 'NONE',  ( 1.478369079381479878, 2.746759999999999646, -1.560922121378591987 ) ) ;
#955 = COLOUR_RGB ( '',0.6470588235294117974, 0.5176470588235293491, 0.000000000000000000 ) ;
#956 = CARTESIAN_POINT ( 'NONE',  ( 0.8999106531603570103, 0.06146476929767902969, -0.09736921794456405987 ) ) ;
#957 = CARTESIAN_POINT ( 'NONE',  ( 2.600000000000000089, 2.741759999999999753, -2.741759999999999753 ) ) ;
#958 = ORIENTED_EDGE ( 'NONE', *, *, #3309, .F. ) ;
#959 = SURFACE_STYLE_FILL_AREA ( #3902 ) ;
#960 = SURFACE_STYLE_USAGE ( .BOTH. , #1006 ) ;
#961 = EDGE_CURVE ( 'NONE', #4515, #4089, #2938, .T. ) ;
#962 = ORIENTED_EDGE ( 'NONE', *, *, #1725, .F. ) ;
#963 = ORIENTED_EDGE ( 'NONE', *, *, #1358, .T. ) ;
#964 = DIRECTION ( 'NONE',  ( -0.9601763114327565019, 0.000000000000000000, -0.2793947940878392933 ) ) ;
#965 = DIRECTION ( 'NONE',  ( 0.000000000000000000, -1.000000000000000000, 0.000000000000000000 ) ) ;
#966 = DIRECTION ( 'NONE',  ( 0.000000000000000000, 0.000000000000000000, 1.000000000000000000 ) ) ;
#967 = ORIENTED_EDGE ( 'NONE', *, *, #1587, .F. ) ;
#968 = LINE ( 'NONE', #615, #3620 ) ;
#969 = DIRECTION ( 'NONE',  ( -1.000000000000000000, -0.000000000000000000, 0.000000000000000000 ) ) ;
#970 = CARTESIAN_POINT ( 'NONE',  ( 3.500000000000000000, 2.741759999999999753, -2.799999999999999822 ) ) ;
#971 = CARTESIAN_POINT ( 'NONE',  ( 2.658240000000000158, 2.741759999999999753, -0.05823999999999999316 ) ) ;
#972 = CARTESIAN_POINT ( 'NONE',  ( 3.441759999999999931, 2.741759999999999753, -0.05823999999999999316 ) ) ;
#973 = VERTEX_POINT ( 'NONE', #3608 ) ;
#974 = CARTESIAN_POINT ( 'NONE',  ( 1.889999999999999680, 2.741759999999999753, -0.3499999999999999778 ) ) ;
#975 = CARTESIAN_POINT ( 'NONE',  ( 2.600000000000000089, 2.741759999999999753, -0.1164799999999999724 ) ) ;
#976 = CARTESIAN_POINT ( 'NONE',  ( 2.600000000000000089, 0.1164800000000001529, -2.741759999999999753 ) ) ;
#977 = ORIENTED_EDGE ( 'NONE', *, *, #3285, .T. ) ;
#978 = DIRECTION ( 'NONE',  ( 0.004650693823668813724, 0.000000000000000000, -0.9999891854650021505 ) ) ;
#979 = CIRCLE ( 'NONE', #2616, 0.05824000000000020133 ) ;
#980 = DIRECTION ( 'NONE',  ( 0.000000000000000000, 0.000000000000000000, 1.000000000000000000 ) ) ;
#981 = VERTEX_POINT ( 'NONE', #811 ) ;
#982 = ORIENTED_EDGE ( 'NONE', *, *, #1818, .T. ) ;
#983 = AXIS2_PLACEMENT_3D ( 'NONE', #1506, #4439, #505 ) ;
#984 = DIRECTION ( 'NONE',  ( 1.000000000000000000, -0.000000000000000000, -0.000000000000000000 ) ) ;
#985 = EDGE_CURVE ( 'NONE', #507, #4515, #451, .T. ) ;
#986 = CARTESIAN_POINT ( 'NONE',  ( 2.600348140811131081, 2.735401522221777348, -2.709981391723625954 ) ) ;
#987 = AXIS2_PLACEMENT_3D ( 'NONE', #4232, #1724, #3179 ) ;
#988 = ORIENTED_EDGE ( 'NONE', *, *, #994, .T. ) ;
#989 = SURFACE_STYLE_FILL_AREA ( #1342 ) ;
#990 = CARTESIAN_POINT ( 'NONE',  ( 0.05824000000000020133, 0.000000000000000000, -0.05823999999999999316 ) ) ;
#991 = LINE ( 'NONE', #3141, #246 ) ;
#992 = VECTOR ( 'NONE', #169, 1000.000000000000000 ) ;
#993 = DIRECTION ( 'NONE',  ( 0.7083077534944018927, 0.000000000000000000, 0.7059037656364454127 ) ) ;
#994 = EDGE_CURVE ( 'NONE', #4621, #1717, #4413, .T. ) ;
#995 = DIRECTION ( 'NONE',  ( -0.000000000000000000, -1.000000000000000000, 0.000000000000000000 ) ) ;
#996 = VECTOR ( 'NONE', #3959, 1000.000000000000000 ) ;
#997 = ORIENTED_EDGE ( 'NONE', *, *, #327, .F. ) ;
#998 = EDGE_CURVE ( 'NONE', #489, #4621, #4054, .T. ) ;
#999 = DIRECTION ( 'NONE',  ( -0.000000000000000000, 0.000000000000000000, 1.000000000000000000 ) ) ;
#1000 = EDGE_CURVE ( 'NONE', #569, #4505, #2891, .T. ) ;
#1001 = CARTESIAN_POINT ( 'NONE',  ( 0.8979341417746378173, 0.07370422405897789075, -0.07689197806814213054 ) ) ;
#1002 = VECTOR ( 'NONE', #2335, 1000.000000000000114 ) ;
#1003 = CARTESIAN_POINT ( 'NONE',  ( 2.600016022061364396, 2.698624854025657882, -0.05990417227404232214 ) ) ;
#1004 = ORIENTED_EDGE ( 'NONE', *, *, #2567, .F. ) ;
#1005 = COLOUR_RGB ( '',0.7686274509803920907, 0.7686274509803920907, 0.7686274509803920907 ) ;
#1006 = SURFACE_SIDE_STYLE ('',( #2736 ) ) ;
#1007 = AXIS2_PLACEMENT_3D ( 'NONE', #2643, #3458, #2741 ) ;
#1008 = VERTEX_POINT ( 'NONE', #1806 ) ;
#1009 = EDGE_CURVE ( 'NONE', #981, #3119, #3569, .T. ) ;
#1010 = ORIENTED_EDGE ( 'NONE', *, *, #2859, .F. ) ;
#1011 = DIRECTION ( 'NONE',  ( 1.000000000000000000, 0.000000000000000000, -0.000000000000000000 ) ) ;
#1012 = MECHANICAL_DESIGN_GEOMETRIC_PRESENTATION_REPRESENTATION (  '', ( #2649 ), #4324 ) ;
#1013 = CARTESIAN_POINT ( 'NONE',  ( 2.600000000000000089, 2.741759999999999753, -2.683520000000000127 ) ) ;
#1014 = EDGE_LOOP ( 'NONE', ( #3629, #4487, #4579 ) ) ;
#1015 = EDGE_CURVE ( 'NONE', #2877, #1261, #1460, .T. ) ;
#1016 = COLOUR_RGB ( '',0.7921568627450980005, 0.8196078431372548767, 0.9333333333333333481 ) ;
#1017 = PLANE ( 'NONE',  #1206 ) ;
#1018 = CARTESIAN_POINT ( 'NONE',  ( 3.441759999999999931, 2.741759999999999753, -2.741759999999999753 ) ) ;
#1019 = LINE ( 'NONE', #4288, #2795 ) ;
#1020 = CARTESIAN_POINT ( 'NONE',  ( 1.709380634529654497, 2.746759999999999646, -0.9607584374758031398 ) ) ;
#1021 = STYLED_ITEM ( 'NONE', ( #1851 ), #1401 ) ;
#1022 = CARTESIAN_POINT ( 'NONE',  ( 0.000000000000000000, 2.741759999999999753, -0.05823999999999999316 ) ) ;
#1023 = ORIENTED_EDGE ( 'NONE', *, *, #2157, .T. ) ;
#1024 = EDGE_CURVE ( 'NONE', #3927, #1440, #1159, .T. ) ;
#1025 = COLOUR_RGB ( '',0.7686274509803920907, 0.7686274509803920907, 0.7686274509803920907 ) ;
#1026 =( NAMED_UNIT ( * ) PLANE_ANGLE_UNIT ( ) SI_UNIT ( $, .RADIAN. ) );
#1027 = CARTESIAN_POINT ( 'NONE',  ( 1.811671948376557983, 2.746759999999999646, -1.812111339561971679 ) ) ;
#1028 = VECTOR ( 'NONE', #2392, 1000.000000000000000 ) ;
#1029 = CARTESIAN_POINT ( 'NONE',  ( 2.600348140811131081, 2.709981391723626842, -0.06459847777822283477 ) ) ;
#1030 = ORIENTED_EDGE ( 'NONE', *, *, #528, .T. ) ;
#1031 = STYLED_ITEM ( 'NONE', ( #4386 ), #2053 ) ;
#1032 = LINE ( 'NONE', #295, #1028 ) ;
#1033 = PRESENTATION_STYLE_ASSIGNMENT (( #960 ) ) ;
#1034 = DIRECTION ( 'NONE',  ( 1.861610873086367935E-15, 1.000000000000000000, -0.000000000000000000 ) ) ;
#1035 = EDGE_LOOP ( 'NONE', ( #415, #2490, #755, #967 ) ) ;
#1036 = DIRECTION ( 'NONE',  ( 0.8958676361826827250, 0.000000000000000000, 0.4443210308329466618 ) ) ;
#1037 = CARTESIAN_POINT ( 'NONE',  ( 0.8991423277319653407, 2.730239879384714463, -2.730239879384714463 ) ) ;
#1038 = DIRECTION ( 'NONE',  ( -1.000000000000000000, 0.000000000000000000, 0.000000000000000000 ) ) ;
#1039 = ORIENTED_EDGE ( 'NONE', *, *, #1426, .F. ) ;
#1040 = FACE_OUTER_BOUND ( 'NONE', #3643, .T. ) ;
#1041 = DIRECTION ( 'NONE',  ( -0.000000000000000000, -1.000000000000000000, 0.000000000000000000 ) ) ;
#1042 = FILL_AREA_STYLE_COLOUR ( '', #2729 ) ;
#1043 = CARTESIAN_POINT ( 'NONE',  ( 1.633284197684115924, 2.746759999999999646, -1.159145611914445873 ) ) ;
#1044 =( NAMED_UNIT ( * ) PLANE_ANGLE_UNIT ( ) SI_UNIT ( $, .RADIAN. ) );
#1045 = EDGE_LOOP ( 'NONE', ( #3113, #2982, #3054 ) ) ;
#1046 = SURFACE_STYLE_USAGE ( .BOTH. , #1437 ) ;
#1047 = PRESENTATION_STYLE_ASSIGNMENT (( #715 ) ) ;
#1048 =( NAMED_UNIT ( * ) PLANE_ANGLE_UNIT ( ) SI_UNIT ( $, .RADIAN. ) );
#1049 = LINE ( 'NONE', #3542, #4080 ) ;
#1050 = SURFACE_STYLE_USAGE ( .BOTH. , #3948 ) ;
#1051 = SURFACE_STYLE_USAGE ( .BOTH. , #279 ) ;
#1052 = ORIENTED_EDGE ( 'NONE', *, *, #162, .T. ) ;
#1053 = ADVANCED_FACE ( 'NONE', ( #2651 ), #4533, .F. ) ;
#1054 = VECTOR ( 'NONE', #1184, 1000.000000000000000 ) ;
#1055 = FACE_OUTER_BOUND ( 'NONE', #337, .T. ) ;
#1056 = LINE ( 'NONE', #3836, #2513 ) ;
#1057 = ORIENTED_EDGE ( 'NONE', *, *, #3285, .F. ) ;
#1058 = DIRECTION ( 'NONE',  ( 0.000000000000000000, -0.000000000000000000, 1.000000000000000000 ) ) ;
#1059 = CARTESIAN_POINT ( 'NONE',  ( 1.478369079381479878, 2.746759999999999646, -0.4682956089486576823 ) ) ;
#1060 = DIRECTION ( 'NONE',  ( -0.000000000000000000, -1.000000000000000000, 0.000000000000000000 ) ) ;
#1061 = LINE ( 'NONE', #1690, #2657 ) ;
#1062 =( GEOMETRIC_REPRESENTATION_CONTEXT ( 3 ) GLOBAL_UNCERTAINTY_ASSIGNED_CONTEXT ( ( #519 ) ) GLOBAL_UNIT_ASSIGNED_CONTEXT ( ( #2154, #1044, #3685 ) ) REPRESENTATION_CONTEXT ( 'NONE', 'WORKASPACE' ) );
#1063 = CYLINDRICAL_SURFACE ( 'NONE', #2141, 0.05824000000000020133 ) ;
#1064 = CARTESIAN_POINT ( 'NONE',  ( 1.523535811012221464, 2.741759999999999753, -1.340669888712066493 ) ) ;
#1065 = MECHANICAL_DESIGN_GEOMETRIC_PRESENTATION_REPRESENTATION (  '', ( #544 ), #88 ) ;
#1066 = ORIENTED_EDGE ( 'NONE', *, *, #3718, .F. ) ;
#1067 = DIRECTION ( 'NONE',  ( -1.000000000000000000, 0.000000000000000000, 0.000000000000000000 ) ) ;
#1068 = STYLED_ITEM ( 'NONE', ( #3346 ), #4139 ) ;
#1069 = FILL_AREA_STYLE ('',( #2113 ) ) ;
#1070 =( NAMED_UNIT ( * ) SI_UNIT ( $, .STERADIAN. ) SOLID_ANGLE_UNIT ( ) );
#1071 = SURFACE_STYLE_USAGE ( .BOTH. , #1812 ) ;
#1072 = PRESENTATION_LAYER_ASSIGNMENT (  '', '', ( #849 ) ) ;
#1073 = EDGE_CURVE ( 'NONE', #563, #2823, #3009, .T. ) ;
#1074 = LINE ( 'NONE', #344, #1325 ) ;
#1075 = FACE_OUTER_BOUND ( 'NONE', #4374, .T. ) ;
#1076 = CARTESIAN_POINT ( 'NONE',  ( 2.600000000000000089, 0.05824000000000020133, -0.1164799999999999724 ) ) ;
#1077 = ORIENTED_EDGE ( 'NONE', *, *, #778, .T. ) ;
#1078 = EDGE_CURVE ( 'NONE', #449, #3687, #3364, .T. ) ;
#1079 = COLOUR_RGB ( '',0.7686274509803920907, 0.7686274509803920907, 0.7686274509803920907 ) ;
#1080 = DIRECTION ( 'NONE',  ( -0.3725077383644825324, 0.000000000000000000, -0.9280290862136694185 ) ) ;
#1081 = DIRECTION ( 'NONE',  ( -0.9611542233438713501, 0.000000000000000000, -0.2760118818968482768 ) ) ;
#1082 = VECTOR ( 'NONE', #3503, 1000.000000000000000 ) ;
#1083 = UNCERTAINTY_MEASURE_WITH_UNIT (LENGTH_MEASURE( 1.000000000000000082E-05 ), #2944, 'distance_accuracy_value', 'NONE');
#1084 = ORIENTED_EDGE ( 'NONE', *, *, #1566, .F. ) ;
#1085 = CARTESIAN_POINT ( 'NONE',  ( 1.890000000000006786, 2.741759999999999753, -2.103578002401880642 ) ) ;
#1086 = CARTESIAN_POINT ( 'NONE',  ( 2.600000000000000089, 0.1164800000000001529, -2.741759999999999753 ) ) ;
#1087 = AXIS2_PLACEMENT_3D ( 'NONE', #407, #2554, #4440 ) ;
#1088 = DIRECTION ( 'NONE',  ( -0.000000000000000000, -1.000000000000000000, -0.000000000000000000 ) ) ;
#1089 = SURFACE_STYLE_USAGE ( .BOTH. , #669 ) ;
#1090 = ORIENTED_EDGE ( 'NONE', *, *, #164, .T. ) ;
#1091 = EDGE_CURVE ( 'NONE', #803, #1779, #922, .T. ) ;
#1092 = CARTESIAN_POINT ( 'NONE',  ( 1.633297965358701642, 2.746759999999999646, -1.863024197635491763 ) ) ;
#1093 =( NAMED_UNIT ( * ) SI_UNIT ( $, .STERADIAN. ) SOLID_ANGLE_UNIT ( ) );
#1094 = COLOUR_RGB ( '',0.7686274509803920907, 0.7686274509803920907, 0.7686274509803920907 ) ;
#1095 = DIRECTION ( 'NONE',  ( -0.000000000000000000, -1.000000000000000000, 0.000000000000000000 ) ) ;
#1096 = ORIENTED_EDGE ( 'NONE', *, *, #3492, .T. ) ;
#1097 = MECHANICAL_DESIGN_GEOMETRIC_PRESENTATION_REPRESENTATION (  '', ( #2208 ), #417 ) ;
#1098 = DIRECTION ( 'NONE',  ( 0.000000000000000000, 0.000000000000000000, -1.000000000000000000 ) ) ;
#1099 = LINE ( 'NONE', #1790, #3634 ) ;
#1100 = MECHANICAL_DESIGN_GEOMETRIC_PRESENTATION_REPRESENTATION (  '', ( #1692 ), #2138 ) ;
#1101 = CARTESIAN_POINT ( 'NONE',  ( 0.9000000000000002442, 2.799999999999999822, -0.05824000000000020133 ) ) ;
#1102 = CARTESIAN_POINT ( 'NONE',  ( 2.599998559839499901, 0.05847937081738385084, -0.1103921568697335404 ) ) ;
#1103 = ORIENTED_EDGE ( 'NONE', *, *, #3381, .F. ) ;
#1104 = AXIS2_PLACEMENT_3D ( 'NONE', #523, #1968, #144 ) ;
#1105 = DIRECTION ( 'NONE',  ( 0.000000000000000000, 1.000000000000000000, 0.000000000000000000 ) ) ;
#1106 = SURFACE_SIDE_STYLE ('',( #4668 ) ) ;
#1107 = STYLED_ITEM ( 'NONE', ( #4648 ), #2323 ) ;
#1108 = EDGE_CURVE ( 'NONE', #1169, #1261, #1995, .T. ) ;
#1109 = ORIENTED_EDGE ( 'NONE', *, *, #3591, .T. ) ;
#1110 = SURFACE_STYLE_FILL_AREA ( #2930 ) ;
#1111 =( NAMED_UNIT ( * ) PLANE_ANGLE_UNIT ( ) SI_UNIT ( $, .RADIAN. ) );
#1112 = SURFACE_STYLE_FILL_AREA ( #783 ) ;
#1113 = FILL_AREA_STYLE ('',( #1852 ) ) ;
#1114 = VERTEX_POINT ( 'NONE', #1249 ) ;
#1115 =( NAMED_UNIT ( * ) PLANE_ANGLE_UNIT ( ) SI_UNIT ( $, .RADIAN. ) );
#1116 = VERTEX_POINT ( 'NONE', #2623 ) ;
#1117 = DIRECTION ( 'NONE',  ( 1.000000000000000000, 0.000000000000000000, 0.000000000000000000 ) ) ;
#1118 = DIRECTION ( 'NONE',  ( -0.9984327301130250243, 0.000000000000000000, -0.05596501978067342647 ) ) ;
#1119 = FILL_AREA_STYLE ('',( #2561 ) ) ;
#1120 = DIRECTION ( 'NONE',  ( -1.000000000000000000, -0.000000000000000000, 0.000000000000000000 ) ) ;
#1121 = ORIENTED_EDGE ( 'NONE', *, *, #4259, .F. ) ;
#1122 = DIRECTION ( 'NONE',  ( 1.000000000000000000, -0.000000000000000000, -0.000000000000000000 ) ) ;
#1123 = LINE ( 'NONE', #2591, #4306 ) ;
#1124 = UNCERTAINTY_MEASURE_WITH_UNIT (LENGTH_MEASURE( 1.000000000000000082E-05 ), #2579, 'distance_accuracy_value', 'NONE');
#1125 = ORIENTED_EDGE ( 'NONE', *, *, #1511, .F. ) ;
#1126 =( NAMED_UNIT ( * ) SI_UNIT ( $, .STERADIAN. ) SOLID_ANGLE_UNIT ( ) );
#1127 = DIRECTION ( 'NONE',  ( -0.2762033010288897361, 0.000000000000000000, 0.9610992334305259455 ) ) ;
#1128 = DIRECTION ( 'NONE',  ( -0.000000000000000000, 0.000000000000000000, 1.000000000000000000 ) ) ;
#1129 = MECHANICAL_DESIGN_GEOMETRIC_PRESENTATION_REPRESENTATION (  '', ( #4601 ), #2921 ) ;
#1130 = ORIENTED_EDGE ( 'NONE', *, *, #2878, .T. ) ;
#1131 = SURFACE_STYLE_FILL_AREA ( #2175 ) ;
#1132 = AXIS2_PLACEMENT_3D ( 'NONE', #4246, #623, #2411 ) ;
#1133 = LINE ( 'NONE', #3609, #381 ) ;
#1134 = STYLED_ITEM ( 'NONE', ( #2710 ), #3422 ) ;
#1135 = SURFACE_STYLE_USAGE ( .BOTH. , #1507 ) ;
#1136 = ORIENTED_EDGE ( 'NONE', *, *, #943, .T. ) ;
#1137 = FILL_AREA_STYLE_COLOUR ( '', #770 ) ;
#1138 = VECTOR ( 'NONE', #3662, 1000.000000000000000 ) ;
#1139 =( NAMED_UNIT ( * ) SI_UNIT ( $, .STERADIAN. ) SOLID_ANGLE_UNIT ( ) );
#1140 = PRESENTATION_STYLE_ASSIGNMENT (( #4372 ) ) ;
#1141 = CARTESIAN_POINT ( 'NONE',  ( 0.8986364107457355255, 2.729231173212052219, -2.719608588827740370 ) ) ;
#1142 = EDGE_CURVE ( 'NONE', #2863, #664, #1272, .T. ) ;
#1143 = AXIS2_PLACEMENT_3D ( 'NONE', #3669, #2905, #3649 ) ;
#1144 = ORIENTED_EDGE ( 'NONE', *, *, #1091, .F. ) ;
#1145 = PRESENTATION_STYLE_ASSIGNMENT (( #2924 ) ) ;
#1146 = PRESENTATION_LAYER_ASSIGNMENT (  '', '', ( #4228 ) ) ;
#1147 = CARTESIAN_POINT ( 'NONE',  ( 2.602554106022254121, 2.724701898936304101, -2.724701898936304101 ) ) ;
#1148 = EDGE_CURVE ( 'NONE', #3361, #2877, #2694, .T. ) ;
#1149 = CIRCLE ( 'NONE', #2332, 0.05823999999999999316 ) ;
#1150 = ORIENTED_EDGE ( 'NONE', *, *, #1471, .F. ) ;
#1151 = CARTESIAN_POINT ( 'NONE',  ( 0.8999956264635423642, 2.741046270079955605, -0.1073901237253751251 ) ) ;
#1152 = CARTESIAN_POINT ( 'NONE',  ( 0.000000000000000000, 0.000000000000000000, 0.000000000000000000 ) ) ;
#1153 = PRESENTATION_LAYER_ASSIGNMENT (  '', '', ( #250 ) ) ;
#1154 = EDGE_CURVE ( 'NONE', #893, #3097, #2881, .T. ) ;
#1155 = VERTEX_POINT ( 'NONE', #196 ) ;
#1156 = AXIS2_PLACEMENT_3D ( 'NONE', #753, #805, #67 ) ;
#1157 = CARTESIAN_POINT ( 'NONE',  ( 1.557847357579664971, 2.746759999999999646, -2.199075594982799142 ) ) ;
#1158 =( GEOMETRIC_REPRESENTATION_CONTEXT ( 3 ) GLOBAL_UNCERTAINTY_ASSIGNED_CONTEXT ( ( #4285 ) ) GLOBAL_UNIT_ASSIGNED_CONTEXT ( ( #820, #4376, #2564 ) ) REPRESENTATION_CONTEXT ( 'NONE', 'WORKASPACE' ) );
#1159 = B_SPLINE_CURVE_WITH_KNOTS ( 'NONE', 3,
 ( #2965, #3696, #1624, #3772, #171, #1578, #4144, #572, #1604, #3036 ),
 .UNSPECIFIED., .F., .F.,
 ( 4, 3, 3, 4 ),
 ( 2.710505431213761085E-20, 1.938115349126147568E-05, 3.880233050466277365E-05, 4.563224590952883012E-05 ),
 .UNSPECIFIED. ) ;
#1160 = LINE ( 'NONE', #2578, #3919 ) ;
#1161 = ADVANCED_FACE ( 'NONE', ( #1270 ), #1195, .T. ) ;
#1162 = PLANE ( 'NONE',  #2048 ) ;
#1163 = ORIENTED_EDGE ( 'NONE', *, *, #4270, .F. ) ;
#1164 = DIRECTION ( 'NONE',  ( -1.000000000000000000, -0.000000000000000000, -0.000000000000000000 ) ) ;
#1165 = AXIS2_PLACEMENT_3D ( 'NONE', #4588, #2751, #3147 ) ;
#1166 = CARTESIAN_POINT ( 'NONE',  ( 0.9000014401604955472, 0.1103921568697326244, -0.05847937081738392717 ) ) ;
#1167 = CARTESIAN_POINT ( 'NONE',  ( 0.05824000000000020133, 0.05823999999999999316, -0.05823999999999999316 ) ) ;
#1168 =( GEOMETRIC_REPRESENTATION_CONTEXT ( 3 ) GLOBAL_UNCERTAINTY_ASSIGNED_CONTEXT ( ( #4479 ) ) GLOBAL_UNIT_ASSIGNED_CONTEXT ( ( #3690, #4526, #3052 ) ) REPRESENTATION_CONTEXT ( 'NONE', 'WORKASPACE' ) );
#1169 = VERTEX_POINT ( 'NONE', #333 ) ;
#1170 =( NAMED_UNIT ( * ) PLANE_ANGLE_UNIT ( ) SI_UNIT ( $, .RADIAN. ) );
#1171 = VECTOR ( 'NONE', #2761, 1000.000000000000000 ) ;
#1172 = DIRECTION ( 'NONE',  ( 0.000000000000000000, 0.000000000000000000, 1.000000000000000000 ) ) ;
#1173 = DIRECTION ( 'NONE',  ( 1.000000000000000000, 0.000000000000000000, 0.000000000000000000 ) ) ;
#1174 = UNCERTAINTY_MEASURE_WITH_UNIT (LENGTH_MEASURE( 1.000000000000000082E-05 ), #1687, 'distance_accuracy_value', 'NONE');
#1175 = VERTEX_POINT ( 'NONE', #688 ) ;
#1176 = SURFACE_STYLE_USAGE ( .BOTH. , #2544 ) ;
#1177 = VECTOR ( 'NONE', #1189, 1000.000000000000000 ) ;
#1178 = CARTESIAN_POINT ( 'NONE',  ( 0.05824000000000020133, 0.000000000000000000, -2.741759999999999753 ) ) ;
#1179 = ORIENTED_EDGE ( 'NONE', *, *, #4516, .F. ) ;
#1180 = DIRECTION ( 'NONE',  ( 0.000000000000000000, 0.000000000000000000, 1.000000000000000000 ) ) ;
#1181 = CARTESIAN_POINT ( 'NONE',  ( 0.8999553718791084567, 0.06183509406618877685, -2.704563364018939264 ) ) ;
#1182 = ORIENTED_EDGE ( 'NONE', *, *, #3413, .T. ) ;
#1183 = LINE ( 'NONE', #485, #2336 ) ;
#1184 = DIRECTION ( 'NONE',  ( -0.000000000000000000, -1.000000000000000000, 0.000000000000000000 ) ) ;
#1185 = ORIENTED_EDGE ( 'NONE', *, *, #1148, .F. ) ;
#1186 =( LENGTH_UNIT ( ) NAMED_UNIT ( * ) SI_UNIT ( .MILLI., .METRE. ) );
#1187 = ORIENTED_EDGE ( 'NONE', *, *, #2069, .F. ) ;
#1188 = ORIENTED_EDGE ( 'NONE', *, *, #2697, .T. ) ;
#1189 = DIRECTION ( 'NONE',  ( -1.861610873086367935E-15, -1.000000000000000000, 0.000000000000000000 ) ) ;
#1190 = EDGE_CURVE ( 'NONE', #1645, #4192, #4244, .T. ) ;
#1191 = ORIENTED_EDGE ( 'NONE', *, *, #936, .T. ) ;
#1192 = CARTESIAN_POINT ( 'NONE',  ( 3.500000000000000000, 2.741759999999999753, -2.741759999999999753 ) ) ;
#1193 = FILL_AREA_STYLE_COLOUR ( '', #1217 ) ;
#1194 = ADVANCED_FACE ( 'NONE', ( #2747 ), #711, .T. ) ;
#1195 = CYLINDRICAL_SURFACE ( 'NONE', #716, 0.05823999999999998622 ) ;
#1196 = PRESENTATION_LAYER_ASSIGNMENT (  '', '', ( #4601 ) ) ;
#1197 = CARTESIAN_POINT ( 'NONE',  ( 1.556720911532859519, 2.746759999999999646, -1.004747407186507457 ) ) ;
#1198 = PLANE ( 'NONE',  #4398 ) ;
#1199 = ORIENTED_EDGE ( 'NONE', *, *, #538, .F. ) ;
#1200 = DIRECTION ( 'NONE',  ( -1.000000000000000000, 0.000000000000000000, 0.000000000000000000 ) ) ;
#1201 = CARTESIAN_POINT ( 'NONE',  ( 0.9000000000000880629, 0.1134407149924396147, -0.05823999999999501104 ) ) ;
#1202 = COLOUR_RGB ( '',0.7686274509803920907, 0.7686274509803920907, 0.7686274509803920907 ) ;
#1203 = EDGE_CURVE ( 'NONE', #1528, #2634, #3484, .T. ) ;
#1204 = VECTOR ( 'NONE', #1502, 1000.000000000000000 ) ;
#1205 = ORIENTED_EDGE ( 'NONE', *, *, #3670, .T. ) ;
#1206 = AXIS2_PLACEMENT_3D ( 'NONE', #1756, #2790, #3531 ) ;
#1207 =( LENGTH_UNIT ( ) NAMED_UNIT ( * ) SI_UNIT ( .MILLI., .METRE. ) );
#1208 = FILL_AREA_STYLE_COLOUR ( '', #4178 ) ;
#1209 =( NAMED_UNIT ( * ) SI_UNIT ( $, .STERADIAN. ) SOLID_ANGLE_UNIT ( ) );
#1210 = VECTOR ( 'NONE', #2523, 1000.000000000000000 ) ;
#1211 = ORIENTED_EDGE ( 'NONE', *, *, #4013, .F. ) ;
#1212 = UNCERTAINTY_MEASURE_WITH_UNIT (LENGTH_MEASURE( 1.000000000000000082E-05 ), #480, 'distance_accuracy_value', 'NONE');
#1213 = ORIENTED_EDGE ( 'NONE', *, *, #40, .F. ) ;
#1214 = MECHANICAL_DESIGN_GEOMETRIC_PRESENTATION_REPRESENTATION (  '', ( #2633 ), #1741 ) ;
#1215 = CARTESIAN_POINT ( 'NONE',  ( 1.478369079381479878, 2.746759999999999646, -0.4682956089486576823 ) ) ;
#1216 = VECTOR ( 'NONE', #3522, 1000.000000000000000 ) ;
#1217 = COLOUR_RGB ( '',0.7686274509803920907, 0.7686274509803920907, 0.7686274509803920907 ) ;
#1218 = CARTESIAN_POINT ( 'NONE',  ( 1.478369079381479878, 2.746759999999999646, -1.560922121378591987 ) ) ;
#1219 = CARTESIAN_POINT ( 'NONE',  ( 2.602554106022254121, 0.07529810106369556888, -0.07529810106369576317 ) ) ;
#1220 = STYLED_ITEM ( 'NONE', ( #4489 ), #4446 ) ;
#1221 = EDGE_CURVE ( 'NONE', #348, #3917, #4653, .T. ) ;
#1222 = VERTEX_POINT ( 'NONE', #2432 ) ;
#1223 = FILL_AREA_STYLE_COLOUR ( '', #3923 ) ;
#1224 = PRESENTATION_LAYER_ASSIGNMENT (  '', '', ( #1972 ) ) ;
#1225 = CARTESIAN_POINT ( 'NONE',  ( 2.600089346839637994, 2.738535230702320966, -0.09736921794456455947 ) ) ;
#1226 = PRESENTATION_STYLE_ASSIGNMENT (( #2967 ) ) ;
#1227 = STYLED_ITEM ( 'NONE', ( #2851 ), #583 ) ;
#1228 = ORIENTED_EDGE ( 'NONE', *, *, #687, .F. ) ;
#1229 = PRESENTATION_STYLE_ASSIGNMENT (( #903 ) ) ;
#1230 = FILL_AREA_STYLE_COLOUR ( '', #555 ) ;
#1231 = CIRCLE ( 'NONE', #1308, 0.05823999999999998622 ) ;
#1232 = CARTESIAN_POINT ( 'NONE',  ( 0.05824000000000020133, 2.741759999999999753, -0.05823999999999999316 ) ) ;
#1233 = CARTESIAN_POINT ( 'NONE',  ( 1.890000000000006786, 2.741759999999999753, -1.518511938874666178 ) ) ;
#1234 = VERTEX_POINT ( 'NONE', #4289 ) ;
#1235 = CARTESIAN_POINT ( 'NONE',  ( 1.556720911532859519, 2.746759999999999646, -1.192290661020161346 ) ) ;
#1236 =( NAMED_UNIT ( * ) PLANE_ANGLE_UNIT ( ) SI_UNIT ( $, .RADIAN. ) );
#1237 = VECTOR ( 'NONE', #1411, 1000.000000000000000 ) ;
#1238 =( NAMED_UNIT ( * ) SI_UNIT ( $, .STERADIAN. ) SOLID_ANGLE_UNIT ( ) );
#1239 = ORIENTED_EDGE ( 'NONE', *, *, #3970, .T. ) ;
#1240 = ORIENTED_EDGE ( 'NONE', *, *, #4002, .T. ) ;
#1241 = AXIS2_PLACEMENT_3D ( 'NONE', #3354, #2238, #2589 ) ;
#1242 =( LENGTH_UNIT ( ) NAMED_UNIT ( * ) SI_UNIT ( .MILLI., .METRE. ) );
#1243 = CARTESIAN_POINT ( 'NONE',  ( 0.8974458939777406608, 0.07529810106369520806, -2.724701898936304101 ) ) ;
#1244 = EDGE_CURVE ( 'NONE', #1576, #2533, #1061, .T. ) ;
#1245 = CARTESIAN_POINT ( 'NONE',  ( 0.000000000000000000, 0.000000000000000000, -2.741759999999999753 ) ) ;
#1246 =( GEOMETRIC_REPRESENTATION_CONTEXT ( 3 ) GLOBAL_UNCERTAINTY_ASSIGNED_CONTEXT ( ( #4427 ) ) GLOBAL_UNIT_ASSIGNED_CONTEXT ( ( #3639, #2918, #1139 ) ) REPRESENTATION_CONTEXT ( 'NONE', 'WORKASPACE' ) );
#1247 = ORIENTED_EDGE ( 'NONE', *, *, #4353, .F. ) ;
#1248 = SURFACE_SIDE_STYLE ('',( #3073 ) ) ;
#1249 = CARTESIAN_POINT ( 'NONE',  ( 1.557847357579664971, 2.741759999999999753, -2.199075594982799142 ) ) ;
#1250 = FILL_AREA_STYLE_COLOUR ( '', #3613 ) ;
#1251 = ORIENTED_EDGE ( 'NONE', *, *, #1203, .F. ) ;
#1252 = EDGE_CURVE ( 'NONE', #4034, #348, #3880, .T. ) ;
#1253 = FILL_AREA_STYLE_COLOUR ( '', #3089 ) ;
#1254 = LINE ( 'NONE', #202, #1722 ) ;
#1255 = CARTESIAN_POINT ( 'NONE',  ( 2.600652693277696770, 0.08458201944690857399, -2.732628671686633037 ) ) ;
#1256 = VERTEX_POINT ( 'NONE', #668 ) ;
#1257 = CARTESIAN_POINT ( 'NONE',  ( 2.600000000000000533, 0.06403198713132465802, -0.06403198713132476905 ) ) ;
#1258 =( LENGTH_UNIT ( ) NAMED_UNIT ( * ) SI_UNIT ( .MILLI., .METRE. ) );
#1259 =( LENGTH_UNIT ( ) NAMED_UNIT ( * ) SI_UNIT ( .MILLI., .METRE. ) );
#1260 = PLANE ( 'NONE',  #383 ) ;
#1261 = VERTEX_POINT ( 'NONE', #3896 ) ;
#1262 = UNCERTAINTY_MEASURE_WITH_UNIT (LENGTH_MEASURE( 1.000000000000000082E-05 ), #2866, 'distance_accuracy_value', 'NONE');
#1263 = VERTEX_POINT ( 'NONE', #2474 ) ;
#1264 = CARTESIAN_POINT ( 'NONE',  ( 0.05824000000000020133, 2.799999999999999822, 0.000000000000000000 ) ) ;
#1265 = CARTESIAN_POINT ( 'NONE',  ( 2.600089346839637994, 0.06146476929767874520, -2.702630782055435166 ) ) ;
#1266 = ORIENTED_EDGE ( 'NONE', *, *, #681, .T. ) ;
#1267 = EDGE_CURVE ( 'NONE', #4180, #4519, #3466, .T. ) ;
#1268 = DIRECTION ( 'NONE',  ( -1.000000000000000000, 0.000000000000000000, 0.000000000000000000 ) ) ;
#1269 = DIRECTION ( 'NONE',  ( -0.000000000000000000, -0.000000000000000000, 1.000000000000000000 ) ) ;
#1270 = FACE_OUTER_BOUND ( 'NONE', #3747, .T. ) ;
#1271 = CARTESIAN_POINT ( 'NONE',  ( 0.8974458939777407718, 0.07529810106369499989, -0.07529810106369633216 ) ) ;
#1272 = B_SPLINE_CURVE_WITH_KNOTS ( 'NONE', 3,
 ( #147, #3823, #4460, #1225, #4101, #951, #3750, #4513, #4120, #2363 ),
 .UNSPECIFIED., .F., .F.,
 ( 4, 3, 3, 4 ),
 ( 0.000000000000000000, 1.938115349126077772E-05, 3.880233050466124899E-05, 4.563224590952807117E-05 ),
 .UNSPECIFIED. ) ;
#1273 = VERTEX_POINT ( 'NONE', #621 ) ;
#1274 = EDGE_CURVE ( 'NONE', #1116, #449, #2083, .T. ) ;
#1275 =( NAMED_UNIT ( * ) PLANE_ANGLE_UNIT ( ) SI_UNIT ( $, .RADIAN. ) );
#1276 = MECHANICAL_DESIGN_GEOMETRIC_PRESENTATION_REPRESENTATION (  '', ( #74 ), #2928 ) ;
#1277 = CARTESIAN_POINT ( 'NONE',  ( 2.602554106022254121, 0.07529810106369545786, -2.724701898936304101 ) ) ;
#1278 = VECTOR ( 'NONE', #126, 1000.000000000000000 ) ;
#1279 = EDGE_CURVE ( 'NONE', #4381, #3181, #1735, .T. ) ;
#1280 = LINE ( 'NONE', #3083, #3395 ) ;
#1281 = ORIENTED_EDGE ( 'NONE', *, *, #681, .F. ) ;
#1282 = CARTESIAN_POINT ( 'NONE',  ( 2.602554106022254121, 0.07529810106369556888, -0.07529810106369576317 ) ) ;
#1283 = AXIS2_PLACEMENT_3D ( 'NONE', #3858, #4572, #1311 ) ;
#1284 = DIRECTION ( 'NONE',  ( 0.000000000000000000, 0.000000000000000000, 1.000000000000000000 ) ) ;
#1285 = PRESENTATION_STYLE_ASSIGNMENT (( #2685 ) ) ;
#1286 = VECTOR ( 'NONE', #2358, 1000.000000000000000 ) ;
#1287 = ORIENTED_EDGE ( 'NONE', *, *, #340, .F. ) ;
#1288 = ORIENTED_EDGE ( 'NONE', *, *, #4024, .T. ) ;
#1289 = LINE ( 'NONE', #1218, #3574 ) ;
#1290 = MECHANICAL_DESIGN_GEOMETRIC_PRESENTATION_REPRESENTATION (  '', ( #695 ), #2260 ) ;
#1291 = CARTESIAN_POINT ( 'NONE',  ( 2.599971806316263567, 0.05934521978077482440, -2.696529121468274504 ) ) ;
#1292 = VECTOR ( 'NONE', #2182, 1000.000000000000000 ) ;
#1293 = ORIENTED_EDGE ( 'NONE', *, *, #880, .F. ) ;
#1294 = CARTESIAN_POINT ( 'NONE',  ( 1.556734679207226968, 2.746759999999999646, -1.885302797215325343 ) ) ;
#1295 = CARTESIAN_POINT ( 'NONE',  ( 0.05823999999999999316, 0.05823999999999999316, -2.741759999999999753 ) ) ;
#1296 = FILL_AREA_STYLE_COLOUR ( '', #3257 ) ;
#1297 = PRESENTATION_LAYER_ASSIGNMENT (  '', '', ( #2633 ) ) ;
#1298 = AXIS2_PLACEMENT_3D ( 'NONE', #671, #999, #4272 ) ;
#1299 = PRESENTATION_STYLE_ASSIGNMENT (( #1973 ) ) ;
#1300 = VERTEX_POINT ( 'NONE', #239 ) ;
#1301 = VECTOR ( 'NONE', #4327, 1000.000000000000000 ) ;
#1302 = SURFACE_SIDE_STYLE ('',( #3038 ) ) ;
#1303 = EDGE_CURVE ( 'NONE', #4602, #2430, #287, .T. ) ;
#1304 = STYLED_ITEM ( 'NONE', ( #1729 ), #518 ) ;
#1305 = CARTESIAN_POINT ( 'NONE',  ( 0.8974458939777406608, 0.07529810106369520806, -2.724701898936304101 ) ) ;
#1306 = LINE ( 'NONE', #2731, #3625 ) ;
#1307 = ORIENTED_EDGE ( 'NONE', *, *, #2460, .T. ) ;
#1308 = AXIS2_PLACEMENT_3D ( 'NONE', #4128, #909, #3044 ) ;
#1309 = CARTESIAN_POINT ( 'NONE',  ( 2.600000000000000533, 2.735968012868675192, -0.06403198713132471354 ) ) ;
#1310 = CIRCLE ( 'NONE', #4250, 0.05824000000000020133 ) ;
#1311 = DIRECTION ( 'NONE',  ( 0.000000000000000000, 0.000000000000000000, 1.000000000000000000 ) ) ;
#1312 = ORIENTED_EDGE ( 'NONE', *, *, #3300, .F. ) ;
#1313 = ORIENTED_EDGE ( 'NONE', *, *, #404, .F. ) ;
#1314 = CARTESIAN_POINT ( 'NONE',  ( 1.478369079381479878, 2.746759999999999646, -1.430900981354680468 ) ) ;
#1315 = CARTESIAN_POINT ( 'NONE',  ( 0.8974458939777458788, 2.724701898936303657, -2.724701898936304545 ) ) ;
#1316 = SURFACE_STYLE_USAGE ( .BOTH. , #4210 ) ;
#1317 =( GEOMETRIC_REPRESENTATION_CONTEXT ( 3 ) GLOBAL_UNCERTAINTY_ASSIGNED_CONTEXT ( ( #3762 ) ) GLOBAL_UNIT_ASSIGNED_CONTEXT ( ( #1258, #1236, #4110 ) ) REPRESENTATION_CONTEXT ( 'NONE', 'WORKASPACE' ) );
#1318 = ORIENTED_EDGE ( 'NONE', *, *, #2865, .T. ) ;
#1319 = SURFACE_STYLE_USAGE ( .BOTH. , #1932 ) ;
#1320 = LINE ( 'NONE', #3771, #1002 ) ;
#1321 = EDGE_CURVE ( 'NONE', #2424, #893, #3100, .T. ) ;
#1322 = VECTOR ( 'NONE', #3373, 1000.000000000000000 ) ;
#1323 = PRESENTATION_STYLE_ASSIGNMENT (( #4562 ) ) ;
#1324 = EDGE_LOOP ( 'NONE', ( #1899, #139, #3296, #3109 ) ) ;
#1325 = VECTOR ( 'NONE', #2142, 1000.000000000000000 ) ;
#1326 = CARTESIAN_POINT ( 'NONE',  ( 1.556734679207226968, 2.746759999999999646, -1.885302797215325343 ) ) ;
#1327 = VECTOR ( 'NONE', #966, 1000.000000000000000 ) ;
#1328 = CARTESIAN_POINT ( 'NONE',  ( 3.441759999999999931, 0.05823999999999999316, -2.741759999999999753 ) ) ;
#1329 = AXIS2_PLACEMENT_3D ( 'NONE', #7, #1773, #2162 ) ;
#1330 = CARTESIAN_POINT ( 'NONE',  ( 2.600004373536457969, 0.1073901237253750696, -2.741046270079955605 ) ) ;
#1331 = VERTEX_POINT ( 'NONE', #1525 ) ;
#1332 = FILL_AREA_STYLE_COLOUR ( '', #1910 ) ;
#1333 = LINE ( 'NONE', #2371, #3398 ) ;
#1334 = DIRECTION ( 'NONE',  ( -1.000000000000000000, 0.000000000000000000, 0.000000000000000000 ) ) ;
#1335 = EDGE_LOOP ( 'NONE', ( #4132, #3514, #359 ) ) ;
#1336 = ORIENTED_EDGE ( 'NONE', *, *, #1628, .T. ) ;
#1337 = ADVANCED_FACE ( 'NONE', ( #426 ), #3672, .F. ) ;
#1338 = LINE ( 'NONE', #3929, #23 ) ;
#1339 = DIRECTION ( 'NONE',  ( -0.9610029908221286998, 0.000000000000000000, -0.2765379750249931101 ) ) ;
#1340 =( LENGTH_UNIT ( ) NAMED_UNIT ( * ) SI_UNIT ( .MILLI., .METRE. ) );
#1341 = ORIENTED_EDGE ( 'NONE', *, *, #2219, .F. ) ;
#1342 = FILL_AREA_STYLE ('',( #665 ) ) ;
#1343 = FACE_OUTER_BOUND ( 'NONE', #2914, .T. ) ;
#1344 =( NAMED_UNIT ( * ) SI_UNIT ( $, .STERADIAN. ) SOLID_ANGLE_UNIT ( ) );
#1345 = DIRECTION ( 'NONE',  ( 0.000000000000000000, -1.000000000000000000, 0.000000000000000000 ) ) ;
#1346 = CARTESIAN_POINT ( 'NONE',  ( 3.441759999999999931, 2.741759999999999753, -2.741759999999999753 ) ) ;
#1347 = DIRECTION ( 'NONE',  ( -1.861610873086367935E-15, -1.000000000000000000, 0.000000000000000000 ) ) ;
#1348 = ORIENTED_EDGE ( 'NONE', *, *, #3970, .F. ) ;
#1349 = EDGE_CURVE ( 'NONE', #2895, #2543, #1613, .T. ) ;
#1350 = CARTESIAN_POINT ( 'NONE',  ( 1.666495581945717674, 2.741759999999999753, -0.6534257646995780267 ) ) ;
#1351 = SURFACE_STYLE_USAGE ( .BOTH. , #2386 ) ;
#1352 = CARTESIAN_POINT ( 'NONE',  ( 0.9000000000000001332, 0.05824000000000020133, -0.1164799999999999724 ) ) ;
#1353 = CARTESIAN_POINT ( 'NONE',  ( 3.441759999999999931, 0.05823999999999999316, 0.000000000000000000 ) ) ;
#1354 = ORIENTED_EDGE ( 'NONE', *, *, #3987, .T. ) ;
#1355 = DIRECTION ( 'NONE',  ( -0.000000000000000000, 0.000000000000000000, 1.000000000000000000 ) ) ;
#1356 = COLOUR_RGB ( '',0.7686274509803920907, 0.7686274509803920907, 0.7686274509803920907 ) ;
#1357 = CARTESIAN_POINT ( 'NONE',  ( 0.8417599999999950677, 0.05823999999999999316, -0.05823999999999999316 ) ) ;
#1358 = EDGE_CURVE ( 'NONE', #893, #1920, #2829, .T. ) ;
#1359 = FILL_AREA_STYLE_COLOUR ( '', #2934 ) ;
#1360 = ORIENTED_EDGE ( 'NONE', *, *, #4264, .T. ) ;
#1361 = ORIENTED_EDGE ( 'NONE', *, *, #2917, .T. ) ;
#1362 = AXIS2_PLACEMENT_3D ( 'NONE', #2159, #361, #3969 ) ;
#1363 = FACE_OUTER_BOUND ( 'NONE', #2315, .T. ) ;
#1364 = CARTESIAN_POINT ( 'NONE',  ( 2.600004373536457969, 2.741046270079955605, -2.692609876274624447 ) ) ;
#1365 = AXIS2_PLACEMENT_3D ( 'NONE', #1470, #3201, #438 ) ;
#1366 = ADVANCED_FACE ( 'NONE', ( #1801 ), #2525, .F. ) ;
#1367 = ORIENTED_EDGE ( 'NONE', *, *, #1252, .T. ) ;
#1368 = PRESENTATION_LAYER_ASSIGNMENT (  '', '', ( #1599 ) ) ;
#1369 = COLOUR_RGB ( '',0.7686274509803920907, 0.7686274509803920907, 0.7686274509803920907 ) ;
#1370 = DIRECTION ( 'NONE',  ( 1.000000000000000000, -1.861610873086361624E-15, 0.000000000000000000 ) ) ;
#1371 = DIRECTION ( 'NONE',  ( 0.000000000000000000, 1.000000000000000000, 0.000000000000000000 ) ) ;
#1372 = ADVANCED_FACE ( 'NONE', ( #4674 ), #3961, .F. ) ;
#1373 = CARTESIAN_POINT ( 'NONE',  ( 3.500000000000000000, 2.799999999999999822, -2.741759999999999753 ) ) ;
#1374 = VECTOR ( 'NONE', #1453, 1000.000000000000000 ) ;
#1375 = ORIENTED_EDGE ( 'NONE', *, *, #789, .T. ) ;
#1376 = LINE ( 'NONE', #1696, #2112 ) ;
#1377 = COLOUR_RGB ( '',0.7686274509803920907, 0.7686274509803920907, 0.7686274509803920907 ) ;
#1378 = SURFACE_SIDE_STYLE ('',( #4612 ) ) ;
#1379 = COLOUR_RGB ( '',0.7686274509803920907, 0.7686274509803920907, 0.7686274509803920907 ) ;
#1380 =( GEOMETRIC_REPRESENTATION_CONTEXT ( 3 ) GLOBAL_UNCERTAINTY_ASSIGNED_CONTEXT ( ( #2521 ) ) GLOBAL_UNIT_ASSIGNED_CONTEXT ( ( #3336, #3650, #2199 ) ) REPRESENTATION_CONTEXT ( 'NONE', 'WORKASPACE' ) );
#1381 = FACE_OUTER_BOUND ( 'NONE', #71, .T. ) ;
#1382 = COLOUR_RGB ( '',0.7686274509803920907, 0.7686274509803920907, 0.7686274509803920907 ) ;
#1383 =( NAMED_UNIT ( * ) PLANE_ANGLE_UNIT ( ) SI_UNIT ( $, .RADIAN. ) );
#1384 = ORIENTED_EDGE ( 'NONE', *, *, #2246, .T. ) ;
#1385 = DIRECTION ( 'NONE',  ( 0.000000000000000000, 0.000000000000000000, 1.000000000000000000 ) ) ;
#1386 = VECTOR ( 'NONE', #2635, 1000.000000000000000 ) ;
#1387 = LINE ( 'NONE', #1731, #4345 ) ;
#1388 = ORIENTED_EDGE ( 'NONE', *, *, #1698, .F. ) ;
#1389 = PLANE ( 'NONE',  #2704 ) ;
#1390 = DIRECTION ( 'NONE',  ( -0.7145695586381775044, 0.000000000000000000, 0.6995643972270459976 ) ) ;
#1391 = EDGE_CURVE ( 'NONE', #845, #981, #397, .T. ) ;
#1392 = PLANE ( 'NONE',  #4497 ) ;
#1393 = FACE_OUTER_BOUND ( 'NONE', #697, .T. ) ;
#1394 = ORIENTED_EDGE ( 'NONE', *, *, #1274, .F. ) ;
#1395 = DIRECTION ( 'NONE',  ( 0.000000000000000000, 0.000000000000000000, -1.000000000000000000 ) ) ;
#1396 = CIRCLE ( 'NONE', #4564, 0.05824000000000020133 ) ;
#1397 = FACE_OUTER_BOUND ( 'NONE', #3792, .T. ) ;
#1398 = VECTOR ( 'NONE', #1355, 1000.000000000000000 ) ;
#1399 = DIRECTION ( 'NONE',  ( -1.000000000000000000, 0.000000000000000000, 0.000000000000000000 ) ) ;
#1400 = VERTEX_POINT ( 'NONE', #1456 ) ;
#1401 = ADVANCED_FACE ( 'NONE', ( #1480 ), #2500, .T. ) ;
#1402 =( GEOMETRIC_REPRESENTATION_CONTEXT ( 3 ) GLOBAL_UNCERTAINTY_ASSIGNED_CONTEXT ( ( #564 ) ) GLOBAL_UNIT_ASSIGNED_CONTEXT ( ( #2382, #1736, #2038 ) ) REPRESENTATION_CONTEXT ( 'NONE', 'WORKASPACE' ) );
#1403 = PRESENTATION_STYLE_ASSIGNMENT (( #2185 ) ) ;
#1404 = FILL_AREA_STYLE_COLOUR ( '', #4461 ) ;
#1405 = ORIENTED_EDGE ( 'NONE', *, *, #1901, .T. ) ;
#1406 = FILL_AREA_STYLE_COLOUR ( '', #2645 ) ;
#1407 = VERTEX_POINT ( 'NONE', #3582 ) ;
#1408 = FACE_OUTER_BOUND ( 'NONE', #1324, .T. ) ;
#1409 = DIRECTION ( 'NONE',  ( 0.000000000000000000, 0.000000000000000000, -1.000000000000000000 ) ) ;
#1410 = LINE ( 'NONE', #2792, #2624 ) ;
#1411 = DIRECTION ( 'NONE',  ( 1.000000000000000000, -0.000000000000000000, -0.000000000000000000 ) ) ;
#1412 = DIRECTION ( 'NONE',  ( 1.000000000000000000, 0.000000000000000000, 0.000000000000000000 ) ) ;
#1413 = ADVANCED_FACE ( 'NONE', ( #4361 ), #1869, .T. ) ;
#1414 = ORIENTED_EDGE ( 'NONE', *, *, #2021, .T. ) ;
#1415 =( NAMED_UNIT ( * ) SI_UNIT ( $, .STERADIAN. ) SOLID_ANGLE_UNIT ( ) );
#1416 = CARTESIAN_POINT ( 'NONE',  ( 1.709380634529654497, 2.741759999999999753, -0.9607584374758031398 ) ) ;
#1417 = ADVANCED_FACE ( 'NONE', ( #1597 ), #3002, .T. ) ;
#1418 = CARTESIAN_POINT ( 'NONE',  ( 0.9000000000000001332, 0.05824000000000020133, -2.799999999999999822 ) ) ;
#1419 = DIRECTION ( 'NONE',  ( 0.000000000000000000, 0.000000000000000000, 1.000000000000000000 ) ) ;
#1420 = EDGE_CURVE ( 'NONE', #4202, #517, #1289, .T. ) ;
#1421 = EDGE_LOOP ( 'NONE', ( #3864, #2333, #963 ) ) ;
#1422 = LINE ( 'NONE', #4599, #2486 ) ;
#1423 = AXIS2_PLACEMENT_3D ( 'NONE', #817, #4060, #2318 ) ;
#1424 = CARTESIAN_POINT ( 'NONE',  ( 2.600089346839637550, 0.09736921794456475376, -0.06146476929767878683 ) ) ;
#1425 = DIRECTION ( 'NONE',  ( 0.2760118818968482768, 0.000000000000000000, -0.9611542233438713501 ) ) ;
#1426 = EDGE_CURVE ( 'NONE', #255, #1508, #3028, .T. ) ;
#1427 = PRESENTATION_LAYER_ASSIGNMENT (  '', '', ( #1728 ) ) ;
#1428 = ORIENTED_EDGE ( 'NONE', *, *, #2235, .T. ) ;
#1429 = DIRECTION ( 'NONE',  ( 0.7083077534944018927, 0.000000000000000000, 0.7059037656364454127 ) ) ;
#1430 = CARTESIAN_POINT ( 'NONE',  ( 0.05824000000000020133, 0.000000000000000000, 0.000000000000000000 ) ) ;
#1431 = CARTESIAN_POINT ( 'NONE',  ( 0.9000281936837364327, 2.696529121468274059, -0.05934521978077461624 ) ) ;
#1432 = SURFACE_SIDE_STYLE ('',( #20 ) ) ;
#1433 = COLOUR_RGB ( '',0.7686274509803920907, 0.7686274509803920907, 0.7686274509803920907 ) ;
#1434 = CARTESIAN_POINT ( 'NONE',  ( 1.889999999999999680, 2.746759999999999646, -0.3499999999999999778 ) ) ;
#1435 = VECTOR ( 'NONE', #2497, 1000.000000000000000 ) ;
#1436 = ORIENTED_EDGE ( 'NONE', *, *, #4181, .T. ) ;
#1437 = SURFACE_SIDE_STYLE ('',( #291 ) ) ;
#1438 = FACE_OUTER_BOUND ( 'NONE', #194, .T. ) ;
#1439 = CIRCLE ( 'NONE', #3085, 0.05823999999999998622 ) ;
#1440 = VERTEX_POINT ( 'NONE', #1243 ) ;
#1441 = VECTOR ( 'NONE', #3759, 1000.000000000000000 ) ;
#1442 =( GEOMETRIC_REPRESENTATION_CONTEXT ( 3 ) GLOBAL_UNCERTAINTY_ASSIGNED_CONTEXT ( ( #469 ) ) GLOBAL_UNIT_ASSIGNED_CONTEXT ( ( #3798, #4175, #3848 ) ) REPRESENTATION_CONTEXT ( 'NONE', 'WORKASPACE' ) );
#1443 = ADVANCED_FACE ( 'NONE', ( #3069 ), #1922, .F. ) ;
#1444 = AXIS2_PLACEMENT_3D ( 'NONE', #3252, #3925, #1859 ) ;
#1445 = CARTESIAN_POINT ( 'NONE',  ( 0.8995110761645458419, 2.733201842650407443, -2.714579188555792388 ) ) ;
#1446 = ORIENTED_EDGE ( 'NONE', *, *, #4409, .F. ) ;
#1447 = CIRCLE ( 'NONE', #1672, 0.05824000000000020133 ) ;
#1448 = DIRECTION ( 'NONE',  ( 1.000000000000000000, 0.000000000000000000, 0.000000000000000000 ) ) ;
#1449 = FACE_OUTER_BOUND ( 'NONE', #3941, .T. ) ;
#1450 = SURFACE_SIDE_STYLE ('',( #3231 ) ) ;
#1451 = UNCERTAINTY_MEASURE_WITH_UNIT (LENGTH_MEASURE( 1.000000000000000082E-05 ), #4389, 'distance_accuracy_value', 'NONE');
#1452 = ORIENTED_EDGE ( 'NONE', *, *, #3906, .F. ) ;
#1453 = DIRECTION ( 'NONE',  ( 0.000000000000000000, 0.000000000000000000, -1.000000000000000000 ) ) ;
#1454 = SPHERICAL_SURFACE ( 'NONE', #2265, 0.05823999999999999316 ) ;
#1455 = AXIS2_PLACEMENT_3D ( 'NONE', #2237, #4027, #1448 ) ;
#1456 = CARTESIAN_POINT ( 'NONE',  ( 3.441759999999999931, 0.05823999999999999316, -2.799999999999999822 ) ) ;
#1457 = FACE_OUTER_BOUND ( 'NONE', #3934, .T. ) ;
#1458 = DIRECTION ( 'NONE',  ( 0.9984327301130250243, 0.000000000000000000, 0.05596501978067342647 ) ) ;
#1459 = VERTEX_POINT ( 'NONE', #3504 ) ;
#1460 = LINE ( 'NONE', #3314, #1536 ) ;
#1461 = AXIS2_PLACEMENT_3D ( 'NONE', #2644, #965, #3528 ) ;
#1462 = LINE ( 'NONE', #2205, #610 ) ;
#1463 = CARTESIAN_POINT ( 'NONE',  ( 0.8993473067222981232, 0.06737132831336692385, -2.715417980553090693 ) ) ;
#1464 = EDGE_LOOP ( 'NONE', ( #3408, #1880, #3067, #1084, #1446, #4529 ) ) ;
#1465 = STYLED_ITEM ( 'NONE', ( #251 ), #1747 ) ;
#1466 = SURFACE_STYLE_USAGE ( .BOTH. , #2512 ) ;
#1467 = DIRECTION ( 'NONE',  ( 0.05596501978067343341, 0.000000000000000000, -0.9984327301130251353 ) ) ;
#1468 = AXIS2_PLACEMENT_3D ( 'NONE', #2947, #3348, #133 ) ;
#1469 =( LENGTH_UNIT ( ) NAMED_UNIT ( * ) SI_UNIT ( .MILLI., .METRE. ) );
#1470 = CARTESIAN_POINT ( 'NONE',  ( 1.811671948376557983, 2.746759999999999646, -2.005877581997301817 ) ) ;
#1471 = EDGE_CURVE ( 'NONE', #2095, #130, #2057, .T. ) ;
#1472 = EDGE_LOOP ( 'NONE', ( #520, #541, #1188, #408 ) ) ;
#1473 = AXIS2_PLACEMENT_3D ( 'NONE', #4408, #1088, #1826 ) ;
#1474 =( NAMED_UNIT ( * ) PLANE_ANGLE_UNIT ( ) SI_UNIT ( $, .RADIAN. ) );
#1475 =( NAMED_UNIT ( * ) SI_UNIT ( $, .STERADIAN. ) SOLID_ANGLE_UNIT ( ) );
#1476 = SURFACE_STYLE_USAGE ( .BOTH. , #2927 ) ;
#1477 = EDGE_CURVE ( 'NONE', #2007, #4388, #1396, .T. ) ;
#1478 = ORIENTED_EDGE ( 'NONE', *, *, #3865, .F. ) ;
#1479 = CARTESIAN_POINT ( 'NONE',  ( 1.556720911532859519, 2.741759999999999753, -1.192290661020161346 ) ) ;
#1480 = FACE_OUTER_BOUND ( 'NONE', #3601, .T. ) ;
#1481 = DIRECTION ( 'NONE',  ( 1.000000000000000000, 0.000000000000000000, 0.000000000000000000 ) ) ;
#1482 = ORIENTED_EDGE ( 'NONE', *, *, #4343, .T. ) ;
#1483 = DIRECTION ( 'NONE',  ( 0.000000000000000000, -1.000000000000000000, 0.000000000000000000 ) ) ;
#1484 = DIRECTION ( 'NONE',  ( 1.000000000000000000, 0.000000000000000000, 1.861610873086367935E-15 ) ) ;
#1485 = VERTEX_POINT ( 'NONE', #637 ) ;
#1486 = PRESENTATION_STYLE_ASSIGNMENT (( #1466 ) ) ;
#1487 = SURFACE_SIDE_STYLE ('',( #4662 ) ) ;
#1488 = ADVANCED_FACE ( 'NONE', ( #1363 ), #2004, .T. ) ;
#1489 = LINE ( 'NONE', #1584, #1946 ) ;
#1490 = CARTESIAN_POINT ( 'NONE',  ( 1.478369079381479878, 2.741759999999999753, -1.214544228466160281 ) ) ;
#1491 = ORIENTED_EDGE ( 'NONE', *, *, #379, .T. ) ;
#1492 = DIRECTION ( 'NONE',  ( 0.000000000000000000, -1.000000000000000000, 0.000000000000000000 ) ) ;
#1493 = CARTESIAN_POINT ( 'NONE',  ( 1.556734679207226968, 2.741759999999999753, -1.885302797215325343 ) ) ;
#1494 = EDGE_CURVE ( 'NONE', #4388, #2641, #2698, .T. ) ;
#1495 = ORIENTED_EDGE ( 'NONE', *, *, #1267, .F. ) ;
#1496 = AXIS2_PLACEMENT_3D ( 'NONE', #3450, #4589, #2730 ) ;
#1497 = FILL_AREA_STYLE_COLOUR ( '', #4 ) ;
#1498 = DIRECTION ( 'NONE',  ( 0.000000000000000000, 0.000000000000000000, -1.000000000000000000 ) ) ;
#1499 = EDGE_CURVE ( 'NONE', #4202, #3209, #231, .T. ) ;
#1500 = VECTOR ( 'NONE', #378, 1000.000000000000000 ) ;
#1501 = ORIENTED_EDGE ( 'NONE', *, *, #322, .T. ) ;
#1502 = DIRECTION ( 'NONE',  ( 1.000000000000000000, 0.000000000000000000, 0.000000000000000000 ) ) ;
#1503 = CIRCLE ( 'NONE', #1132, 0.05823999999999999316 ) ;
#1504 = DIRECTION ( 'NONE',  ( -1.000000000000000000, 0.000000000000000000, 0.000000000000000000 ) ) ;
#1505 = ADVANCED_FACE ( 'NONE', ( #4189 ), #1730, .F. ) ;
#1506 = CARTESIAN_POINT ( 'NONE',  ( 2.658240000000000158, 0.000000000000000000, -2.741759999999999753 ) ) ;
#1507 = SURFACE_SIDE_STYLE ('',( #4367 ) ) ;
#1508 = VERTEX_POINT ( 'NONE', #2354 ) ;
#1509 = DIRECTION ( 'NONE',  ( 0.004650693823668813724, 0.000000000000000000, -0.9999891854650021505 ) ) ;
#1510 = AXIS2_PLACEMENT_3D ( 'NONE', #3910, #4603, #4266 ) ;
#1511 = EDGE_CURVE ( 'NONE', #4499, #4523, #2376, .T. ) ;
#1512 = DIRECTION ( 'NONE',  ( 0.000000000000000000, 0.000000000000000000, 1.000000000000000000 ) ) ;
#1513 = SURFACE_STYLE_FILL_AREA ( #2118 ) ;
#1514 = MECHANICAL_DESIGN_GEOMETRIC_PRESENTATION_REPRESENTATION (  '', ( #1068 ), #2786 ) ;
#1515 = ORIENTED_EDGE ( 'NONE', *, *, #2165, .F. ) ;
#1516 =( GEOMETRIC_REPRESENTATION_CONTEXT ( 3 ) GLOBAL_UNCERTAINTY_ASSIGNED_CONTEXT ( ( #2854 ) ) GLOBAL_UNIT_ASSIGNED_CONTEXT ( ( #2541, #3999, #1864 ) ) REPRESENTATION_CONTEXT ( 'NONE', 'WORKASPACE' ) );
#1517 = CARTESIAN_POINT ( 'NONE',  ( 1.557265360455781344, 2.746759999999999646, -2.073934948893989105 ) ) ;
#1518 = VECTOR ( 'NONE', #2825, 1000.000000000000000 ) ;
#1519 = FACE_OUTER_BOUND ( 'NONE', #1843, .T. ) ;
#1520 = VECTOR ( 'NONE', #1800, 1000.000000000000114 ) ;
#1521 = EDGE_LOOP ( 'NONE', ( #1354, #1764, #4626, #3469, #741, #3736, #1948, #3714, #877, #299, #1491, #899, #847, #3530, #4286, #168, #584, #3536, #3721, #2815, #614, #2563, #579 ) ) ;
#1522 = VECTOR ( 'NONE', #3661, 1000.000000000000000 ) ;
#1523 = CARTESIAN_POINT ( 'NONE',  ( 0.000000000000000000, 0.05823999999999999316, 0.000000000000000000 ) ) ;
#1524 = FILL_AREA_STYLE ('',( #1572 ) ) ;
#1525 = CARTESIAN_POINT ( 'NONE',  ( 1.709380634529654497, 2.741759999999999753, -1.137410209649718507 ) ) ;
#1526 = STYLED_ITEM ( 'NONE', ( #3068 ), #455 ) ;
#1527 = LINE ( 'NONE', #2961, #3892 ) ;
#1528 = VERTEX_POINT ( 'NONE', #4553 ) ;
#1529 = AXIS2_PLACEMENT_3D ( 'NONE', #432, #1879, #2969 ) ;
#1530 = DIRECTION ( 'NONE',  ( 0.000000000000000000, 0.000000000000000000, 1.000000000000000000 ) ) ;
#1531 = AXIS2_PLACEMENT_3D ( 'NONE', #1588, #2993, #2301 ) ;
#1532 = DIRECTION ( 'NONE',  ( 0.000000000000000000, -1.000000000000000000, 0.000000000000000000 ) ) ;
#1533 = EDGE_LOOP ( 'NONE', ( #4234, #2126, #1010, #3702 ) ) ;
#1534 = PLANE ( 'NONE',  #3693 ) ;
#1535 = CARTESIAN_POINT ( 'NONE',  ( 2.600089346839637550, 2.702630782055434722, -2.738535230702321410 ) ) ;
#1536 = VECTOR ( 'NONE', #1530, 1000.000000000000000 ) ;
#1537 = LINE ( 'NONE', #2972, #3431 ) ;
#1538 = DIRECTION ( 'NONE',  ( -0.000000000000000000, 1.000000000000000000, -0.000000000000000000 ) ) ;
#1539 = MECHANICAL_DESIGN_GEOMETRIC_PRESENTATION_REPRESENTATION (  '', ( #1021 ), #4029 ) ;
#1540 = EDGE_CURVE ( 'NONE', #3227, #2007, #3159, .T. ) ;
#1541 = ADVANCED_FACE ( 'NONE', ( #661 ), #3665, .T. ) ;
#1542 = ORIENTED_EDGE ( 'NONE', *, *, #2165, .T. ) ;
#1543 =( NAMED_UNIT ( * ) SI_UNIT ( $, .STERADIAN. ) SOLID_ANGLE_UNIT ( ) );
#1544 = MECHANICAL_DESIGN_GEOMETRIC_PRESENTATION_REPRESENTATION (  '', ( #1988 ), #3953 ) ;
#1545 = LINE ( 'NONE', #138, #2717 ) ;
#1546 = DIRECTION ( 'NONE',  ( -1.861610873086367935E-15, -1.000000000000000000, 0.000000000000000000 ) ) ;
#1547 = EDGE_CURVE ( 'NONE', #2327, #4085, #258, .T. ) ;
#1548 = ORIENTED_EDGE ( 'NONE', *, *, #4485, .T. ) ;
#1549 = UNCERTAINTY_MEASURE_WITH_UNIT (LENGTH_MEASURE( 1.000000000000000082E-05 ), #4521, 'distance_accuracy_value', 'NONE');
#1550 = EDGE_LOOP ( 'NONE', ( #1562, #3980, #1996, #4117 ) ) ;
#1551 = CARTESIAN_POINT ( 'NONE',  ( 1.478369079381479878, 2.746759999999999646, -0.7101235493540221100 ) ) ;
#1552 = AXIS2_PLACEMENT_3D ( 'NONE', #122, #1553, #4318 ) ;
#1553 = DIRECTION ( 'NONE',  ( 0.7059037656364455238, 0.000000000000000000, -0.7083077534944018927 ) ) ;
#1554 = ADVANCED_FACE ( 'NONE', ( #2901 ), #2565, .F. ) ;
#1555 = ORIENTED_EDGE ( 'NONE', *, *, #4279, .F. ) ;
#1556 = LINE ( 'NONE', #1577, #2173 ) ;
#1557 = FACE_OUTER_BOUND ( 'NONE', #513, .T. ) ;
#1558 = DIRECTION ( 'NONE',  ( -0.000000000000000000, -1.000000000000000000, 0.000000000000000000 ) ) ;
#1559 = EDGE_CURVE ( 'NONE', #4452, #429, #3207, .T. ) ;
#1560 = SURFACE_SIDE_STYLE ('',( #1928 ) ) ;
#1561 = CARTESIAN_POINT ( 'NONE',  ( 1.666495581945722559, 2.746759999999999646, -0.5311099949728128600 ) ) ;
#1562 = ORIENTED_EDGE ( 'NONE', *, *, #3568, .T. ) ;
#1563 = DIRECTION ( 'NONE',  ( -0.000000000000000000, 0.000000000000000000, 1.000000000000000000 ) ) ;
#1564 = DIRECTION ( 'NONE',  ( -0.2746918797667187162, 0.000000000000000000, 0.9615323037684312402 ) ) ;
#1565 = FACE_OUTER_BOUND ( 'NONE', #1335, .T. ) ;
#1566 = EDGE_CURVE ( 'NONE', #2390, #2155, #1882, .T. ) ;
#1567 = ORIENTED_EDGE ( 'NONE', *, *, #1540, .T. ) ;
#1568 = SPHERICAL_SURFACE ( 'NONE', #1531, 0.05823999999999999316 ) ;
#1569 = LINE ( 'NONE', #3738, #1322 ) ;
#1570 = VERTEX_POINT ( 'NONE', #3954 ) ;
#1571 = VERTEX_POINT ( 'NONE', #4377 ) ;
#1572 = FILL_AREA_STYLE_COLOUR ( '', #1005 ) ;
#1573 = DIRECTION ( 'NONE',  ( -1.000000000000000000, 0.000000000000000000, 0.000000000000000000 ) ) ;
#1574 = ADVANCED_FACE ( 'NONE', ( #4667 ), #392, .F. ) ;
#1575 = CARTESIAN_POINT ( 'NONE',  ( 2.600488923835454269, 0.06679815734959219931, -2.714579188555791944 ) ) ;
#1576 = VERTEX_POINT ( 'NONE', #2167 ) ;
#1577 = CARTESIAN_POINT ( 'NONE',  ( 0.05824000000000020133, 0.000000000000000000, -2.799999999999999822 ) ) ;
#1578 = CARTESIAN_POINT ( 'NONE',  ( 0.8995110761645407349, 0.08542081144420654581, -2.733201842650406999 ) ) ;
#1579 =( GEOMETRIC_REPRESENTATION_CONTEXT ( 3 ) GLOBAL_UNCERTAINTY_ASSIGNED_CONTEXT ( ( #3436 ) ) GLOBAL_UNIT_ASSIGNED_CONTEXT ( ( #4517, #1048, #1808 ) ) REPRESENTATION_CONTEXT ( 'NONE', 'WORKASPACE' ) );
#1580 = LINE ( 'NONE', #4038, #2092 ) ;
#1581 = ORIENTED_EDGE ( 'NONE', *, *, #1547, .T. ) ;
#1582 = CARTESIAN_POINT ( 'NONE',  ( 2.601675510045258655, 2.721402159806213028, -2.727815163929700581 ) ) ;
#1583 = CARTESIAN_POINT ( 'NONE',  ( 0.8417600000000000637, 2.799999999999999822, -0.05823999999999999316 ) ) ;
#1584 = CARTESIAN_POINT ( 'NONE',  ( 2.600000000000000089, 0.000000000000000000, -0.05824000000000020133 ) ) ;
#1585 = AXIS2_PLACEMENT_3D ( 'NONE', #53, #477, #828 ) ;
#1586 = ORIENTED_EDGE ( 'NONE', *, *, #1630, .T. ) ;
#1587 = EDGE_CURVE ( 'NONE', #1400, #2882, #11, .T. ) ;
#1588 = CARTESIAN_POINT ( 'NONE',  ( 0.05823999999999999316, 2.741759999999999753, -2.741759999999999753 ) ) ;
#1589 = DIRECTION ( 'NONE',  ( 0.000000000000000000, -1.000000000000000000, 0.000000000000000000 ) ) ;
#1590 = CARTESIAN_POINT ( 'NONE',  ( 1.772443497879789387, 2.746759999999999646, -1.415070833206682366 ) ) ;
#1591 =( GEOMETRIC_REPRESENTATION_CONTEXT ( 3 ) GLOBAL_UNCERTAINTY_ASSIGNED_CONTEXT ( ( #420 ) ) GLOBAL_UNIT_ASSIGNED_CONTEXT ( ( #2870, #343, #3174 ) ) REPRESENTATION_CONTEXT ( 'NONE', 'WORKASPACE' ) );
#1592 = PRESENTATION_STYLE_ASSIGNMENT (( #159 ) ) ;
#1593 = ORIENTED_EDGE ( 'NONE', *, *, #48, .T. ) ;
#1594 = UNCERTAINTY_MEASURE_WITH_UNIT (LENGTH_MEASURE( 1.000000000000000082E-05 ), #4600, 'distance_accuracy_value', 'NONE');
#1595 = ORIENTED_EDGE ( 'NONE', *, *, #4284, .T. ) ;
#1596 = CYLINDRICAL_SURFACE ( 'NONE', #1007, 0.05824000000000020133 ) ;
#1597 = FACE_OUTER_BOUND ( 'NONE', #2378, .T. ) ;
#1598 = CARTESIAN_POINT ( 'NONE',  ( 0.9000000000000001332, 0.05824000000000020133, -2.799999999999999822 ) ) ;
#1599 = STYLED_ITEM ( 'NONE', ( #4383 ), #2245 ) ;
#1600 = ORIENTED_EDGE ( 'NONE', *, *, #672, .F. ) ;
#1601 = PLANE ( 'NONE',  #1510 ) ;
#1602 = FACE_OUTER_BOUND ( 'NONE', #786, .T. ) ;
#1603 = STYLED_ITEM ( 'NONE', ( #3279 ), #306 ) ;
#1604 = CARTESIAN_POINT ( 'NONE',  ( 0.8979341417746379284, 0.07689197806814135339, -2.726295775941021571 ) ) ;
#1605 = AXIS2_PLACEMENT_3D ( 'NONE', #586, #3380, #3051 ) ;
#1606 = VERTEX_POINT ( 'NONE', #3275 ) ;
#1607 = VECTOR ( 'NONE', #1794, 1000.000000000000000 ) ;
#1608 = AXIS2_PLACEMENT_3D ( 'NONE', #2249, #3968, #4347 ) ;
#1609 = DIRECTION ( 'NONE',  ( 0.9611542233438713501, 0.000000000000000000, 0.2760118818968482768 ) ) ;
#1610 = EDGE_LOOP ( 'NONE', ( #483, #4556, #4525, #1809 ) ) ;
#1611 = SURFACE_STYLE_FILL_AREA ( #4155 ) ;
#1612 = FACE_OUTER_BOUND ( 'NONE', #2100, .T. ) ;
#1613 = CIRCLE ( 'NONE', #4176, 0.05823999999999999316 ) ;
#1614 = LINE ( 'NONE', #3045, #172 ) ;
#1615 = SURFACE_SIDE_STYLE ('',( #3434 ) ) ;
#1616 = ORIENTED_EDGE ( 'NONE', *, *, #936, .F. ) ;
#1617 = ORIENTED_EDGE ( 'NONE', *, *, #4569, .F. ) ;
#1618 = LINE ( 'NONE', #230, #3563 ) ;
#1619 =( NAMED_UNIT ( * ) PLANE_ANGLE_UNIT ( ) SI_UNIT ( $, .RADIAN. ) );
#1620 = CARTESIAN_POINT ( 'NONE',  ( 2.600000000000000089, 2.683519999999998795, -0.05824000000000020133 ) ) ;
#1621 = CIRCLE ( 'NONE', #2282, 0.05823999999999999316 ) ;
#1622 = ORIENTED_EDGE ( 'NONE', *, *, #2219, .T. ) ;
#1623 = SURFACE_SIDE_STYLE ('',( #4196 ) ) ;
#1624 = CARTESIAN_POINT ( 'NONE',  ( 0.9000281936837314367, 0.1034708785317247498, -2.740654780219225373 ) ) ;
#1625 = PLANE ( 'NONE',  #229 ) ;
#1626 = ORIENTED_EDGE ( 'NONE', *, *, #3517, .F. ) ;
#1627 = PRESENTATION_STYLE_ASSIGNMENT (( #3488 ) ) ;
#1628 = EDGE_CURVE ( 'NONE', #4523, #2441, #726, .T. ) ;
#1629 = SURFACE_SIDE_STYLE ('',( #179 ) ) ;
#1630 = EDGE_CURVE ( 'NONE', #4034, #1273, #3306, .T. ) ;
#1631 = DIRECTION ( 'NONE',  ( 0.000000000000000000, 0.000000000000000000, 1.000000000000000000 ) ) ;
#1632 = ORIENTED_EDGE ( 'NONE', *, *, #3451, .T. ) ;
#1633 = CYLINDRICAL_SURFACE ( 'NONE', #1087, 0.05823999999999998622 ) ;
#1634 = CARTESIAN_POINT ( 'NONE',  ( 1.557856304720737217, 2.746759999999999646, -2.429006833949353350 ) ) ;
#1635 = ORIENTED_EDGE ( 'NONE', *, *, #162, .F. ) ;
#1636 = UNCERTAINTY_MEASURE_WITH_UNIT (LENGTH_MEASURE( 1.000000000000000082E-05 ), #3046, 'distance_accuracy_value', 'NONE');
#1637 = VERTEX_POINT ( 'NONE', #2146 ) ;
#1638 = SURFACE_STYLE_FILL_AREA ( #896 ) ;
#1639 = DIRECTION ( 'NONE',  ( -1.861610873086367935E-15, -1.000000000000000000, 0.000000000000000000 ) ) ;
#1640 = ORIENTED_EDGE ( 'NONE', *, *, #3001, .T. ) ;
#1641 = DIRECTION ( 'NONE',  ( -1.000000000000000000, 0.000000000000000000, 0.000000000000000000 ) ) ;
#1642 = ADVANCED_FACE ( 'NONE', ( #1449 ), #801, .F. ) ;
#1643 =( NAMED_UNIT ( * ) SI_UNIT ( $, .STERADIAN. ) SOLID_ANGLE_UNIT ( ) );
#1644 = CARTESIAN_POINT ( 'NONE',  ( 0.8996518591888690297, 2.709981391723625510, -2.735401522221777793 ) ) ;
#1645 = VERTEX_POINT ( 'NONE', #4282 ) ;
#1646 = CARTESIAN_POINT ( 'NONE',  ( 0.9000000000000002442, 0.000000000000000000, -0.05824000000000020133 ) ) ;
#1647 = VECTOR ( 'NONE', #3371, 1000.000000000000000 ) ;
#1648 = ADVANCED_FACE ( 'NONE', ( #1055 ), #2466, .F. ) ;
#1649 = DIRECTION ( 'NONE',  ( 3.723221746172735870E-15, 1.000000000000000000, 0.000000000000000000 ) ) ;
#1650 = DIRECTION ( 'NONE',  ( -0.9237839814038673047, 0.000000000000000000, 0.3829140317376986680 ) ) ;
#1651 = VECTOR ( 'NONE', #677, 1000.000000000000114 ) ;
#1652 = DIRECTION ( 'NONE',  ( -1.000000000000000000, 0.000000000000000000, 0.000000000000000000 ) ) ;
#1653 = CARTESIAN_POINT ( 'NONE',  ( 0.8417600000000000637, 2.741759999999999753, -0.05823999999999999316 ) ) ;
#1654 = EDGE_CURVE ( 'NONE', #4161, #517, #1569, .T. ) ;
#1655 = VECTOR ( 'NONE', #3006, 1000.000000000000000 ) ;
#1656 = VERTEX_POINT ( 'NONE', #1517 ) ;
#1657 = ORIENTED_EDGE ( 'NONE', *, *, #3674, .F. ) ;
#1658 = CARTESIAN_POINT ( 'NONE',  ( 1.890000000000006786, 2.741759999999999753, -0.6208239129099735187 ) ) ;
#1659 =( NAMED_UNIT ( * ) PLANE_ANGLE_UNIT ( ) SI_UNIT ( $, .RADIAN. ) );
#1660 = VECTOR ( 'NONE', #90, 1000.000000000000000 ) ;
#1661 =( LENGTH_UNIT ( ) NAMED_UNIT ( * ) SI_UNIT ( .MILLI., .METRE. ) );
#1662 = AXIS2_PLACEMENT_3D ( 'NONE', #1653, #1677, #3856 ) ;
#1663 = PRESENTATION_LAYER_ASSIGNMENT (  '', '', ( #4011 ) ) ;
#1664 = CIRCLE ( 'NONE', #1298, 0.05823999999999998622 ) ;
#1665 = EDGE_LOOP ( 'NONE', ( #3494, #997, #3192, #1495, #3259, #4154, #625, #3846, #373, #3263, #260 ) ) ;
#1666 = FILL_AREA_STYLE ('',( #3120 ) ) ;
#1667 = PRESENTATION_STYLE_ASSIGNMENT (( #3463 ) ) ;
#1668 = DIRECTION ( 'NONE',  ( 0.000000000000000000, 1.000000000000000000, 0.000000000000000000 ) ) ;
#1669 = DIRECTION ( 'NONE',  ( -0.9615323037684311291, 0.000000000000000000, -0.2746918797667186607 ) ) ;
#1670 = DIRECTION ( 'NONE',  ( -0.000000000000000000, -0.000000000000000000, -1.000000000000000000 ) ) ;
#1671 = ORIENTED_EDGE ( 'NONE', *, *, #675, .F. ) ;
#1672 = AXIS2_PLACEMENT_3D ( 'NONE', #363, #1164, #2896 ) ;
#1673 = LINE ( 'NONE', #1326, #775 ) ;
#1674 = FILL_AREA_STYLE ('',( #245 ) ) ;
#1675 = ORIENTED_EDGE ( 'NONE', *, *, #2897, .F. ) ;
#1676 = AXIS2_PLACEMENT_3D ( 'NONE', #3618, #1846, #440 ) ;
#1677 = DIRECTION ( 'NONE',  ( 0.000000000000000000, 1.000000000000000000, 0.000000000000000000 ) ) ;
#1678 = ORIENTED_EDGE ( 'NONE', *, *, #1587, .T. ) ;
#1679 = ORIENTED_EDGE ( 'NONE', *, *, #302, .F. ) ;
#1680 = CARTESIAN_POINT ( 'NONE',  ( 1.478369079381479878, 2.741759999999999753, -0.9104450990217833883 ) ) ;
#1681 = AXIS2_PLACEMENT_3D ( 'NONE', #2689, #121, #2288 ) ;
#1682 = PRESENTATION_STYLE_ASSIGNMENT (( #2447 ) ) ;
#1683 = ADVANCED_FACE ( 'NONE', ( #1612 ), #3329, .F. ) ;
#1684 = CARTESIAN_POINT ( 'NONE',  ( 2.600044628120886436, 2.738164905933810900, -2.704563364018939264 ) ) ;
#1685 = VECTOR ( 'NONE', #1795, 1000.000000000000000 ) ;
#1686 = ORIENTED_EDGE ( 'NONE', *, *, #2296, .T. ) ;
#1687 =( LENGTH_UNIT ( ) NAMED_UNIT ( * ) SI_UNIT ( .MILLI., .METRE. ) );
#1688 = FILL_AREA_STYLE ('',( #949 ) ) ;
#1689 = LINE ( 'NONE', #1713, #765 ) ;
#1690 = CARTESIAN_POINT ( 'NONE',  ( 1.478369079381479878, 2.746759999999999646, -1.214544228466160281 ) ) ;
#1691 = ADVANCED_FACE ( 'NONE', ( #2636 ), #2664, .F. ) ;
#1692 = STYLED_ITEM ( 'NONE', ( #581 ), #1813 ) ;
#1693 = CARTESIAN_POINT ( 'NONE',  ( 0.8974458939777458788, 2.724701898936303657, -2.724701898936304545 ) ) ;
#1694 = ORIENTED_EDGE ( 'NONE', *, *, #4254, .T. ) ;
#1695 = AXIS2_PLACEMENT_3D ( 'NONE', #4245, #4584, #2066 ) ;
#1696 = CARTESIAN_POINT ( 'NONE',  ( 1.890000000000006786, 2.746759999999999646, -1.983651549899683841 ) ) ;
#1697 = PRESENTATION_STYLE_ASSIGNMENT (( #1351 ) ) ;
#1698 = EDGE_CURVE ( 'NONE', #2895, #3119, #1936, .T. ) ;
#1699 = ADVANCED_FACE ( 'NONE', ( #2976 ), #158, .F. ) ;
#1700 = MECHANICAL_DESIGN_GEOMETRIC_PRESENTATION_REPRESENTATION (  '', ( #1107 ), #2289 ) ;
#1701 = CARTESIAN_POINT ( 'NONE',  ( 1.633284197684115924, 2.741759999999999753, -1.159145611914445873 ) ) ;
#1702 = CARTESIAN_POINT ( 'NONE',  ( 2.658240000000000158, 0.05823999999999999316, -0.05823999999999999316 ) ) ;
#1703 = ORIENTED_EDGE ( 'NONE', *, *, #2108, .F. ) ;
#1704 = EDGE_CURVE ( 'NONE', #3965, #664, #3180, .T. ) ;
#1705 = DIRECTION ( 'NONE',  ( 0.000000000000000000, 0.000000000000000000, -1.000000000000000000 ) ) ;
#1706 = SURFACE_STYLE_USAGE ( .BOTH. , #582 ) ;
#1707 = EDGE_LOOP ( 'NONE', ( #1501, #834, #3820, #3958 ) ) ;
#1708 = EDGE_LOOP ( 'NONE', ( #188, #2346, #3971, #329 ) ) ;
#1709 = SURFACE_STYLE_USAGE ( .BOTH. , #283 ) ;
#1710 = PRESENTATION_STYLE_ASSIGNMENT (( #4237 ) ) ;
#1711 = ORIENTED_EDGE ( 'NONE', *, *, #4546, .F. ) ;
#1712 = LINE ( 'NONE', #2498, #1520 ) ;
#1713 = CARTESIAN_POINT ( 'NONE',  ( 1.890000000000006786, 2.746759999999999646, -1.320128519256672073 ) ) ;
#1714 = SURFACE_STYLE_FILL_AREA ( #2408 ) ;
#1715 =( NAMED_UNIT ( * ) PLANE_ANGLE_UNIT ( ) SI_UNIT ( $, .RADIAN. ) );
#1716 = LINE ( 'NONE', #1373, #3538 ) ;
#1717 = VERTEX_POINT ( 'NONE', #1890 ) ;
#1718 = DIRECTION ( 'NONE',  ( -0.9237839814038673047, 0.000000000000000000, 0.3829140317376986680 ) ) ;
#1719 = DIRECTION ( 'NONE',  ( -1.000000000000000000, 0.000000000000000000, 0.000000000000000000 ) ) ;
#1720 = FILL_AREA_STYLE ('',( #1811 ) ) ;
#1721 = ORIENTED_EDGE ( 'NONE', *, *, #961, .F. ) ;
#1722 = VECTOR ( 'NONE', #905, 1000.000000000000227 ) ;
#1723 = DIRECTION ( 'NONE',  ( 1.000000000000000000, 0.000000000000000000, 0.000000000000000000 ) ) ;
#1724 = DIRECTION ( 'NONE',  ( 0.000000000000000000, -1.000000000000000000, 0.000000000000000000 ) ) ;
#1725 = EDGE_CURVE ( 'NONE', #4280, #2863, #2707, .T. ) ;
#1726 = ORIENTED_EDGE ( 'NONE', *, *, #1494, .T. ) ;
#1727 = ORIENTED_EDGE ( 'NONE', *, *, #654, .F. ) ;
#1728 = STYLED_ITEM ( 'NONE', ( #1226 ), #3169 ) ;
#1729 = PRESENTATION_STYLE_ASSIGNMENT (( #2491 ) ) ;
#1730 = PLANE ( 'NONE',  #3041 ) ;
#1731 = CARTESIAN_POINT ( 'NONE',  ( 1.811686967656117364, 2.746759999999999646, -0.9316085170136499949 ) ) ;
#1732 = EDGE_LOOP ( 'NONE', ( #693, #118, #2963, #2839 ) ) ;
#1733 =( NAMED_UNIT ( * ) PLANE_ANGLE_UNIT ( ) SI_UNIT ( $, .RADIAN. ) );
#1734 = VECTOR ( 'NONE', #1780, 1000.000000000000000 ) ;
#1735 = LINE ( 'NONE', #1759, #1832 ) ;
#1736 =( NAMED_UNIT ( * ) PLANE_ANGLE_UNIT ( ) SI_UNIT ( $, .RADIAN. ) );
#1737 = CARTESIAN_POINT ( 'NONE',  ( 1.557847357579664971, 2.746759999999999646, -2.199075594982799142 ) ) ;
#1738 =( GEOMETRIC_REPRESENTATION_CONTEXT ( 3 ) GLOBAL_UNCERTAINTY_ASSIGNED_CONTEXT ( ( #941 ) ) GLOBAL_UNIT_ASSIGNED_CONTEXT ( ( #3882, #4661, #1070 ) ) REPRESENTATION_CONTEXT ( 'NONE', 'WORKASPACE' ) );
#1739 = EDGE_LOOP ( 'NONE', ( #89, #3991, #3025 ) ) ;
#1740 = CARTESIAN_POINT ( 'NONE',  ( 0.9000000000000001332, 2.741759999999999753, -2.799999999999999822 ) ) ;
#1741 =( GEOMETRIC_REPRESENTATION_CONTEXT ( 3 ) GLOBAL_UNCERTAINTY_ASSIGNED_CONTEXT ( ( #140 ) ) GLOBAL_UNIT_ASSIGNED_CONTEXT ( ( #3355, #516, #1209 ) ) REPRESENTATION_CONTEXT ( 'NONE', 'WORKASPACE' ) );
#1742 = AXIS2_PLACEMENT_3D ( 'NONE', #200, #2316, #2341 ) ;
#1743 = DIRECTION ( 'NONE',  ( 1.000000000000000000, 0.000000000000000000, -0.000000000000000000 ) ) ;
#1744 = SURFACE_STYLE_FILL_AREA ( #3900 ) ;
#1745 = FILL_AREA_STYLE_COLOUR ( '', #1379 ) ;
#1746 = COLOUR_RGB ( '',0.6470588235294117974, 0.5176470588235293491, 0.000000000000000000 ) ;
#1747 = ADVANCED_FACE ( 'NONE', ( #3521 ), #3496, .T. ) ;
#1748 = FACE_OUTER_BOUND ( 'NONE', #2304, .T. ) ;
#1749 = VECTOR ( 'NONE', #2669, 1000.000000000000114 ) ;
#1750 = VERTEX_POINT ( 'NONE', #4227 ) ;
#1751 = FACE_OUTER_BOUND ( 'NONE', #2374, .T. ) ;
#1752 = EDGE_CURVE ( 'NONE', #2441, #1114, #3807, .T. ) ;
#1753 = AXIS2_PLACEMENT_3D ( 'NONE', #4391, #1532, #4017 ) ;
#1754 = ORIENTED_EDGE ( 'NONE', *, *, #3695, .T. ) ;
#1755 = VECTOR ( 'NONE', #4171, 1000.000000000000227 ) ;
#1756 = CARTESIAN_POINT ( 'NONE',  ( 1.557265360455781344, 2.746759999999999646, -2.073934948893989105 ) ) ;
#1757 =( NAMED_UNIT ( * ) SI_UNIT ( $, .STERADIAN. ) SOLID_ANGLE_UNIT ( ) );
#1758 = APPLICATION_PROTOCOL_DEFINITION ( 'draft international standard', 'automotive_design', 1998, #2607 ) ;
#1759 = CARTESIAN_POINT ( 'NONE',  ( 0.8417599999999947347, 0.000000000000000000, 0.000000000000000000 ) ) ;
#1760 = EDGE_CURVE ( 'NONE', #367, #2877, #1032, .T. ) ;
#1761 = SURFACE_STYLE_FILL_AREA ( #3585 ) ;
#1762 = AXIS2_PLACEMENT_3D ( 'NONE', #897, #1573, #916 ) ;
#1763 = FACE_OUTER_BOUND ( 'NONE', #4676, .T. ) ;
#1764 = ORIENTED_EDGE ( 'NONE', *, *, #1499, .T. ) ;
#1765 = FACE_OUTER_BOUND ( 'NONE', #3269, .T. ) ;
#1766 = EDGE_CURVE ( 'NONE', #4103, #1256, #1991, .T. ) ;
#1767 = PLANE ( 'NONE',  #153 ) ;
#1768 = VECTOR ( 'NONE', #4594, 1000.000000000000227 ) ;
#1769 = CYLINDRICAL_SURFACE ( 'NONE', #2709, 0.05823999999999998622 ) ;
#1770 = FILL_AREA_STYLE ('',( #1745 ) ) ;
#1771 = CIRCLE ( 'NONE', #4039, 0.05824000000000020133 ) ;
#1772 = FACE_OUTER_BOUND ( 'NONE', #3164, .T. ) ;
#1773 = DIRECTION ( 'NONE',  ( -1.000000000000000000, -0.000000000000000000, 0.000000000000000000 ) ) ;
#1774 = LINE ( 'NONE', #4205, #3387 ) ;
#1775 = ORIENTED_EDGE ( 'NONE', *, *, #750, .T. ) ;
#1776 = SURFACE_SIDE_STYLE ('',( #2832 ) ) ;
#1777 = DIRECTION ( 'NONE',  ( 0.000000000000000000, 0.000000000000000000, 1.000000000000000000 ) ) ;
#1778 = CYLINDRICAL_SURFACE ( 'NONE', #4462, 0.05823999999999999316 ) ;
#1779 = VERTEX_POINT ( 'NONE', #3063 ) ;
#1780 = DIRECTION ( 'NONE',  ( -0.9619530280415479195, 0.000000000000000000, -0.2732148821746301914 ) ) ;
#1781 = PLANE ( 'NONE',  #3707 ) ;
#1782 = CARTESIAN_POINT ( 'NONE',  ( 1.666495581945722559, 2.746759999999999646, -0.5311099949728128600 ) ) ;
#1783 = CARTESIAN_POINT ( 'NONE',  ( 0.9000000000000002442, 2.799999999999999822, -0.05824000000000020133 ) ) ;
#1784 = EDGE_LOOP ( 'NONE', ( #3606, #3832, #3358, #3551 ) ) ;
#1785 = EDGE_CURVE ( 'NONE', #3519, #1606, #3131, .T. ) ;
#1786 = DIRECTION ( 'NONE',  ( -0.9610853065513847993, 0.000000000000000000, -0.2762517575166369421 ) ) ;
#1787 = FILL_AREA_STYLE ('',( #315 ) ) ;
#1788 = SURFACE_STYLE_FILL_AREA ( #1069 ) ;
#1789 = CARTESIAN_POINT ( 'NONE',  ( 2.601260537736253209, 2.720479066268221224, -0.07107526839561294218 ) ) ;
#1790 = CARTESIAN_POINT ( 'NONE',  ( 1.478369079381479878, 2.746759999999999646, -0.8455874476530370609 ) ) ;
#1791 = CARTESIAN_POINT ( 'NONE',  ( 1.523535811012221464, 2.746759999999999646, -1.340669888712066493 ) ) ;
#1792 = LINE ( 'NONE', #3225, #2935 ) ;
#1793 = EDGE_LOOP ( 'NONE', ( #2320, #1600, #4207, #3453 ) ) ;
#1794 = DIRECTION ( 'NONE',  ( -0.000000000000000000, -1.000000000000000000, 0.000000000000000000 ) ) ;
#1795 = DIRECTION ( 'NONE',  ( 0.000000000000000000, 1.000000000000000000, -0.000000000000000000 ) ) ;
#1796 = PLANE ( 'NONE',  #2556 ) ;
#1797 = EDGE_CURVE ( 'NONE', #3325, #1263, #4547, .T. ) ;
#1798 = ORIENTED_EDGE ( 'NONE', *, *, #2824, .F. ) ;
#1799 = CARTESIAN_POINT ( 'NONE',  ( 3.441759999999999931, 2.741759999999999753, -2.799999999999999822 ) ) ;
#1800 = DIRECTION ( 'NONE',  ( -0.9985542843760948362, 0.000000000000000000, -0.05375259206908060416 ) ) ;
#1801 = FACE_OUTER_BOUND ( 'NONE', #1866, .T. ) ;
#1802 = DIRECTION ( 'NONE',  ( 1.000000000000000000, 0.000000000000000000, 0.000000000000000000 ) ) ;
#1803 = DIRECTION ( 'NONE',  ( 0.000000000000000000, 1.000000000000000000, 0.000000000000000000 ) ) ;
#1804 = VECTOR ( 'NONE', #3748, 1000.000000000000000 ) ;
#1805 = ORIENTED_EDGE ( 'NONE', *, *, #1704, .T. ) ;
#1806 = CARTESIAN_POINT ( 'NONE',  ( 1.521771045540717848, 2.741759999999999753, -1.624255184048812417 ) ) ;
#1807 = EDGE_CURVE ( 'NONE', #2835, #3804, #224, .T. ) ;
#1808 =( NAMED_UNIT ( * ) SI_UNIT ( $, .STERADIAN. ) SOLID_ANGLE_UNIT ( ) );
#1809 = ORIENTED_EDGE ( 'NONE', *, *, #1807, .T. ) ;
#1810 = MECHANICAL_DESIGN_GEOMETRIC_PRESENTATION_REPRESENTATION (  '', ( #2110 ), #924 ) ;
#1811 = FILL_AREA_STYLE_COLOUR ( '', #2630 ) ;
#1812 = SURFACE_SIDE_STYLE ('',( #719 ) ) ;
#1813 = ADVANCED_FACE ( 'NONE', ( #4183 ), #4255, .T. ) ;
#1814 = CARTESIAN_POINT ( 'NONE',  ( 0.8974458939777458788, 2.724701898936303657, -2.724701898936304545 ) ) ;
#1815 = CARTESIAN_POINT ( 'NONE',  ( 1.709380634529654497, 2.741759999999999753, -1.137410209649718507 ) ) ;
#1816 = ORIENTED_EDGE ( 'NONE', *, *, #1547, .F. ) ;
#1817 = VECTOR ( 'NONE', #2857, 1000.000000000000000 ) ;
#1818 = EDGE_CURVE ( 'NONE', #2569, #2357, #3947, .T. ) ;
#1819 = ADVANCED_FACE ( 'NONE', ( #1772 ), #3544, .T. ) ;
#1820 = DIRECTION ( 'NONE',  ( 1.000000000000000000, 0.000000000000000000, 0.000000000000000000 ) ) ;
#1821 = VECTOR ( 'NONE', #1036, 1000.000000000000114 ) ;
#1822 = UNCERTAINTY_MEASURE_WITH_UNIT (LENGTH_MEASURE( 1.000000000000000082E-05 ), #1661, 'distance_accuracy_value', 'NONE');
#1823 = ORIENTED_EDGE ( 'NONE', *, *, #2712, .F. ) ;
#1824 = DIRECTION ( 'NONE',  ( 0.000000000000000000, 0.000000000000000000, 1.000000000000000000 ) ) ;
#1825 = DIRECTION ( 'NONE',  ( 0.9619530280415479195, 0.000000000000000000, 0.2732148821746301914 ) ) ;
#1826 = DIRECTION ( 'NONE',  ( 0.000000000000000000, 0.000000000000000000, -1.000000000000000000 ) ) ;
#1827 = VECTOR ( 'NONE', #3127, 1000.000000000000000 ) ;
#1828 = ORIENTED_EDGE ( 'NONE', *, *, #2675, .F. ) ;
#1829 = DIRECTION ( 'NONE',  ( 1.000000000000000000, 0.000000000000000000, 0.000000000000000000 ) ) ;
#1830 = EDGE_CURVE ( 'NONE', #130, #1570, #1074, .T. ) ;
#1831 = DIRECTION ( 'NONE',  ( -1.000000000000000000, 0.000000000000000000, 0.000000000000000000 ) ) ;
#1832 = VECTOR ( 'NONE', #3511, 1000.000000000000000 ) ;
#1833 =( LENGTH_UNIT ( ) NAMED_UNIT ( * ) SI_UNIT ( .MILLI., .METRE. ) );
#1834 = CARTESIAN_POINT ( 'NONE',  ( 0.9000000000000876188, 0.05823999999999502492, -2.686559285007560138 ) ) ;
#1835 = EDGE_LOOP ( 'NONE', ( #2247, #3709, #4403, #1963 ) ) ;
#1836 =( GEOMETRIC_REPRESENTATION_CONTEXT ( 3 ) GLOBAL_UNCERTAINTY_ASSIGNED_CONTEXT ( ( #3621 ) ) GLOBAL_UNIT_ASSIGNED_CONTEXT ( ( #937, #1383, #2073 ) ) REPRESENTATION_CONTEXT ( 'NONE', 'WORKASPACE' ) );
#1837 = CYLINDRICAL_SURFACE ( 'NONE', #925, 0.05823999999999998622 ) ;
#1838 = DIRECTION ( 'NONE',  ( -0.6995643972270459976, 0.000000000000000000, -0.7145695586381775044 ) ) ;
#1839 = ADVANCED_FACE ( 'NONE', ( #3596 ), #4641, .F. ) ;
#1840 = DIRECTION ( 'NONE',  ( 0.000000000000000000, -1.000000000000000000, 0.000000000000000000 ) ) ;
#1841 = DIRECTION ( 'NONE',  ( -1.000000000000000000, 0.000000000000000000, 0.000000000000000000 ) ) ;
#1842 = CARTESIAN_POINT ( 'NONE',  ( 2.658240000000000158, 0.000000000000000000, 0.000000000000000000 ) ) ;
#1843 = EDGE_LOOP ( 'NONE', ( #4213, #1816, #2160, #4504 ) ) ;
#1844 =( GEOMETRIC_REPRESENTATION_CONTEXT ( 3 ) GLOBAL_UNCERTAINTY_ASSIGNED_CONTEXT ( ( #2568 ) ) GLOBAL_UNIT_ASSIGNED_CONTEXT ( ( #399, #826, #2223 ) ) REPRESENTATION_CONTEXT ( 'NONE', 'WORKASPACE' ) );
#1845 = ADVANCED_FACE ( 'NONE', ( #412 ), #319, .T. ) ;
#1846 = DIRECTION ( 'NONE',  ( 0.000000000000000000, 0.000000000000000000, 1.000000000000000000 ) ) ;
#1847 = CARTESIAN_POINT ( 'NONE',  ( 1.890000000000006786, 2.746759999999999646, -0.6208239129099735187 ) ) ;
#1848 = ORIENTED_EDGE ( 'NONE', *, *, #4590, .F. ) ;
#1849 = DIRECTION ( 'NONE',  ( 0.9610853065513847993, 0.000000000000000000, 0.2762517575166369976 ) ) ;
#1850 = FILL_AREA_STYLE ('',( #92 ) ) ;
#1851 = PRESENTATION_STYLE_ASSIGNMENT (( #2933 ) ) ;
#1852 = FILL_AREA_STYLE_COLOUR ( '', #3588 ) ;
#1853 = ORIENTED_EDGE ( 'NONE', *, *, #3595, .F. ) ;
#1854 = FACE_OUTER_BOUND ( 'NONE', #4457, .T. ) ;
#1855 = PRESENTATION_STYLE_ASSIGNMENT (( #54 ) ) ;
#1856 = CYLINDRICAL_SURFACE ( 'NONE', #3768, 0.05823999999999998622 ) ;
#1857 = VERTEX_POINT ( 'NONE', #2298 ) ;
#1858 = FILL_AREA_STYLE_COLOUR ( '', #1746 ) ;
#1859 = DIRECTION ( 'NONE',  ( 0.9615825319869173438, 0.000000000000000000, 0.2745159998572558879 ) ) ;
#1860 = CARTESIAN_POINT ( 'NONE',  ( 3.441759999999999931, 2.799999999999999822, -0.05823999999999999316 ) ) ;
#1861 = ORIENTED_EDGE ( 'NONE', *, *, #2479, .F. ) ;
#1862 = PRESENTATION_STYLE_ASSIGNMENT (( #4356 ) ) ;
#1863 = CARTESIAN_POINT ( 'NONE',  ( 2.600857672268034548, 2.730239879384714463, -2.730239879384714463 ) ) ;
#1864 =( NAMED_UNIT ( * ) SI_UNIT ( $, .STERADIAN. ) SOLID_ANGLE_UNIT ( ) );
#1865 = UNCERTAINTY_MEASURE_WITH_UNIT (LENGTH_MEASURE( 1.000000000000000082E-05 ), #3794, 'distance_accuracy_value', 'NONE');
#1866 = EDGE_LOOP ( 'NONE', ( #2134, #2550, #3752, #4098 ) ) ;
#1867 = CARTESIAN_POINT ( 'NONE',  ( 0.9000000000000002442, 0.1164800000000001529, -2.741759999999999753 ) ) ;
#1868 = CYLINDRICAL_SURFACE ( 'NONE', #2116, 0.05824000000000020133 ) ;
#1869 = CYLINDRICAL_SURFACE ( 'NONE', #1681, 0.05823999999999999316 ) ;
#1870 = CYLINDRICAL_SURFACE ( 'NONE', #2665, 0.05824000000000020133 ) ;
#1871 = ORIENTED_EDGE ( 'NONE', *, *, #2932, .F. ) ;
#1872 = CARTESIAN_POINT ( 'NONE',  ( 1.666495581945722559, 2.746759999999999646, -0.5311099949728128600 ) ) ;
#1873 = PRESENTATION_LAYER_ASSIGNMENT (  '', '', ( #3302 ) ) ;
#1874 = EDGE_CURVE ( 'NONE', #1300, #3242, #500, .T. ) ;
#1875 = FILL_AREA_STYLE_COLOUR ( '', #3719 ) ;
#1876 = FACE_OUTER_BOUND ( 'NONE', #3090, .T. ) ;
#1877 = EDGE_CURVE ( 'NONE', #3282, #845, #35, .T. ) ;
#1878 =( GEOMETRIC_REPRESENTATION_CONTEXT ( 3 ) GLOBAL_UNCERTAINTY_ASSIGNED_CONTEXT ( ( #1174 ) ) GLOBAL_UNIT_ASSIGNED_CONTEXT ( ( #1687, #3140, #3866 ) ) REPRESENTATION_CONTEXT ( 'NONE', 'WORKASPACE' ) );
#1879 = DIRECTION ( 'NONE',  ( -1.000000000000000000, 0.000000000000000000, 0.000000000000000000 ) ) ;
#1880 = ORIENTED_EDGE ( 'NONE', *, *, #3492, .F. ) ;
#1881 = CARTESIAN_POINT ( 'NONE',  ( 3.441759999999999931, 0.000000000000000000, -0.05823999999999999316 ) ) ;
#1882 = B_SPLINE_CURVE_WITH_KNOTS ( 'NONE', 3,
 ( #2518, #441, #3979, #1424, #3230, #63, #3256, #3930, #2880, #3998 ),
 .UNSPECIFIED., .F., .F.,
 ( 4, 3, 3, 4 ),
 ( 2.793925047926170320E-20, 1.938115349126079466E-05, 3.880233050466138452E-05, 4.563224590952847097E-05 ),
 .UNSPECIFIED. ) ;
#1883 = CARTESIAN_POINT ( 'NONE',  ( 0.8999999999999950262, 0.06403198713132461639, -0.06403198713132483844 ) ) ;
#1884 = CARTESIAN_POINT ( 'NONE',  ( 1.556720911532859519, 2.746759999999999646, -1.004747407186507457 ) ) ;
#1885 = AXIS2_PLACEMENT_3D ( 'NONE', #2520, #776, #2147 ) ;
#1886 = STYLED_ITEM ( 'NONE', ( #4346 ), #4397 ) ;
#1887 = ORIENTED_EDGE ( 'NONE', *, *, #1766, .F. ) ;
#1888 = PLANE ( 'NONE',  #1676 ) ;
#1889 = MECHANICAL_DESIGN_GEOMETRIC_PRESENTATION_REPRESENTATION (  '', ( #4228 ), #96 ) ;
#1890 = CARTESIAN_POINT ( 'NONE',  ( 1.890000000000006786, 2.746759999999999646, -0.4670490083270785187 ) ) ;
#1891 =( GEOMETRIC_REPRESENTATION_CONTEXT ( 3 ) GLOBAL_UNCERTAINTY_ASSIGNED_CONTEXT ( ( #4337 ) ) GLOBAL_UNIT_ASSIGNED_CONTEXT ( ( #1994, #3418, #3749 ) ) REPRESENTATION_CONTEXT ( 'NONE', 'WORKASPACE' ) );
#1892 = CARTESIAN_POINT ( 'NONE',  ( 1.633297965358701642, 2.746759999999999646, -2.039673466595974816 ) ) ;
#1893 = DIRECTION ( 'NONE',  ( -0.9610664548998939516, 0.000000000000000000, -0.2763173343569854667 ) ) ;
#1894 = VECTOR ( 'NONE', #2035, 1000.000000000000000 ) ;
#1895 = ORIENTED_EDGE ( 'NONE', *, *, #2662, .T. ) ;
#1896 = LINE ( 'NONE', #3428, #2257 ) ;
#1897 =( NAMED_UNIT ( * ) PLANE_ANGLE_UNIT ( ) SI_UNIT ( $, .RADIAN. ) );
#1898 = EDGE_CURVE ( 'NONE', #4586, #4180, #459, .T. ) ;
#1899 = ORIENTED_EDGE ( 'NONE', *, *, #1752, .T. ) ;
#1900 = CIRCLE ( 'NONE', #3331, 0.05823999999999999316 ) ;
#1901 = EDGE_CURVE ( 'NONE', #433, #803, #1621, .T. ) ;
#1902 = DIRECTION ( 'NONE',  ( 0.9610992334315860974, 0.000000000000000000, 0.2762033010252007426 ) ) ;
#1903 = STYLED_ITEM ( 'NONE', ( #1855 ), #923 ) ;
#1904 = DIRECTION ( 'NONE',  ( -1.000000000000000000, -0.000000000000000000, -0.000000000000000000 ) ) ;
#1905 = ORIENTED_EDGE ( 'NONE', *, *, #3943, .F. ) ;
#1906 =( NAMED_UNIT ( * ) SI_UNIT ( $, .STERADIAN. ) SOLID_ANGLE_UNIT ( ) );
#1907 = CARTESIAN_POINT ( 'NONE',  ( 2.602065858225357076, 2.723108021931857969, -2.726295775941022015 ) ) ;
#1908 = CARTESIAN_POINT ( 'NONE',  ( 0.8991423277319606777, 0.06976012061528545638, -0.06976012061528567842 ) ) ;
#1909 = CARTESIAN_POINT ( 'NONE',  ( 0.8417599999999999527, 2.799999999999999822, 0.000000000000000000 ) ) ;
#1910 = COLOUR_RGB ( '',0.7686274509803920907, 0.7686274509803920907, 0.7686274509803920907 ) ;
#1911 = ORIENTED_EDGE ( 'NONE', *, *, #404, .T. ) ;
#1912 = LINE ( 'NONE', #1982, #2120 ) ;
#1913 = STYLED_ITEM ( 'NONE', ( #3271 ), #1819 ) ;
#1914 = FILL_AREA_STYLE ('',( #115 ) ) ;
#1915 =( NAMED_UNIT ( * ) PLANE_ANGLE_UNIT ( ) SI_UNIT ( $, .RADIAN. ) );
#1916 = DIRECTION ( 'NONE',  ( 1.000000000000000000, 0.000000000000000000, 0.000000000000000000 ) ) ;
#1917 = PRESENTATION_LAYER_ASSIGNMENT (  '', '', ( #3349 ) ) ;
#1918 = ORIENTED_EDGE ( 'NONE', *, *, #998, .T. ) ;
#1919 = UNCERTAINTY_MEASURE_WITH_UNIT (LENGTH_MEASURE( 1.000000000000000082E-05 ), #3680, 'distance_accuracy_value', 'NONE');
#1920 = VERTEX_POINT ( 'NONE', #3753 ) ;
#1921 = FACE_OUTER_BOUND ( 'NONE', #3761, .T. ) ;
#1922 = PLANE ( 'NONE',  #1461 ) ;
#1923 = VECTOR ( 'NONE', #851, 1000.000000000000000 ) ;
#1924 = DIRECTION ( 'NONE',  ( -0.000000000000000000, -1.000000000000000000, 0.000000000000000000 ) ) ;
#1925 = ORIENTED_EDGE ( 'NONE', *, *, #4432, .T. ) ;
#1926 = CARTESIAN_POINT ( 'NONE',  ( 1.890000000000006786, 2.746759999999999646, -0.7460696939635345082 ) ) ;
#1927 = DIRECTION ( 'NONE',  ( 0.000000000000000000, 0.000000000000000000, -1.000000000000000000 ) ) ;
#1928 = SURFACE_STYLE_FILL_AREA ( #4102 ) ;
#1929 = ADVANCED_FACE ( 'NONE', ( #531 ), #3291, .T. ) ;
#1930 = VERTEX_POINT ( 'NONE', #2280 ) ;
#1931 = DIRECTION ( 'NONE',  ( 1.000000000000000000, 0.000000000000000000, 0.000000000000000000 ) ) ;
#1932 = SURFACE_SIDE_STYLE ('',( #4418 ) ) ;
#1933 = CARTESIAN_POINT ( 'NONE',  ( 0.8417599999999998417, 2.741759999999999753, -2.799999999999999822 ) ) ;
#1934 = LINE ( 'NONE', #839, #3379 ) ;
#1935 = ORIENTED_EDGE ( 'NONE', *, *, #2296, .F. ) ;
#1936 = LINE ( 'NONE', #2683, #4642 ) ;
#1937 = DIRECTION ( 'NONE',  ( 0.000000000000000000, 0.000000000000000000, 1.000000000000000000 ) ) ;
#1938 = EDGE_LOOP ( 'NONE', ( #2181, #707, #2655, #1586, #4597, #3860, #3378, #249 ) ) ;
#1939 = ORIENTED_EDGE ( 'NONE', *, *, #3226, .T. ) ;
#1940 = CARTESIAN_POINT ( 'NONE',  ( 1.478369079381479878, 2.741759999999999753, -1.255601935242362188 ) ) ;
#1941 = LINE ( 'NONE', #1245, #576 ) ;
#1942 = ORIENTED_EDGE ( 'NONE', *, *, #1874, .F. ) ;
#1943 = FACE_OUTER_BOUND ( 'NONE', #1835, .T. ) ;
#1944 = DIRECTION ( 'NONE',  ( 0.000000000000000000, 0.000000000000000000, -1.000000000000000000 ) ) ;
#1945 = FILL_AREA_STYLE ('',( #1296 ) ) ;
#1946 = VECTOR ( 'NONE', #1538, 1000.000000000000000 ) ;
#1947 =( NAMED_UNIT ( * ) PLANE_ANGLE_UNIT ( ) SI_UNIT ( $, .RADIAN. ) );
#1948 = ORIENTED_EDGE ( 'NONE', *, *, #2317, .T. ) ;
#1949 = FILL_AREA_STYLE ('',( #1253 ) ) ;
#1950 = FILL_AREA_STYLE ('',( #3396 ) ) ;
#1951 =( GEOMETRIC_REPRESENTATION_CONTEXT ( 3 ) GLOBAL_UNCERTAINTY_ASSIGNED_CONTEXT ( ( #4380 ) ) GLOBAL_UNIT_ASSIGNED_CONTEXT ( ( #939, #2264, #657 ) ) REPRESENTATION_CONTEXT ( 'NONE', 'WORKASPACE' ) );
#1952 = DIRECTION ( 'NONE',  ( 0.000000000000000000, 0.000000000000000000, 1.000000000000000000 ) ) ;
#1953 = AXIS2_PLACEMENT_3D ( 'NONE', #1295, #1668, #170 ) ;
#1954 = VERTEX_POINT ( 'NONE', #2605 ) ;
#1955 = COLOUR_RGB ( '',0.7686274509803920907, 0.7686274509803920907, 0.7686274509803920907 ) ;
#1956 = CARTESIAN_POINT ( 'NONE',  ( 1.478369079381479878, 2.746759999999999646, -0.5855010684459950321 ) ) ;
#1957 = EDGE_CURVE ( 'NONE', #981, #3282, #3800, .T. ) ;
#1958 =( NAMED_UNIT ( * ) SI_UNIT ( $, .STERADIAN. ) SOLID_ANGLE_UNIT ( ) );
#1959 = COLOUR_RGB ( '',0.7921568627450980005, 0.8196078431372548767, 0.9333333333333333481 ) ;
#1960 = SPHERICAL_SURFACE ( 'NONE', #3845, 0.05823999999999999316 ) ;
#1961 = ORIENTED_EDGE ( 'NONE', *, *, #1203, .T. ) ;
#1962 = UNCERTAINTY_MEASURE_WITH_UNIT (LENGTH_MEASURE( 1.000000000000000082E-05 ), #3411, 'distance_accuracy_value', 'NONE');
#1963 = ORIENTED_EDGE ( 'NONE', *, *, #532, .T. ) ;
#1964 = VECTOR ( 'NONE', #1284, 1000.000000000000000 ) ;
#1965 = FACE_OUTER_BOUND ( 'NONE', #1708, .T. ) ;
#1966 = MECHANICAL_DESIGN_GEOMETRIC_PRESENTATION_REPRESENTATION (  '', ( #3550 ), #473 ) ;
#1967 = PRESENTATION_STYLE_ASSIGNMENT (( #2670 ) ) ;
#1968 = DIRECTION ( 'NONE',  ( 1.000000000000000000, -0.000000000000000000, -0.000000000000000000 ) ) ;
#1969 = AXIS2_PLACEMENT_3D ( 'NONE', #1152, #3671, #120 ) ;
#1970 = VERTEX_POINT ( 'NONE', #1583 ) ;
#1971 = CARTESIAN_POINT ( 'NONE',  ( 1.556734679207226968, 2.741759999999999753, -1.885302797215325343 ) ) ;
#1972 = STYLED_ITEM ( 'NONE', ( #1667 ), #180 ) ;
#1973 = SURFACE_STYLE_USAGE ( .BOTH. , #3447 ) ;
#1974 = ORIENTED_EDGE ( 'NONE', *, *, #4145, .T. ) ;
#1975 =( NAMED_UNIT ( * ) SI_UNIT ( $, .STERADIAN. ) SOLID_ANGLE_UNIT ( ) );
#1976 = VECTOR ( 'NONE', #3756, 1000.000000000000000 ) ;
#1977 = DIRECTION ( 'NONE',  ( 1.000000000000000000, -0.000000000000000000, -0.000000000000000000 ) ) ;
#1978 = EDGE_CURVE ( 'NONE', #2543, #3242, #1537, .T. ) ;
#1979 = PRESENTATION_LAYER_ASSIGNMENT (  '', '', ( #3104 ) ) ;
#1980 = PLANE ( 'NONE',  #2473 ) ;
#1981 = ORIENTED_EDGE ( 'NONE', *, *, #750, .F. ) ;
#1982 = CARTESIAN_POINT ( 'NONE',  ( 1.523535811012221464, 2.746759999999999646, -1.340669888712066493 ) ) ;
#1983 = PRESENTATION_STYLE_ASSIGNMENT (( #4129 ) ) ;
#1984 = PRESENTATION_LAYER_ASSIGNMENT (  '', '', ( #2132 ) ) ;
#1985 = ADVANCED_FACE ( 'NONE', ( #837 ), #3706, .F. ) ;
#1986 = ORIENTED_EDGE ( 'NONE', *, *, #2157, .F. ) ;
#1987 = ORIENTED_EDGE ( 'NONE', *, *, #4015, .F. ) ;
#1988 = STYLED_ITEM ( 'NONE', ( #1682 ), #1541 ) ;
#1989 = LINE ( 'NONE', #1264, #931 ) ;
#1990 = DIRECTION ( 'NONE',  ( 0.000000000000000000, 0.000000000000000000, -1.000000000000000000 ) ) ;
#1991 = CIRCLE ( 'NONE', #2663, 0.05823999999999999316 ) ;
#1992 = EDGE_LOOP ( 'NONE', ( #630, #1721, #4536, #859 ) ) ;
#1993 = SURFACE_STYLE_USAGE ( .BOTH. , #1248 ) ;
#1994 =( LENGTH_UNIT ( ) NAMED_UNIT ( * ) SI_UNIT ( .MILLI., .METRE. ) );
#1995 = LINE ( 'NONE', #527, #4401 ) ;
#1996 = ORIENTED_EDGE ( 'NONE', *, *, #1244, .F. ) ;
#1997 = CARTESIAN_POINT ( 'NONE',  ( 3.441759999999999931, 0.000000000000000000, 0.000000000000000000 ) ) ;
#1998 = DIRECTION ( 'NONE',  ( 0.000000000000000000, 0.000000000000000000, -1.000000000000000000 ) ) ;
#1999 = ORIENTED_EDGE ( 'NONE', *, *, #2801, .T. ) ;
#2000 = SURFACE_STYLE_FILL_AREA ( #4229 ) ;
#2001 = FACE_OUTER_BOUND ( 'NONE', #2453, .T. ) ;
#2002 = ORIENTED_EDGE ( 'NONE', *, *, #4316, .F. ) ;
#2003 = ORIENTED_EDGE ( 'NONE', *, *, #384, .F. ) ;
#2004 = CYLINDRICAL_SURFACE ( 'NONE', #4256, 0.05823999999999999316 ) ;
#2005 = ADVANCED_FACE ( 'NONE', ( #1565 ), #4218, .T. ) ;
#2006 = LINE ( 'NONE', #3745, #4185 ) ;
#2007 = VERTEX_POINT ( 'NONE', #1933 ) ;
#2008 = CARTESIAN_POINT ( 'NONE',  ( 2.658240000000000158, 2.741759999999999753, -0.05823999999999999316 ) ) ;
#2009 = SURFACE_SIDE_STYLE ('',( #2604 ) ) ;
#2010 = CARTESIAN_POINT ( 'NONE',  ( 1.890000000000006786, 2.746759999999999646, -1.672652312619159698 ) ) ;
#2011 = CARTESIAN_POINT ( 'NONE',  ( 1.811686967656117364, 2.746759999999999646, -1.159793944193151738 ) ) ;
#2012 = LINE ( 'NONE', #553, #4065 ) ;
#2013 = ORIENTED_EDGE ( 'NONE', *, *, #727, .F. ) ;
#2014 = ADVANCED_FACE ( 'NONE', ( #2085 ), #3871, .T. ) ;
#2015 = DIRECTION ( 'NONE',  ( -0.000000000000000000, -1.000000000000000000, 0.000000000000000000 ) ) ;
#2016 = AXIS2_PLACEMENT_3D ( 'NONE', #3081, #600, #4150 ) ;
#2017 = LINE ( 'NONE', #3851, #3610 ) ;
#2018 = CIRCLE ( 'NONE', #537, 0.05824000000000020133 ) ;
#2019 = SURFACE_SIDE_STYLE ('',( #578 ) ) ;
#2020 = EDGE_LOOP ( 'NONE', ( #4639, #1981, #2648, #242, #1341, #1057 ) ) ;
#2021 = EDGE_CURVE ( 'NONE', #2987, #429, #1771, .T. ) ;
#2022 = CARTESIAN_POINT ( 'NONE',  ( 2.602554106022254121, 2.724701898936304101, -0.07529810106369565215 ) ) ;
#2023 =( NAMED_UNIT ( * ) SI_UNIT ( $, .STERADIAN. ) SOLID_ANGLE_UNIT ( ) );
#2024 = AXIS2_PLACEMENT_3D ( 'NONE', #4405, #66, #1824 ) ;
#2025 = ORIENTED_EDGE ( 'NONE', *, *, #3881, .F. ) ;
#2026 = ADVANCED_FACE ( 'NONE', ( #3168 ), #1392, .F. ) ;
#2027 = ORIENTED_EDGE ( 'NONE', *, *, #4320, .T. ) ;
#2028 = DIRECTION ( 'NONE',  ( -0.9999999968487353064, 0.000000000000000000, -7.938847109757217273E-05 ) ) ;
#2029 = SURFACE_SIDE_STYLE ('',( #4262 ) ) ;
#2030 = VECTOR ( 'NONE', #1609, 999.9999999999998863 ) ;
#2031 = DIRECTION ( 'NONE',  ( 0.000000000000000000, 0.000000000000000000, -1.000000000000000000 ) ) ;
#2032 = VECTOR ( 'NONE', #4223, 1000.000000000000000 ) ;
#2033 = EDGE_LOOP ( 'NONE', ( #4312, #1185, #3409, #1754 ) ) ;
#2034 = EDGE_CURVE ( 'NONE', #3804, #3658, #2131, .T. ) ;
#2035 = DIRECTION ( 'NONE',  ( -0.000000000000000000, -1.000000000000000000, 0.000000000000000000 ) ) ;
#2036 = CARTESIAN_POINT ( 'NONE',  ( 0.8986364107457356365, 2.719608588827739482, -0.07076882678794704784 ) ) ;
#2037 = CARTESIAN_POINT ( 'NONE',  ( -0.8724128072525134669, 2.741759999999999753, 0.006335664914779973525 ) ) ;
#2038 =( NAMED_UNIT ( * ) SI_UNIT ( $, .STERADIAN. ) SOLID_ANGLE_UNIT ( ) );
#2039 = DIRECTION ( 'NONE',  ( 1.000000000000000000, -0.000000000000000000, 0.000000000000000000 ) ) ;
#2040 = ORIENTED_EDGE ( 'NONE', *, *, #3250, .T. ) ;
#2041 = EDGE_CURVE ( 'NONE', #4519, #3636, #334, .T. ) ;
#2042 = STYLED_ITEM ( 'NONE', ( #3347 ), #151 ) ;
#2043 =( NAMED_UNIT ( * ) SI_UNIT ( $, .STERADIAN. ) SOLID_ANGLE_UNIT ( ) );
#2044 =( GEOMETRIC_REPRESENTATION_CONTEXT ( 3 ) GLOBAL_UNCERTAINTY_ASSIGNED_CONTEXT ( ( #663 ) ) GLOBAL_UNIT_ASSIGNED_CONTEXT ( ( #3952, #3573, #3907 ) ) REPRESENTATION_CONTEXT ( 'NONE', 'WORKASPACE' ) );
#2045 = LINE ( 'NONE', #1701, #680 ) ;
#2046 = CARTESIAN_POINT ( 'NONE',  ( 0.8417600000000000637, 2.741759999999999753, -2.741759999999999753 ) ) ;
#2047 = ORIENTED_EDGE ( 'NONE', *, *, #2675, .T. ) ;
#2048 = AXIS2_PLACEMENT_3D ( 'NONE', #1561, #762, #2986 ) ;
#2049 = CARTESIAN_POINT ( 'NONE',  ( 1.478369079381479878, 2.746759999999999646, -0.9104450990217833883 ) ) ;
#2050 = STYLED_ITEM ( 'NONE', ( #2793 ), #1161 ) ;
#2051 = ADVANCED_FACE ( 'NONE', ( #4290 ), #1063, .T. ) ;
#2052 = ORIENTED_EDGE ( 'NONE', *, *, #3441, .T. ) ;
#2053 = ADVANCED_FACE ( 'NONE', ( #1457 ), #1870, .T. ) ;
#2054 = ORIENTED_EDGE ( 'NONE', *, *, #448, .F. ) ;
#2055 =( LENGTH_UNIT ( ) NAMED_UNIT ( * ) SI_UNIT ( .MILLI., .METRE. ) );
#2056 = VECTOR ( 'NONE', #1669, 1000.000000000000114 ) ;
#2057 = LINE ( 'NONE', #2078, #2502 ) ;
#2058 = VECTOR ( 'NONE', #4570, 1000.000000000000000 ) ;
#2059 = UNCERTAINTY_MEASURE_WITH_UNIT (LENGTH_MEASURE( 1.000000000000000082E-05 ), #3704, 'distance_accuracy_value', 'NONE');
#2060 = VERTEX_POINT ( 'NONE', #377 ) ;
#2061 = CARTESIAN_POINT ( 'NONE',  ( 0.05823999999999999316, 2.741759999999999753, -0.05823999999999999316 ) ) ;
#2062 = CARTESIAN_POINT ( 'NONE',  ( 1.633284197684115924, 2.741759999999999753, -1.159145611914445873 ) ) ;
#2063 = CARTESIAN_POINT ( 'NONE',  ( 0.8995110761645459529, 2.714579188555791500, -0.06679815734959197726 ) ) ;
#2064 = CARTESIAN_POINT ( 'NONE',  ( 1.811671948376557983, 2.746759999999999646, -1.812111339561971679 ) ) ;
#2065 = VECTOR ( 'NONE', #978, 1000.000000000000227 ) ;
#2066 = DIRECTION ( 'NONE',  ( 0.000000000000000000, 0.000000000000000000, 1.000000000000000000 ) ) ;
#2067 = EDGE_CURVE ( 'NONE', #2357, #3325, #1527, .T. ) ;
#2068 = EDGE_LOOP ( 'NONE', ( #3048, #3598, #2277, #3158, #1632, #1635 ) ) ;
#2069 = EDGE_CURVE ( 'NONE', #4551, #2882, #2508, .T. ) ;
#2070 = DIRECTION ( 'NONE',  ( -0.000000000000000000, 1.000000000000000000, 0.000000000000000000 ) ) ;
#2071 = SURFACE_STYLE_FILL_AREA ( #652 ) ;
#2072 = VERTEX_POINT ( 'NONE', #1178 ) ;
#2073 =( NAMED_UNIT ( * ) SI_UNIT ( $, .STERADIAN. ) SOLID_ANGLE_UNIT ( ) );
#2074 = FILL_AREA_STYLE ('',( #1404 ) ) ;
#2075 = LINE ( 'NONE', #4258, #2464 ) ;
#2076 = ORIENTED_EDGE ( 'NONE', *, *, #2865, .F. ) ;
#2077 = ORIENTED_EDGE ( 'NONE', *, *, #4145, .F. ) ;
#2078 = CARTESIAN_POINT ( 'NONE',  ( 1.521771045540717848, 2.746759999999999646, -1.624255184048812417 ) ) ;
#2079 = CARTESIAN_POINT ( 'NONE',  ( 2.600652693277696770, 2.732628671686633037, -2.715417980553090693 ) ) ;
#2080 = ORIENTED_EDGE ( 'NONE', *, *, #508, .F. ) ;
#2081 = CARTESIAN_POINT ( 'NONE',  ( 3.441759999999999931, 2.741759999999999753, -2.741759999999999753 ) ) ;
#2082 = DIRECTION ( 'NONE',  ( -0.8843386665637650301, 0.000000000000000000, -0.4668459304955137057 ) ) ;
#2083 = LINE ( 'NONE', #2064, #3107 ) ;
#2084 = ADVANCED_FACE ( 'NONE', ( #2596 ), #3692, .F. ) ;
#2085 = FACE_OUTER_BOUND ( 'NONE', #547, .T. ) ;
#2086 = CARTESIAN_POINT ( 'NONE',  ( 1.666495581945717674, 2.746759999999999646, -0.6534257646995780267 ) ) ;
#2087 = ORIENTED_EDGE ( 'NONE', *, *, #443, .F. ) ;
#2088 = DIRECTION ( 'NONE',  ( 0.000000000000000000, 0.000000000000000000, 1.000000000000000000 ) ) ;
#2089 = CARTESIAN_POINT ( 'NONE',  ( 0.9000000000000001332, 0.05824000000000020133, -0.1100196155029169037 ) ) ;
#2090 = CARTESIAN_POINT ( 'NONE',  ( 0.05824000000000020133, 2.741759999999999753, -0.05823999999999999316 ) ) ;
#2091 = SURFACE_STYLE_USAGE ( .BOTH. , #676 ) ;
#2092 = VECTOR ( 'NONE', #2600, 1000.000000000000227 ) ;
#2093 = DIRECTION ( 'NONE',  ( 0.000000000000000000, -3.606871066604838096E-15, 1.000000000000000000 ) ) ;
#2094 = SURFACE_STYLE_FILL_AREA ( #4548 ) ;
#2095 = VERTEX_POINT ( 'NONE', #2501 ) ;
#2096 = VECTOR ( 'NONE', #4503, 1000.000000000000000 ) ;
#2097 = CARTESIAN_POINT ( 'NONE',  ( 1.709380634530516696, 2.746759999999999646, -2.017938064331727954 ) ) ;
#2098 =( NAMED_UNIT ( * ) PLANE_ANGLE_UNIT ( ) SI_UNIT ( $, .RADIAN. ) );
#2099 = CIRCLE ( 'NONE', #761, 0.05823999999999999316 ) ;
#2100 = EDGE_LOOP ( 'NONE', ( #2351, #3442, #223, #3254 ) ) ;
#2101 = PRESENTATION_STYLE_ASSIGNMENT (( #4193 ) ) ;
#2102 = CIRCLE ( 'NONE', #2321, 0.05823999999999999316 ) ;
#2103 = DIRECTION ( 'NONE',  ( 0.000000000000000000, 0.000000000000000000, -1.000000000000000000 ) ) ;
#2104 = CARTESIAN_POINT ( 'NONE',  ( 3.500000000000000000, 2.799999999999999822, -0.05823999999999999316 ) ) ;
#2105 = DIRECTION ( 'NONE',  ( -0.000000000000000000, -1.000000000000000000, 0.000000000000000000 ) ) ;
#2106 =( GEOMETRIC_REPRESENTATION_CONTEXT ( 3 ) GLOBAL_UNCERTAINTY_ASSIGNED_CONTEXT ( ( #4047 ) ) GLOBAL_UNIT_ASSIGNED_CONTEXT ( ( #248, #274, #4638 ) ) REPRESENTATION_CONTEXT ( 'NONE', 'WORKASPACE' ) );
#2107 = VERTEX_POINT ( 'NONE', #3963 ) ;
#2108 = EDGE_CURVE ( 'NONE', #1571, #3673, #3262, .T. ) ;
#2109 = LINE ( 'NONE', #1350, #2183 ) ;
#2110 = STYLED_ITEM ( 'NONE', ( #371 ), #2372 ) ;
#2111 = DIRECTION ( 'NONE',  ( 0.000000000000000000, 0.000000000000000000, 1.000000000000000000 ) ) ;
#2112 = VECTOR ( 'NONE', #694, 1000.000000000000000 ) ;
#2113 = FILL_AREA_STYLE_COLOUR ( '', #303 ) ;
#2114 = FACE_OUTER_BOUND ( 'NONE', #2068, .T. ) ;
#2115 = CARTESIAN_POINT ( 'NONE',  ( 1.478369079381479878, 2.746759999999999646, -0.7101235493540221100 ) ) ;
#2116 = AXIS2_PLACEMENT_3D ( 'NONE', #498, #3305, #2545 ) ;
#2117 = DIRECTION ( 'NONE',  ( 0.000000000000000000, 0.000000000000000000, 1.000000000000000000 ) ) ;
#2118 = FILL_AREA_STYLE ('',( #722 ) ) ;
#2119 = CARTESIAN_POINT ( 'NONE',  ( 1.811686967656117364, 2.746759999999999646, -0.9316085170136499949 ) ) ;
#2120 = VECTOR ( 'NONE', #3403, 1000.000000000000114 ) ;
#2121 = EDGE_LOOP ( 'NONE', ( #1595, #1394, #3151, #648 ) ) ;
#2122 = DIRECTION ( 'NONE',  ( 0.000000000000000000, 0.000000000000000000, 1.000000000000000000 ) ) ;
#2123 =( LENGTH_UNIT ( ) NAMED_UNIT ( * ) SI_UNIT ( .MILLI., .METRE. ) );
#2124 = MECHANICAL_DESIGN_GEOMETRIC_PRESENTATION_REPRESENTATION (  '', ( #3104 ), #3877 ) ;
#2125 = EDGE_CURVE ( 'NONE', #4162, #281, #276, .T. ) ;
#2126 = ORIENTED_EDGE ( 'NONE', *, *, #599, .F. ) ;
#2127 = AXIS2_PLACEMENT_3D ( 'NONE', #2676, #881, #4075 ) ;
#2128 = LINE ( 'NONE', #236, #3691 ) ;
#2129 = DIRECTION ( 'NONE',  ( -0.2729786930695083380, 0.000000000000000000, 0.9620200793798762140 ) ) ;
#2130 =( LENGTH_UNIT ( ) NAMED_UNIT ( * ) SI_UNIT ( .MILLI., .METRE. ) );
#2131 = LINE ( 'NONE', #2104, #4414 ) ;
#2132 = STYLED_ITEM ( 'NONE', ( #69 ), #1413 ) ;
#2133 = FILL_AREA_STYLE_COLOUR ( '', #2695 ) ;
#2134 = ORIENTED_EDGE ( 'NONE', *, *, #4438, .T. ) ;
#2135 = CARTESIAN_POINT ( 'NONE',  ( 1.811671948376557983, 2.741759999999999753, -2.005877581997301817 ) ) ;
#2136 = CARTESIAN_POINT ( 'NONE',  ( 1.666495581945722559, 2.741759999999999753, -0.5311099949728128600 ) ) ;
#2137 = CARTESIAN_POINT ( 'NONE',  ( 3.500000000000000000, 0.05823999999999999316, -2.741759999999999753 ) ) ;
#2138 =( GEOMETRIC_REPRESENTATION_CONTEXT ( 3 ) GLOBAL_UNCERTAINTY_ASSIGNED_CONTEXT ( ( #1549 ) ) GLOBAL_UNIT_ASSIGNED_CONTEXT ( ( #4521, #604, #2560 ) ) REPRESENTATION_CONTEXT ( 'NONE', 'WORKASPACE' ) );
#2139 = CARTESIAN_POINT ( 'NONE',  ( 2.600044628120886436, 2.704563364018940153, -0.06183509406618895726 ) ) ;
#2140 = EDGE_CURVE ( 'NONE', #2286, #542, #21, .T. ) ;
#2141 = AXIS2_PLACEMENT_3D ( 'NONE', #3310, #1481, #3985 ) ;
#2142 = DIRECTION ( 'NONE',  ( 0.000000000000000000, 0.000000000000000000, -1.000000000000000000 ) ) ;
#2143 = LINE ( 'NONE', #2189, #4224 ) ;
#2144 = ORIENTED_EDGE ( 'NONE', *, *, #2733, .F. ) ;
#2145 = B_SPLINE_CURVE_WITH_KNOTS ( 'NONE', 3,
 ( #1693, #2696, #573, #1644, #2769, #3124, #217, #647, #4146, #3076 ),
 .UNSPECIFIED., .F., .F.,
 ( 4, 3, 3, 4 ),
 ( 0.000000000000000000, 1.833143621111725361E-05, 3.656618479249460174E-05, 4.558081643555662632E-05 ),
 .UNSPECIFIED. ) ;
#2146 = CARTESIAN_POINT ( 'NONE',  ( 1.890000000000006786, 2.741759999999999753, -2.103578002401880642 ) ) ;
#2147 = DIRECTION ( 'NONE',  ( -1.000000000000000000, 0.000000000000000000, -0.000000000000000000 ) ) ;
#2148 = UNCERTAINTY_MEASURE_WITH_UNIT (LENGTH_MEASURE( 1.000000000000000082E-05 ), #4249, 'distance_accuracy_value', 'NONE');
#2149 = ORIENTED_EDGE ( 'NONE', *, *, #3731, .T. ) ;
#2150 = LINE ( 'NONE', #1523, #1210 ) ;
#2151 = SURFACE_STYLE_USAGE ( .BOTH. , #355 ) ;
#2152 = EDGE_CURVE ( 'NONE', #507, #1750, #4508, .T. ) ;
#2153 = DIRECTION ( 'NONE',  ( 0.000000000000000000, 0.000000000000000000, -1.000000000000000000 ) ) ;
#2154 =( LENGTH_UNIT ( ) NAMED_UNIT ( * ) SI_UNIT ( .MILLI., .METRE. ) );
#2155 = VERTEX_POINT ( 'NONE', #1219 ) ;
#2156 = PRESENTATION_STYLE_ASSIGNMENT (( #1046 ) ) ;
#2157 = EDGE_CURVE ( 'NONE', #2412, #2899, #3571, .T. ) ;
#2158 = CARTESIAN_POINT ( 'NONE',  ( 2.658240000000000158, 2.741759999999999753, -2.741759999999999753 ) ) ;
#2159 = CARTESIAN_POINT ( 'NONE',  ( 1.633284197684115924, 2.746759999999999646, -0.9824688076061879327 ) ) ;
#2160 = ORIENTED_EDGE ( 'NONE', *, *, #3495, .F. ) ;
#2161 = EDGE_CURVE ( 'NONE', #3227, #1256, #50, .T. ) ;
#2162 = DIRECTION ( 'NONE',  ( 0.000000000000000000, 0.000000000000000000, 1.000000000000000000 ) ) ;
#2163 = CARTESIAN_POINT ( 'NONE',  ( 2.600348140811131081, 0.06459847777822277926, -0.09001860827637354900 ) ) ;
#2164 = ORIENTED_EDGE ( 'NONE', *, *, #1009, .F. ) ;
#2165 = EDGE_CURVE ( 'NONE', #4103, #3648, #1941, .T. ) ;
#2166 = VECTOR ( 'NONE', #2178, 1000.000000000000114 ) ;
#2167 = CARTESIAN_POINT ( 'NONE',  ( 1.478369079381479878, 2.746759999999999646, -1.214544228466160281 ) ) ;
#2168 = ORIENTED_EDGE ( 'NONE', *, *, #3835, .F. ) ;
#2169 =( NAMED_UNIT ( * ) SI_UNIT ( $, .STERADIAN. ) SOLID_ANGLE_UNIT ( ) );
#2170 = CARTESIAN_POINT ( 'NONE',  ( 0.05824000000000020133, 0.05823999999999999316, -0.05823999999999999316 ) ) ;
#2171 = CIRCLE ( 'NONE', #987, 0.05823999999999999316 ) ;
#2172 = MECHANICAL_DESIGN_GEOMETRIC_PRESENTATION_REPRESENTATION (  '', ( #1220 ), #1891 ) ;
#2173 = VECTOR ( 'NONE', #195, 1000.000000000000000 ) ;
#2174 = ORIENTED_EDGE ( 'NONE', *, *, #885, .T. ) ;
#2175 = FILL_AREA_STYLE ('',( #1193 ) ) ;
#2176 = CARTESIAN_POINT ( 'NONE',  ( 1.478369079381479878, 2.746759999999999646, -1.791051805255976292 ) ) ;
#2177 = PRESENTATION_LAYER_ASSIGNMENT (  '', '', ( #1068 ) ) ;
#2178 = DIRECTION ( 'NONE',  ( -0.9611638845408968512, 0.000000000000000000, -0.2759782365590690012 ) ) ;
#2179 = EDGE_CURVE ( 'NONE', #2007, #1857, #4116, .T. ) ;
#2180 = CARTESIAN_POINT ( 'NONE',  ( 1.890000000000006786, 2.746759999999999646, -1.235447311932450276 ) ) ;
#2181 = ORIENTED_EDGE ( 'NONE', *, *, #4219, .F. ) ;
#2182 = DIRECTION ( 'NONE',  ( 0.000000000000000000, 0.000000000000000000, 1.000000000000000000 ) ) ;
#2183 = VECTOR ( 'NONE', #1718, 1000.000000000000000 ) ;
#2184 = B_SPLINE_CURVE_WITH_KNOTS ( 'NONE', 3,
 ( #4142, #3868, #1431, #2818, #710, #2063, #2036, #3509, #2406, #286 ),
 .UNSPECIFIED., .F., .F.,
 ( 4, 3, 3, 4 ),
 ( 8.789574002357003329E-19, 1.938115349126053039E-05, 3.880233050466057814E-05, 4.563224590952840999E-05 ),
 .UNSPECIFIED. ) ;
#2185 = SURFACE_STYLE_USAGE ( .BOTH. , #1487 ) ;
#2186 = CLOSED_SHELL ( 'NONE', ( #3664, #3796, #3402, #2253, #1372, #474, #1366, #3699, #33, #806, #235, #3555, #2647, #930, #128, #4512, #4420, #431, #1554 ) ) ;
#2187 = PLANE ( 'NONE',  #1444 ) ;
#2188 = VECTOR ( 'NONE', #950, 1000.000000000000227 ) ;
#2189 = CARTESIAN_POINT ( 'NONE',  ( 1.478369079381479878, 2.741759999999999753, -2.096629082234276797 ) ) ;
#2190 = ADVANCED_FACE ( 'NONE', ( #4434 ), #4167, .F. ) ;
#2191 = ORIENTED_EDGE ( 'NONE', *, *, #3300, .T. ) ;
#2192 = VECTOR ( 'NONE', #3603, 1000.000000000000000 ) ;
#2193 = DIRECTION ( 'NONE',  ( 0.002813301676014988168, 0.000000000000000000, -0.9999960426590095430 ) ) ;
#2194 = FILL_AREA_STYLE ('',( #2852 ) ) ;
#2195 = VECTOR ( 'NONE', #679, 1000.000000000000000 ) ;
#2196 = UNCERTAINTY_MEASURE_WITH_UNIT (LENGTH_MEASURE( 1.000000000000000082E-05 ), #64, 'distance_accuracy_value', 'NONE');
#2197 = ORIENTED_EDGE ( 'NONE', *, *, #3640, .F. ) ;
#2198 = CARTESIAN_POINT ( 'NONE',  ( 1.890000000000006786, 2.741759999999999753, -0.6208239129099735187 ) ) ;
#2199 =( NAMED_UNIT ( * ) SI_UNIT ( $, .STERADIAN. ) SOLID_ANGLE_UNIT ( ) );
#2200 =( GEOMETRIC_REPRESENTATION_CONTEXT ( 3 ) GLOBAL_UNCERTAINTY_ASSIGNED_CONTEXT ( ( #2814 ) ) GLOBAL_UNIT_ASSIGNED_CONTEXT ( ( #2055, #1474, #4064 ) ) REPRESENTATION_CONTEXT ( 'NONE', 'WORKASPACE' ) );
#2201 = DIRECTION ( 'NONE',  ( -1.861610873086367935E-15, -1.000000000000000000, 0.000000000000000000 ) ) ;
#2202 = ORIENTED_EDGE ( 'NONE', *, *, #3928, .T. ) ;
#2203 = PLANE ( 'NONE',  #1585 ) ;
#2204 = STYLED_ITEM ( 'NONE', ( #143 ), #1417 ) ;
#2205 = CARTESIAN_POINT ( 'NONE',  ( 1.556720911532859519, 2.746759999999999646, -1.004747407186507457 ) ) ;
#2206 = CARTESIAN_POINT ( 'NONE',  ( 0.8996518591888639227, 0.06459847777822261272, -2.709981391723626398 ) ) ;
#2207 = VERTEX_POINT ( 'NONE', #3382 ) ;
#2208 = STYLED_ITEM ( 'NONE', ( #3138 ), #1488 ) ;
#2209 = FILL_AREA_STYLE_COLOUR ( '', #4012 ) ;
#2210 = FILL_AREA_STYLE ('',( #1858 ) ) ;
#2211 = EDGE_CURVE ( 'NONE', #3927, #678, #2355, .T. ) ;
#2212 = CARTESIAN_POINT ( 'NONE',  ( 0.8993473067222983452, 0.08458201944690785234, -0.06737132831336775651 ) ) ;
#2213 = CARTESIAN_POINT ( 'NONE',  ( 0.8999999999999948042, 0.05823999999999999316, 0.000000000000000000 ) ) ;
#2214 = CARTESIAN_POINT ( 'NONE',  ( 2.600000000000000089, 0.05823999999999999316, 0.000000000000000000 ) ) ;
#2215 = ORIENTED_EDGE ( 'NONE', *, *, #1267, .T. ) ;
#2216 = PRESENTATION_LAYER_ASSIGNMENT (  '', '', ( #3735 ) ) ;
#2217 = LINE ( 'NONE', #2538, #1607 ) ;
#2218 =( NAMED_UNIT ( * ) PLANE_ANGLE_UNIT ( ) SI_UNIT ( $, .RADIAN. ) );
#2219 = EDGE_CURVE ( 'NONE', #2480, #1508, #2006, .T. ) ;
#2220 = ORIENTED_EDGE ( 'NONE', *, *, #3874, .T. ) ;
#2221 = PLANE ( 'NONE',  #787 ) ;
#2222 = CARTESIAN_POINT ( 'NONE',  ( 0.9000000000000002442, 2.741759999999999753, -0.05824000000000020133 ) ) ;
#2223 =( NAMED_UNIT ( * ) SI_UNIT ( $, .STERADIAN. ) SOLID_ANGLE_UNIT ( ) );
#2224 = ORIENTED_EDGE ( 'NONE', *, *, #1108, .F. ) ;
#2225 = SURFACE_SIDE_STYLE ('',( #2983 ) ) ;
#2226 = EDGE_CURVE ( 'NONE', #4392, #2777, #3817, .T. ) ;
#2227 = CARTESIAN_POINT ( 'NONE',  ( 1.653904418361210604, 2.746759999999999646, -0.5351839751692804015 ) ) ;
#2228 = DIRECTION ( 'NONE',  ( 0.000000000000000000, 0.000000000000000000, -1.000000000000000000 ) ) ;
#2229 = LINE ( 'NONE', #832, #2419 ) ;
#2230 = ADVANCED_FACE ( 'NONE', ( #232 ), #3070, .F. ) ;
#2231 = EDGE_LOOP ( 'NONE', ( #123, #1030, #1548, #1096 ) ) ;
#2232 = CARTESIAN_POINT ( 'NONE',  ( 0.9000000000000002442, 0.000000000000000000, -2.741759999999999753 ) ) ;
#2233 = DIRECTION ( 'NONE',  ( -0.000000000000000000, -1.000000000000000000, -0.000000000000000000 ) ) ;
#2234 = DIRECTION ( 'NONE',  ( -0.000000000000000000, -1.000000000000000000, 0.000000000000000000 ) ) ;
#2235 = EDGE_CURVE ( 'NONE', #1645, #4593, #2981, .T. ) ;
#2236 = EDGE_LOOP ( 'NONE', ( #1239, #2668, #1150, #4665 ) ) ;
#2237 = CARTESIAN_POINT ( 'NONE',  ( 2.658240000000000158, 0.05823999999999999316, -0.05823999999999999316 ) ) ;
#2238 = DIRECTION ( 'NONE',  ( -0.2746459304917006072, 0.000000000000000000, 0.9615454294334448981 ) ) ;
#2239 = SURFACE_STYLE_FILL_AREA ( #2452 ) ;
#2240 = EDGE_CURVE ( 'NONE', #947, #3391, #4527, .T. ) ;
#2241 = UNCERTAINTY_MEASURE_WITH_UNIT (LENGTH_MEASURE( 1.000000000000000082E-05 ), #4496, 'distance_accuracy_value', 'NONE');
#2242 = ORIENTED_EDGE ( 'NONE', *, *, #3819, .F. ) ;
#2243 = CARTESIAN_POINT ( 'NONE',  ( 2.600016022061364396, 0.1013751459743420097, -2.740095827725957722 ) ) ;
#2244 = CARTESIAN_POINT ( 'NONE',  ( 1.478369079381479878, 2.746759999999999646, -1.741460643546117293 ) ) ;
#2245 = ADVANCED_BREP_SHAPE_REPRESENTATION ( 'CCS_CCSTD_1210_L3.5W2.8T2.8B0.5', ( #4092, #4125, #883, #2510, #1969 ), #3 ) ;
#2246 = EDGE_CURVE ( 'NONE', #809, #204, #2646, .T. ) ;
#2247 = ORIENTED_EDGE ( 'NONE', *, *, #2506, .T. ) ;
#2248 = VECTOR ( 'NONE', #3273, 1000.000000000000114 ) ;
#2249 = CARTESIAN_POINT ( 'NONE',  ( 3.500000000000000000, 0.000000000000000000, -2.799999999999999822 ) ) ;
#2250 = FACE_OUTER_BOUND ( 'NONE', #3376, .T. ) ;
#2251 = VECTOR ( 'NONE', #1120, 1000.000000000000000 ) ;
#2252 = FACE_OUTER_BOUND ( 'NONE', #4052, .T. ) ;
#2253 = ADVANCED_FACE ( 'NONE', ( #2721 ), #588, .F. ) ;
#2254 = ORIENTED_EDGE ( 'NONE', *, *, #3660, .T. ) ;
#2255 = CARTESIAN_POINT ( 'NONE',  ( 1.709380634529654497, 2.746759999999999646, -0.9607584374758031398 ) ) ;
#2256 = DIRECTION ( 'NONE',  ( 0.9615323037684311291, 0.000000000000000000, 0.2746918797667186607 ) ) ;
#2257 = VECTOR ( 'NONE', #3108, 1000.000000000000000 ) ;
#2258 =( NAMED_UNIT ( * ) PLANE_ANGLE_UNIT ( ) SI_UNIT ( $, .RADIAN. ) );
#2259 = CARTESIAN_POINT ( 'NONE',  ( 1.633297965358701642, 2.741759999999999753, -1.863024197635491763 ) ) ;
#2260 =( GEOMETRIC_REPRESENTATION_CONTEXT ( 3 ) GLOBAL_UNCERTAINTY_ASSIGNED_CONTEXT ( ( #3813 ) ) GLOBAL_UNIT_ASSIGNED_CONTEXT ( ( #2534, #78, #764 ) ) REPRESENTATION_CONTEXT ( 'NONE', 'WORKASPACE' ) );
#2261 = ORIENTED_EDGE ( 'NONE', *, *, #212, .F. ) ;
#2262 = DIRECTION ( 'NONE',  ( 0.000000000000000000, -0.000000000000000000, -1.000000000000000000 ) ) ;
#2263 = PRESENTATION_LAYER_ASSIGNMENT (  '', '', ( #1220 ) ) ;
#2264 =( NAMED_UNIT ( * ) PLANE_ANGLE_UNIT ( ) SI_UNIT ( $, .RADIAN. ) );
#2265 = AXIS2_PLACEMENT_3D ( 'NONE', #1018, #3166, #3867 ) ;
#2266 = ORIENTED_EDGE ( 'NONE', *, *, #1142, .F. ) ;
#2267 = EDGE_LOOP ( 'NONE', ( #724, #2224, #1163, #2396 ) ) ;
#2268 = EDGE_CURVE ( 'NONE', #4034, #2835, #2746, .T. ) ;
#2269 = PRESENTATION_LAYER_ASSIGNMENT (  '', '', ( #1304 ) ) ;
#2270 = DIRECTION ( 'NONE',  ( 0.000000000000000000, 0.000000000000000000, 1.000000000000000000 ) ) ;
#2271 = VERTEX_POINT ( 'NONE', #898 ) ;
#2272 = COLOUR_RGB ( '',0.7686274509803920907, 0.7686274509803920907, 0.7686274509803920907 ) ;
#2273 = CARTESIAN_POINT ( 'NONE',  ( 3.441759999999999931, 2.799999999999999822, 0.000000000000000000 ) ) ;
#2274 =( GEOMETRIC_REPRESENTATION_CONTEXT ( 3 ) GLOBAL_UNCERTAINTY_ASSIGNED_CONTEXT ( ( #4669 ) ) GLOBAL_UNIT_ASSIGNED_CONTEXT ( ( #2337, #3724, #1643 ) ) REPRESENTATION_CONTEXT ( 'NONE', 'WORKASPACE' ) );
#2275 =( NAMED_UNIT ( * ) PLANE_ANGLE_UNIT ( ) SI_UNIT ( $, .RADIAN. ) );
#2276 = CARTESIAN_POINT ( 'NONE',  ( 0.9000000000000001332, 2.741759999999999753, -2.683520000000000127 ) ) ;
#2277 = ORIENTED_EDGE ( 'NONE', *, *, #4485, .F. ) ;
#2278 = LINE ( 'NONE', #3992, #1292 ) ;
#2279 = PLANE ( 'NONE',  #2640 ) ;
#2280 = CARTESIAN_POINT ( 'NONE',  ( 1.478369079381479878, 2.741759999999999753, -1.430900981354680468 ) ) ;
#2281 = ORIENTED_EDGE ( 'NONE', *, *, #3584, .F. ) ;
#2282 = AXIS2_PLACEMENT_3D ( 'NONE', #2748, #2233, #4419 ) ;
#2283 = DIRECTION ( 'NONE',  ( 0.000000000000000000, 0.000000000000000000, 1.000000000000000000 ) ) ;
#2284 = ORIENTED_EDGE ( 'NONE', *, *, #1797, .T. ) ;
#2285 = UNCERTAINTY_MEASURE_WITH_UNIT (LENGTH_MEASURE( 1.000000000000000082E-05 ), #1186, 'distance_accuracy_value', 'NONE');
#2286 = VERTEX_POINT ( 'NONE', #1620 ) ;
#2287 = CARTESIAN_POINT ( 'NONE',  ( -0.8724128072525134669, 2.746759999999998758, 0.006335664914779973525 ) ) ;
#2288 = DIRECTION ( 'NONE',  ( 0.000000000000000000, 0.000000000000000000, 1.000000000000000000 ) ) ;
#2289 =( GEOMETRIC_REPRESENTATION_CONTEXT ( 3 ) GLOBAL_UNCERTAINTY_ASSIGNED_CONTEXT ( ( #3667 ) ) GLOBAL_UNIT_ASSIGNED_CONTEXT ( ( #1340, #4190, #2428 ) ) REPRESENTATION_CONTEXT ( 'NONE', 'WORKASPACE' ) );
#2290 = DIRECTION ( 'NONE',  ( 0.9610674221107078363, 0.000000000000000000, 0.2763139702539095244 ) ) ;
#2291 = ORIENTED_EDGE ( 'NONE', *, *, #1078, .T. ) ;
#2292 = DIRECTION ( 'NONE',  ( -0.002813301676014988602, 0.000000000000000000, 0.9999960426590096541 ) ) ;
#2293 = SURFACE_STYLE_USAGE ( .BOTH. , #1623 ) ;
#2294 =( NAMED_UNIT ( * ) SI_UNIT ( $, .STERADIAN. ) SOLID_ANGLE_UNIT ( ) );
#2295 = VERTEX_POINT ( 'NONE', #3053 ) ;
#2296 = EDGE_CURVE ( 'NONE', #2430, #2777, #3891, .T. ) ;
#2297 = SURFACE_SIDE_STYLE ('',( #3775 ) ) ;
#2298 = CARTESIAN_POINT ( 'NONE',  ( 0.8417599999999948457, 0.05823999999999999316, -2.799999999999999822 ) ) ;
#2299 = CYLINDRICAL_SURFACE ( 'NONE', #3837, 0.05823999999999999316 ) ;
#2300 = ORIENTED_EDGE ( 'NONE', *, *, #919, .T. ) ;
#2301 = DIRECTION ( 'NONE',  ( 1.000000000000000000, 0.000000000000000000, 0.000000000000000000 ) ) ;
#2302 =( NAMED_UNIT ( * ) SI_UNIT ( $, .STERADIAN. ) SOLID_ANGLE_UNIT ( ) );
#2303 = ORIENTED_EDGE ( 'NONE', *, *, #340, .T. ) ;
#2304 = EDGE_LOOP ( 'NONE', ( #4620, #4574, #1281 ) ) ;
#2305 = DIRECTION ( 'NONE',  ( -0.000000000000000000, -1.000000000000000000, -0.000000000000000000 ) ) ;
#2306 = EDGE_CURVE ( 'NONE', #1273, #4280, #2834, .T. ) ;
#2307 = ORIENTED_EDGE ( 'NONE', *, *, #1221, .T. ) ;
#2308 = LINE ( 'NONE', #4531, #2188 ) ;
#2309 = CARTESIAN_POINT ( 'NONE',  ( 0.8417600000000000637, 2.741759999999999753, -0.05823999999999999316 ) ) ;
#2310 = AXIS2_PLACEMENT_3D ( 'NONE', #2137, #28, #2531 ) ;
#2311 =( BOUNDED_CURVE ( )  B_SPLINE_CURVE ( 3, ( #4100, #3482, #643, #356 ),
 .UNSPECIFIED., .F., .T. ) 
 B_SPLINE_CURVE_WITH_KNOTS ( ( 4, 4 ),
 ( 1.570796326794898334, 1.868047688116104332 ),
 .UNSPECIFIED. ) 
 CURVE ( )  GEOMETRIC_REPRESENTATION_ITEM ( )  RATIONAL_B_SPLINE_CURVE ( ( 1.000000000000000000, 0.9926503465430338569, 0.9926503465430338569, 1.000000000000000000 ) ) 
 REPRESENTATION_ITEM ( '' )  );
#2312 = EDGE_CURVE ( 'NONE', #4162, #439, #1056, .T. ) ;
#2313 = CYLINDRICAL_SURFACE ( 'NONE', #983, 0.05824000000000020133 ) ;
#2314 =( GEOMETRIC_REPRESENTATION_CONTEXT ( 3 ) GLOBAL_UNCERTAINTY_ASSIGNED_CONTEXT ( ( #1212 ) ) GLOBAL_UNIT_ASSIGNED_CONTEXT ( ( #480, #2275, #2294 ) ) REPRESENTATION_CONTEXT ( 'NONE', 'WORKASPACE' ) );
#2315 = EDGE_LOOP ( 'NONE', ( #902, #958, #558, #3579 ) ) ;
#2316 = DIRECTION ( 'NONE',  ( -3.606871066604838096E-15, 0.000000000000000000, 1.000000000000000000 ) ) ;
#2317 = EDGE_CURVE ( 'NONE', #1169, #1645, #1387, .T. ) ;
#2318 = DIRECTION ( 'NONE',  ( 0.000000000000000000, 0.000000000000000000, 1.000000000000000000 ) ) ;
#2319 = LINE ( 'NONE', #3780, #2030 ) ;
#2320 = ORIENTED_EDGE ( 'NONE', *, *, #4124, .T. ) ;
#2321 = AXIS2_PLACEMENT_3D ( 'NONE', #2008, #1268, #3443 ) ;
#2322 = LINE ( 'NONE', #1956, #4633 ) ;
#2323 = ADVANCED_FACE ( 'NONE', ( #3863 ), #3931, .T. ) ;
#2324 = LINE ( 'NONE', #3784, #4616 ) ;
#2325 = ORIENTED_EDGE ( 'NONE', *, *, #302, .T. ) ;
#2326 = UNCERTAINTY_MEASURE_WITH_UNIT (LENGTH_MEASURE( 1.000000000000000082E-05 ), #437, 'distance_accuracy_value', 'NONE');
#2327 = VERTEX_POINT ( 'NONE', #2467 ) ;
#2328 = CARTESIAN_POINT ( 'NONE',  ( 3.500000000000000000, 2.741759999999999753, -0.05823999999999999316 ) ) ;
#2329 = VECTOR ( 'NONE', #3014, 1000.000000000000000 ) ;
#2330 = DIRECTION ( 'NONE',  ( -0.000000000000000000, -1.000000000000000000, 0.000000000000000000 ) ) ;
#2331 = CARTESIAN_POINT ( 'NONE',  ( 2.602554106022254121, 0.07529810106369545786, -2.724701898936304101 ) ) ;
#2332 = AXIS2_PLACEMENT_3D ( 'NONE', #2090, #2828, #275 ) ;
#2333 = ORIENTED_EDGE ( 'NONE', *, *, #1321, .T. ) ;
#2334 = CARTESIAN_POINT ( 'NONE',  ( 1.478369079381479878, 2.746759999999999646, -1.255601935242362188 ) ) ;
#2335 = DIRECTION ( 'NONE',  ( -0.9601763114346046901, 0.000000000000000000, -0.2793947940814874298 ) ) ;
#2336 = VECTOR ( 'NONE', #3730, 1000.000000000000000 ) ;
#2337 =( LENGTH_UNIT ( ) NAMED_UNIT ( * ) SI_UNIT ( .MILLI., .METRE. ) );
#2338 = CARTESIAN_POINT ( 'NONE',  ( 0.8417600000000001748, 2.799999999999999822, -0.05824000000000020133 ) ) ;
#2339 = STYLED_ITEM ( 'NONE', ( #2931 ), #313 ) ;
#2340 = ORIENTED_EDGE ( 'NONE', *, *, #1752, .F. ) ;
#2341 = DIRECTION ( 'NONE',  ( 1.000000000000000000, 0.000000000000000000, 3.606871066604838096E-15 ) ) ;
#2342 = PRESENTATION_LAYER_ASSIGNMENT (  '', '', ( #3033 ) ) ;
#2343 = DIRECTION ( 'NONE',  ( 0.000000000000000000, 0.000000000000000000, 1.000000000000000000 ) ) ;
#2344 = PRESENTATION_LAYER_ASSIGNMENT (  '', '', ( #192 ) ) ;
#2345 = DIRECTION ( 'NONE',  ( 0.000000000000000000, 0.000000000000000000, -1.000000000000000000 ) ) ;
#2346 = ORIENTED_EDGE ( 'NONE', *, *, #3162, .F. ) ;
#2347 = CARTESIAN_POINT ( 'NONE',  ( 0.05824000000000020133, 2.799999999999999822, -2.799999999999999822 ) ) ;
#2348 = DIRECTION ( 'NONE',  ( 1.000000000000000000, 0.000000000000000000, 0.000000000000000000 ) ) ;
#2349 = VECTOR ( 'NONE', #2201, 1000.000000000000000 ) ;
#2350 =( LENGTH_UNIT ( ) NAMED_UNIT ( * ) SI_UNIT ( .MILLI., .METRE. ) );
#2351 = ORIENTED_EDGE ( 'NONE', *, *, #538, .T. ) ;
#2352 = STYLED_ITEM ( 'NONE', ( #1983 ), #1699 ) ;
#2353 =( NAMED_UNIT ( * ) SI_UNIT ( $, .STERADIAN. ) SOLID_ANGLE_UNIT ( ) );
#2354 = CARTESIAN_POINT ( 'NONE',  ( 2.600000000000000089, 2.683519999999998795, -2.741759999999999753 ) ) ;
#2355 = LINE ( 'NONE', #3440, #1177 ) ;
#2356 = ADVANCED_FACE ( 'NONE', ( #705 ), #3301, .T. ) ;
#2357 = VERTEX_POINT ( 'NONE', #662 ) ;
#2358 = DIRECTION ( 'NONE',  ( -0.000000000000000000, -1.000000000000000000, 0.000000000000000000 ) ) ;
#2359 = EDGE_CURVE ( 'NONE', #2357, #1222, #1123, .T. ) ;
#2360 = FACE_OUTER_BOUND ( 'NONE', #1550, .T. ) ;
#2361 = LINE ( 'NONE', #2745, #177 ) ;
#2362 = STYLED_ITEM ( 'NONE', ( #4632 ), #2014 ) ;
#2363 = CARTESIAN_POINT ( 'NONE',  ( 2.602554106022254121, 2.724701898936304101, -0.07529810106369565215 ) ) ;
#2364 = DIRECTION ( 'NONE',  ( -1.000000000000000000, 0.000000000000000000, 0.000000000000000000 ) ) ;
#2365 = ORIENTED_EDGE ( 'NONE', *, *, #1154, .T. ) ;
#2366 = ADVANCED_FACE ( 'NONE', ( #44 ), #14, .F. ) ;
#2367 = LINE ( 'NONE', #1646, #2946 ) ;
#2368 = CARTESIAN_POINT ( 'NONE',  ( 1.478369079381479878, 2.746759999999999646, -0.9104450990217833883 ) ) ;
#2369 = DIRECTION ( 'NONE',  ( 0.000000000000000000, 0.000000000000000000, 1.000000000000000000 ) ) ;
#2370 = ORIENTED_EDGE ( 'NONE', *, *, #3082, .T. ) ;
#2371 = CARTESIAN_POINT ( 'NONE',  ( 3.500000000000000000, 2.799999999999999822, -0.05823999999999999316 ) ) ;
#2372 = ADVANCED_FACE ( 'NONE', ( #1519 ), #1778, .T. ) ;
#2373 = ORIENTED_EDGE ( 'NONE', *, *, #1190, .F. ) ;
#2374 = EDGE_LOOP ( 'NONE', ( #2528, #1240, #798 ) ) ;
#2375 = DIRECTION ( 'NONE',  ( 0.000000000000000000, 1.000000000000000000, 0.000000000000000000 ) ) ;
#2376 = LINE ( 'NONE', #4209, #1171 ) ;
#2377 = ADVANCED_FACE ( 'NONE', ( #2954 ), #1796, .F. ) ;
#2378 = EDGE_LOOP ( 'NONE', ( #2789, #3414, #3546, #1144 ) ) ;
#2379 = LINE ( 'NONE', #3935, #3471 ) ;
#2380 = CARTESIAN_POINT ( 'NONE',  ( 2.602554106022254121, 2.724701898936304101, -2.724701898936304101 ) ) ;
#2381 = DIRECTION ( 'NONE',  ( 0.000000000000000000, 0.000000000000000000, -1.000000000000000000 ) ) ;
#2382 =( LENGTH_UNIT ( ) NAMED_UNIT ( * ) SI_UNIT ( .MILLI., .METRE. ) );
#2383 = ADVANCED_FACE ( 'NONE', ( #2494 ), #3955, .F. ) ;
#2384 = ORIENTED_EDGE ( 'NONE', *, *, #2152, .F. ) ;
#2385 = VECTOR ( 'NONE', #110, 1000.000000000000000 ) ;
#2386 = SURFACE_SIDE_STYLE ('',( #3849 ) ) ;
#2387 = CARTESIAN_POINT ( 'NONE',  ( 0.9000000000000001332, 0.05824000000000020133, -2.741759999999999753 ) ) ;
#2388 = PRESENTATION_LAYER_ASSIGNMENT (  '', '', ( #4607 ) ) ;
#2389 = CARTESIAN_POINT ( 'NONE',  ( 1.557847357579664971, 2.741759999999999753, -2.199075594982799142 ) ) ;
#2390 = VERTEX_POINT ( 'NONE', #465 ) ;
#2391 = AXIS2_PLACEMENT_3D ( 'NONE', #3406, #3065, #1937 ) ;
#2392 = DIRECTION ( 'NONE',  ( 0.9610853065513847993, 0.000000000000000000, 0.2762517575166369976 ) ) ;
#2393 = DIRECTION ( 'NONE',  ( -0.2740217765953968376, 0.000000000000000000, 0.9617234872620624708 ) ) ;
#2394 = AXIS2_PLACEMENT_3D ( 'NONE', #4170, #526, #3795 ) ;
#2395 = PRESENTATION_LAYER_ASSIGNMENT (  '', '', ( #544 ) ) ;
#2396 = ORIENTED_EDGE ( 'NONE', *, *, #1148, .T. ) ;
#2397 = ORIENTED_EDGE ( 'NONE', *, *, #4316, .T. ) ;
#2398 = CARTESIAN_POINT ( 'NONE',  ( 0.8417599999999947347, 4.948608487273116146E-15, -2.741759999999999753 ) ) ;
#2399 = EDGE_CURVE ( 'NONE', #1576, #3905, #1545, .T. ) ;
#2400 = FILL_AREA_STYLE ('',( #3116 ) ) ;
#2401 = PRESENTATION_LAYER_ASSIGNMENT (  '', '', ( #3160 ) ) ;
#2402 = CARTESIAN_POINT ( 'NONE',  ( 2.599999999999907274, 2.741760000000005082, -2.686559285007560138 ) ) ;
#2403 = ORIENTED_EDGE ( 'NONE', *, *, #1957, .T. ) ;
#2404 =( LENGTH_UNIT ( ) NAMED_UNIT ( * ) SI_UNIT ( .MILLI., .METRE. ) );
#2405 = DIRECTION ( 'NONE',  ( 0.9620200793798762140, 0.000000000000000000, 0.2729786930695083380 ) ) ;
#2406 = CARTESIAN_POINT ( 'NONE',  ( 0.8979341417746432574, 2.723108021931857969, -0.07370422405897779361 ) ) ;
#2407 = EDGE_CURVE ( 'NONE', #4505, #4392, #3739, .T. ) ;
#2408 = FILL_AREA_STYLE ('',( #1042 ) ) ;
#2409 = SURFACE_STYLE_USAGE ( .BOTH. , #288 ) ;
#2410 = VECTOR ( 'NONE', #2472, 1000.000000000000000 ) ;
#2411 = DIRECTION ( 'NONE',  ( 0.000000000000000000, 0.000000000000000000, -1.000000000000000000 ) ) ;
#2412 = VERTEX_POINT ( 'NONE', #2638 ) ;
#2413 = VECTOR ( 'NONE', #423, 1000.000000000000114 ) ;
#2414 = FACE_OUTER_BOUND ( 'NONE', #2033, .T. ) ;
#2415 = DIRECTION ( 'NONE',  ( 1.000000000000000000, 0.000000000000000000, 0.000000000000000000 ) ) ;
#2416 = CARTESIAN_POINT ( 'NONE',  ( 0.8974458939777407718, 0.07529810106369499989, -0.07529810106369633216 ) ) ;
#2417 = DIRECTION ( 'NONE',  ( -0.9612934544747571142, 0.000000000000000000, -0.2755265765475047868 ) ) ;
#2418 = EDGE_LOOP ( 'NONE', ( #1360, #2144, #4057, #3788 ) ) ;
#2419 = VECTOR ( 'NONE', #813, 1000.000000000000000 ) ;
#2420 = SPHERICAL_SURFACE ( 'NONE', #3394, 0.05823999999999999316 ) ;
#2421 = VECTOR ( 'NONE', #2505, 1000.000000000000000 ) ;
#2422 = CARTESIAN_POINT ( 'NONE',  ( 1.666495581945717674, 2.746759999999999646, -0.6534257646995780267 ) ) ;
#2423 = VERTEX_POINT ( 'NONE', #4522 ) ;
#2424 = VERTEX_POINT ( 'NONE', #843 ) ;
#2425 = CARTESIAN_POINT ( 'NONE',  ( 1.556720911532859519, 2.741759999999999753, -1.192290661020161346 ) ) ;
#2426 = VECTOR ( 'NONE', #993, 1000.000000000000114 ) ;
#2427 = CARTESIAN_POINT ( 'NONE',  ( 1.478369079381479878, 2.746759999999999646, -1.560922121378591987 ) ) ;
#2428 =( NAMED_UNIT ( * ) SI_UNIT ( $, .STERADIAN. ) SOLID_ANGLE_UNIT ( ) );
#2429 = VECTOR ( 'NONE', #587, 1000.000000000000114 ) ;
#2430 = VERTEX_POINT ( 'NONE', #2708 ) ;
#2431 = CARTESIAN_POINT ( 'NONE',  ( 1.709380634530516696, 2.746759999999999646, -1.841313827505607126 ) ) ;
#2432 = CARTESIAN_POINT ( 'NONE',  ( 1.557847357580686820, 2.741759999999999753, -2.316306086614288606 ) ) ;
#2433 = STYLED_ITEM ( 'NONE', ( #1403 ), #1845 ) ;
#2434 = CARTESIAN_POINT ( 'NONE',  ( 1.890000000000006786, 2.746759999999999646, -0.6208239129099735187 ) ) ;
#2435 = ORIENTED_EDGE ( 'NONE', *, *, #1091, .T. ) ;
#2436 = VECTOR ( 'NONE', #545, 1000.000000000000000 ) ;
#2437 = CARTESIAN_POINT ( 'NONE',  ( 2.600000000000000089, 2.741759999999999753, -2.683520000000000127 ) ) ;
#2438 = CARTESIAN_POINT ( 'NONE',  ( 0.8417600000000000637, 2.741759999999999753, -2.799999999999999822 ) ) ;
#2439 = SURFACE_STYLE_USAGE ( .BOTH. , #1378 ) ;
#2440 = CARTESIAN_POINT ( 'NONE',  ( 2.600004373536457969, 2.692609876274625336, -0.05895372992004434959 ) ) ;
#2441 = VERTEX_POINT ( 'NONE', #2684 ) ;
#2442 = DIRECTION ( 'NONE',  ( 0.000000000000000000, 0.000000000000000000, 1.000000000000000000 ) ) ;
#2443 = CARTESIAN_POINT ( 'NONE',  ( 1.890000000000006786, 2.741759999999999753, -1.983651549899683841 ) ) ;
#2444 = EDGE_CURVE ( 'NONE', #3209, #462, #4131, .T. ) ;
#2445 = ORIENTED_EDGE ( 'NONE', *, *, #2479, .T. ) ;
#2446 = CARTESIAN_POINT ( 'NONE',  ( 1.890000000000006786, 2.746759999999999646, -0.7919942905095858077 ) ) ;
#2447 = SURFACE_STYLE_USAGE ( .BOTH. , #2029 ) ;
#2448 = FILL_AREA_STYLE ('',( #3577 ) ) ;
#2449 = ORIENTED_EDGE ( 'NONE', *, *, #743, .F. ) ;
#2450 = CYLINDRICAL_SURFACE ( 'NONE', #3938, 0.05823999999999999316 ) ;
#2451 = DIRECTION ( 'NONE',  ( 1.000000000000000000, -0.000000000000000000, 0.000000000000000000 ) ) ;
#2452 = FILL_AREA_STYLE ('',( #2133 ) ) ;
#2453 = EDGE_LOOP ( 'NONE', ( #3886, #4063, #3303, #3084 ) ) ;
#2454 = LINE ( 'NONE', #3967, #3698 ) ;
#2455 = SURFACE_STYLE_FILL_AREA ( #1787 ) ;
#2456 = CARTESIAN_POINT ( 'NONE',  ( 1.478369079381479878, 2.746759999999999646, -0.7101235493540221100 ) ) ;
#2457 = AXIS2_PLACEMENT_3D ( 'NONE', #3641, #2920, #700 ) ;
#2458 = CARTESIAN_POINT ( 'NONE',  ( 2.658240000000000158, 0.05823999999999999316, 0.000000000000000000 ) ) ;
#2459 = ORIENTED_EDGE ( 'NONE', *, *, #1494, .F. ) ;
#2460 = EDGE_CURVE ( 'NONE', #4103, #3227, #3087, .T. ) ;
#2461 = COLOUR_RGB ( '',0.7686274509803920907, 0.7686274509803920907, 0.7686274509803920907 ) ;
#2462 =( NAMED_UNIT ( * ) PLANE_ANGLE_UNIT ( ) SI_UNIT ( $, .RADIAN. ) );
#2463 = ORIENTED_EDGE ( 'NONE', *, *, #3205, .F. ) ;
#2464 = VECTOR ( 'NONE', #1034, 1000.000000000000000 ) ;
#2465 = CARTESIAN_POINT ( 'NONE',  ( 1.890000000000006786, 2.746759999999999646, -1.235447311932450276 ) ) ;
#2466 = PLANE ( 'NONE',  #1241 ) ;
#2467 = CARTESIAN_POINT ( 'NONE',  ( 2.658240000000000158, 0.05823999999999999316, 0.000000000000000000 ) ) ;
#2468 = VECTOR ( 'NONE', #4099, 1000.000000000000000 ) ;
#2469 = UNCERTAINTY_MEASURE_WITH_UNIT (LENGTH_MEASURE( 1.000000000000000082E-05 ), #142, 'distance_accuracy_value', 'NONE');
#2470 = ORIENTED_EDGE ( 'NONE', *, *, #4343, .F. ) ;
#2471 = FACE_OUTER_BOUND ( 'NONE', #176, .T. ) ;
#2472 = DIRECTION ( 'NONE',  ( -0.000000000000000000, 1.000000000000000000, -0.000000000000000000 ) ) ;
#2473 = AXIS2_PLACEMENT_3D ( 'NONE', #4518, #471, #4126 ) ;
#2474 = CARTESIAN_POINT ( 'NONE',  ( 1.478369079381479878, 2.746759999999999646, -2.451850088074075895 ) ) ;
#2475 = FILL_AREA_STYLE_COLOUR ( '', #955 ) ;
#2476 = DIRECTION ( 'NONE',  ( 0.000000000000000000, 0.000000000000000000, 1.000000000000000000 ) ) ;
#2477 =( GEOMETRIC_REPRESENTATION_CONTEXT ( 3 ) GLOBAL_UNCERTAINTY_ASSIGNED_CONTEXT ( ( #4133 ) ) GLOBAL_UNIT_ASSIGNED_CONTEXT ( ( #3111, #3132, #4571 ) ) REPRESENTATION_CONTEXT ( 'NONE', 'WORKASPACE' ) );
#2478 = PRESENTATION_LAYER_ASSIGNMENT (  '', '', ( #1886 ) ) ;
#2479 = EDGE_CURVE ( 'NONE', #920, #4519, #3021, .T. ) ;
#2480 = VERTEX_POINT ( 'NONE', #2977 ) ;
#2481 = CARTESIAN_POINT ( 'NONE',  ( 1.811686967656117364, 2.746759999999999646, -1.159793944193151738 ) ) ;
#2482 = VECTOR ( 'NONE', #2082, 1000.000000000000000 ) ;
#2483 = PRESENTATION_STYLE_ASSIGNMENT (( #406 ) ) ;
#2484 = EDGE_CURVE ( 'NONE', #1459, #4304, #2324, .T. ) ;
#2485 =( NAMED_UNIT ( * ) SI_UNIT ( $, .STERADIAN. ) SOLID_ANGLE_UNIT ( ) );
#2486 = VECTOR ( 'NONE', #1011, 1000.000000000000000 ) ;
#2487 = DIRECTION ( 'NONE',  ( 0.000000000000000000, -0.000000000000000000, -1.000000000000000000 ) ) ;
#2488 =( NAMED_UNIT ( * ) PLANE_ANGLE_UNIT ( ) SI_UNIT ( $, .RADIAN. ) );
#2489 = CARTESIAN_POINT ( 'NONE',  ( 2.600044628120886436, 0.06183509406618891563, -0.09543663598106047474 ) ) ;
#2490 = ORIENTED_EDGE ( 'NONE', *, *, #3082, .F. ) ;
#2491 = SURFACE_STYLE_USAGE ( .BOTH. , #703 ) ;
#2492 =( BOUNDED_CURVE ( )  B_SPLINE_CURVE ( 3, ( #2387, #577, #3128, #1305 ),
 .UNSPECIFIED., .F., .T. ) 
 B_SPLINE_CURVE_WITH_KNOTS ( ( 4, 4 ),
 ( 1.570796326794899445, 1.868047688116102778 ),
 .UNSPECIFIED. ) 
 CURVE ( )  GEOMETRIC_REPRESENTATION_ITEM ( )  RATIONAL_B_SPLINE_CURVE ( ( 1.000000000000000000, 0.9926503465430338569, 0.9926503465430338569, 1.000000000000000000 ) ) 
 REPRESENTATION_ITEM ( '' )  );
#2493 = MECHANICAL_DESIGN_GEOMETRIC_PRESENTATION_REPRESENTATION (  '', ( #1903 ), #862 ) ;
#2494 = FACE_OUTER_BOUND ( 'NONE', #3611, .T. ) ;
#2495 = ORIENTED_EDGE ( 'NONE', *, *, #2878, .F. ) ;
#2496 =( GEOMETRIC_REPRESENTATION_CONTEXT ( 3 ) GLOBAL_UNCERTAINTY_ASSIGNED_CONTEXT ( ( #894 ) ) GLOBAL_UNIT_ASSIGNED_CONTEXT ( ( #3766, #1619, #211 ) ) REPRESENTATION_CONTEXT ( 'NONE', 'WORKASPACE' ) );
#2497 = DIRECTION ( 'NONE',  ( -0.000000000000000000, -1.000000000000000000, 0.000000000000000000 ) ) ;
#2498 = CARTESIAN_POINT ( 'NONE',  ( 1.772443497879789387, 2.741759999999999753, -1.415070833206682366 ) ) ;
#2499 = SURFACE_STYLE_USAGE ( .BOTH. , #825 ) ;
#2500 = SPHERICAL_SURFACE ( 'NONE', #3493, 0.05823999999999999316 ) ;
#2501 = CARTESIAN_POINT ( 'NONE',  ( 1.521771045540717848, 2.746759999999999646, -1.624255184048812417 ) ) ;
#2502 = VECTOR ( 'NONE', #325, 999.9999999999998863 ) ;
#2503 = EDGE_LOOP ( 'NONE', ( #3247, #1287, #2936, #1911 ) ) ;
#2504 = FACE_OUTER_BOUND ( 'NONE', #285, .T. ) ;
#2505 = DIRECTION ( 'NONE',  ( 0.000000000000000000, 1.000000000000000000, 0.000000000000000000 ) ) ;
#2506 = EDGE_CURVE ( 'NONE', #4472, #1008, #1614, .T. ) ;
#2507 = CARTESIAN_POINT ( 'NONE',  ( 1.890000000000006786, 2.746759999999999646, -1.235447311932450276 ) ) ;
#2508 = CIRCLE ( 'NONE', #1473, 0.05824000000000020133 ) ;
#2509 = ORIENTED_EDGE ( 'NONE', *, *, #1303, .F. ) ;
#2510 = MANIFOLD_SOLID_BREP ( 'Scale1[3]', #4310 ) ;
#2511 = CARTESIAN_POINT ( 'NONE',  ( 1.666495581945722559, 2.741759999999999753, -0.5311099949728128600 ) ) ;
#2512 = SURFACE_SIDE_STYLE ('',( #3249 ) ) ;
#2513 = VECTOR ( 'NONE', #2762, 1000.000000000000000 ) ;
#2514 = DIRECTION ( 'NONE',  ( -0.000000000000000000, -1.000000000000000000, 0.000000000000000000 ) ) ;
#2515 = CARTESIAN_POINT ( 'NONE',  ( 1.478369079381479878, 2.741759999999999753, -0.5855010684459950321 ) ) ;
#2516 = VERTEX_POINT ( 'NONE', #4617 ) ;
#2517 = DIRECTION ( 'NONE',  ( 0.000000000000000000, 0.000000000000000000, -1.000000000000000000 ) ) ;
#2518 = CARTESIAN_POINT ( 'NONE',  ( 2.600000000000000089, 0.1164800000000001529, -0.05824000000000020133 ) ) ;
#2519 = EDGE_CURVE ( 'NONE', #893, #1970, #2787, .T. ) ;
#2520 = CARTESIAN_POINT ( 'NONE',  ( 3.500000000000000000, 0.000000000000000000, 0.000000000000000000 ) ) ;
#2521 = UNCERTAINTY_MEASURE_WITH_UNIT (LENGTH_MEASURE( 1.000000000000000082E-05 ), #3336, 'distance_accuracy_value', 'NONE');
#2522 = ORIENTED_EDGE ( 'NONE', *, *, #4583, .T. ) ;
#2523 = DIRECTION ( 'NONE',  ( -0.000000000000000000, -0.000000000000000000, 1.000000000000000000 ) ) ;
#2524 = SURFACE_SIDE_STYLE ('',( #3982 ) ) ;
#2525 = PLANE ( 'NONE',  #646 ) ;
#2526 = EDGE_CURVE ( 'NONE', #1300, #1970, #1333, .T. ) ;
#2527 = PRESENTATION_STYLE_ASSIGNMENT (( #70 ) ) ;
#2528 = ORIENTED_EDGE ( 'NONE', *, *, #3495, .T. ) ;
#2529 = CYLINDRICAL_SURFACE ( 'NONE', #3011, 0.05823999999999999316 ) ;
#2530 = CARTESIAN_POINT ( 'NONE',  ( 1.890000000000006786, 2.746759999999999646, -0.4670490083270785187 ) ) ;
#2531 = DIRECTION ( 'NONE',  ( 0.000000000000000000, 0.000000000000000000, 1.000000000000000000 ) ) ;
#2532 = CARTESIAN_POINT ( 'NONE',  ( 0.8999839779386302752, 0.05990417227404221112, -2.698624854025657438 ) ) ;
#2533 = VERTEX_POINT ( 'NONE', #2049 ) ;
#2534 =( LENGTH_UNIT ( ) NAMED_UNIT ( * ) SI_UNIT ( .MILLI., .METRE. ) );
#2535 =( NAMED_UNIT ( * ) PLANE_ANGLE_UNIT ( ) SI_UNIT ( $, .RADIAN. ) );
#2536 = LINE ( 'NONE', #3996, #2853 ) ;
#2537 = ORIENTED_EDGE ( 'NONE', *, *, #3203, .F. ) ;
#2538 = CARTESIAN_POINT ( 'NONE',  ( 1.890000000000006786, 2.746759999999999646, -0.7919942905095858077 ) ) ;
#2539 = COLOUR_RGB ( '',0.7686274509803920907, 0.7686274509803920907, 0.7686274509803920907 ) ;
#2540 = CARTESIAN_POINT ( 'NONE',  ( 3.500000000000000000, 0.05823999999999999316, -2.799999999999999822 ) ) ;
#2541 =( LENGTH_UNIT ( ) NAMED_UNIT ( * ) SI_UNIT ( .MILLI., .METRE. ) );
#2542 = AXIS2_PLACEMENT_3D ( 'NONE', #2338, #1347, #3844 ) ;
#2543 = VERTEX_POINT ( 'NONE', #3903 ) ;
#2544 = SURFACE_SIDE_STYLE ('',( #1110 ) ) ;
#2545 = DIRECTION ( 'NONE',  ( -1.000000000000000000, 0.000000000000000000, 0.000000000000000000 ) ) ;
#2546 =( LENGTH_UNIT ( ) NAMED_UNIT ( * ) SI_UNIT ( .MILLI., .METRE. ) );
#2547 = AXIS2_PLACEMENT_3D ( 'NONE', #4402, #2476, #1173 ) ;
#2548 = CARTESIAN_POINT ( 'NONE',  ( 0.9000000000000002442, 2.683519999999999683, -0.05824000000000020133 ) ) ;
#2549 = AXIS2_PLACEMENT_3D ( 'NONE', #2673, #4530, #853 ) ;
#2550 = ORIENTED_EDGE ( 'NONE', *, *, #651, .F. ) ;
#2551 = FILL_AREA_STYLE ('',( #1875 ) ) ;
#2552 = MECHANICAL_DESIGN_GEOMETRIC_PRESENTATION_REPRESENTATION (  '', ( #2939 ), #2106 ) ;
#2553 =( NAMED_UNIT ( * ) SI_UNIT ( $, .STERADIAN. ) SOLID_ANGLE_UNIT ( ) );
#2554 = DIRECTION ( 'NONE',  ( 0.000000000000000000, 0.000000000000000000, 1.000000000000000000 ) ) ;
#2555 = ORIENTED_EDGE ( 'NONE', *, *, #1303, .T. ) ;
#2556 = AXIS2_PLACEMENT_3D ( 'NONE', #393, #1425, #1081 ) ;
#2557 = DIRECTION ( 'NONE',  ( 0.000000000000000000, 0.000000000000000000, 1.000000000000000000 ) ) ;
#2558 =( NAMED_UNIT ( * ) PLANE_ANGLE_UNIT ( ) SI_UNIT ( $, .RADIAN. ) );
#2559 = AXIS2_PLACEMENT_3D ( 'NONE', #2255, #3703, #4442 ) ;
#2560 =( NAMED_UNIT ( * ) SI_UNIT ( $, .STERADIAN. ) SOLID_ANGLE_UNIT ( ) );
#2561 = FILL_AREA_STYLE_COLOUR ( '', #4007 ) ;
#2562 = LINE ( 'NONE', #1842, #3850 ) ;
#2563 = ORIENTED_EDGE ( 'NONE', *, *, #1830, .T. ) ;
#2564 =( NAMED_UNIT ( * ) SI_UNIT ( $, .STERADIAN. ) SOLID_ANGLE_UNIT ( ) );
#2565 = PLANE ( 'NONE',  #3345 ) ;
#2566 = CIRCLE ( 'NONE', #633, 0.05823999999999998622 ) ;
#2567 = EDGE_CURVE ( 'NONE', #3119, #3181, #4542, .T. ) ;
#2568 = UNCERTAINTY_MEASURE_WITH_UNIT (LENGTH_MEASURE( 1.000000000000000082E-05 ), #399, 'distance_accuracy_value', 'NONE');
#2569 = VERTEX_POINT ( 'NONE', #296 ) ;
#2570 = CARTESIAN_POINT ( 'NONE',  ( 0.9000000000000928368, 2.741760000000005082, -0.1134407149924398367 ) ) ;
#2571 = MECHANICAL_DESIGN_GEOMETRIC_PRESENTATION_REPRESENTATION (  '', ( #2876 ), #4477 ) ;
#2572 =( NAMED_UNIT ( * ) PLANE_ANGLE_UNIT ( ) SI_UNIT ( $, .RADIAN. ) );
#2573 = ADVANCED_FACE ( 'NONE', ( #4643 ), #321, .T. ) ;
#2574 = MECHANICAL_DESIGN_GEOMETRIC_PRESENTATION_REPRESENTATION (  '', ( #3337 ), #2274 ) ;
#2575 = ORIENTED_EDGE ( 'NONE', *, *, #3568, .F. ) ;
#2576 = CARTESIAN_POINT ( 'NONE',  ( 1.889999999999999680, 2.746759999999999646, -0.3499999999999999778 ) ) ;
#2577 = ADVANCED_FACE ( 'NONE', ( #1748 ), #2420, .T. ) ;
#2578 = CARTESIAN_POINT ( 'NONE',  ( 1.890000000000006786, 2.746759999999999646, -2.103578002401880642 ) ) ;
#2579 =( LENGTH_UNIT ( ) NAMED_UNIT ( * ) SI_UNIT ( .MILLI., .METRE. ) );
#2580 = ORIENTED_EDGE ( 'NONE', *, *, #1108, .T. ) ;
#2581 = COLOUR_RGB ( '',0.7686274509803920907, 0.7686274509803920907, 0.7686274509803920907 ) ;
#2582 = LINE ( 'NONE', #4393, #3786 ) ;
#2583 = SURFACE_SIDE_STYLE ('',( #4083 ) ) ;
#2584 = PRESENTATION_LAYER_ASSIGNMENT (  '', '', ( #1913 ) ) ;
#2585 = EDGE_CURVE ( 'NONE', #3209, #2764, #606, .T. ) ;
#2586 = CARTESIAN_POINT ( 'NONE',  ( 1.890000000000006786, 2.746759999999999646, -0.6208239129099735187 ) ) ;
#2587 = ORIENTED_EDGE ( 'NONE', *, *, #3595, .T. ) ;
#2588 = MECHANICAL_DESIGN_GEOMETRIC_PRESENTATION_REPRESENTATION (  '', ( #808 ), #1844 ) ;
#2589 = DIRECTION ( 'NONE',  ( 0.9615454294334447871, 0.000000000000000000, 0.2746459304917005517 ) ) ;
#2590 = ADVANCED_FACE ( 'NONE', ( #4257 ), #346, .T. ) ;
#2591 = CARTESIAN_POINT ( 'NONE',  ( 1.557847357580686820, 2.746759999999999646, -2.316306086614288606 ) ) ;
#2592 = DIRECTION ( 'NONE',  ( 0.2763173343569854667, 0.000000000000000000, -0.9610664548998939516 ) ) ;
#2593 = EDGE_LOOP ( 'NONE', ( #962, #1775, #2597, #4068 ) ) ;
#2594 =( LENGTH_UNIT ( ) NAMED_UNIT ( * ) SI_UNIT ( .MILLI., .METRE. ) );
#2595 = DIRECTION ( 'NONE',  ( 0.9280290862136694185, 0.000000000000000000, -0.3725077383644824769 ) ) ;
#2596 = FACE_OUTER_BOUND ( 'NONE', #4544, .T. ) ;
#2597 = ORIENTED_EDGE ( 'NONE', *, *, #113, .T. ) ;
#2598 = CARTESIAN_POINT ( 'NONE',  ( 0.8417599999999947347, 0.000000000000000000, -2.741759999999999753 ) ) ;
#2599 = SURFACE_STYLE_FILL_AREA ( #2551 ) ;
#2600 = DIRECTION ( 'NONE',  ( -0.9610876102172832836, 0.000000000000000000, -0.2762437428917279281 ) ) ;
#2601 = DIRECTION ( 'NONE',  ( 0.000000000000000000, 0.000000000000000000, -1.000000000000000000 ) ) ;
#2602 = VERTEX_POINT ( 'NONE', #3995 ) ;
#2603 = LINE ( 'NONE', #4370, #3315 ) ;
#2604 = SURFACE_STYLE_FILL_AREA ( #2971 ) ;
#2605 = CARTESIAN_POINT ( 'NONE',  ( 2.600000000000000089, 0.05824000000000020133, -0.1164799999999999724 ) ) ;
#2606 = LINE ( 'NONE', #2586, #4291 ) ;
#2607 = APPLICATION_CONTEXT ( 'automotive_design' ) ;
#2608 = ORIENTED_EDGE ( 'NONE', *, *, #2989, .F. ) ;
#2609 = EDGE_CURVE ( 'NONE', #3391, #1637, #59, .T. ) ;
#2610 = SURFACE_STYLE_FILL_AREA ( #3645 ) ;
#2611 =( LENGTH_UNIT ( ) NAMED_UNIT ( * ) SI_UNIT ( .MILLI., .METRE. ) );
#2612 = CARTESIAN_POINT ( 'NONE',  ( 0.05824000000000020133, 2.741759999999999753, -2.741759999999999753 ) ) ;
#2613 = VERTEX_POINT ( 'NONE', #768 ) ;
#2614 = UNCERTAINTY_MEASURE_WITH_UNIT (LENGTH_MEASURE( 1.000000000000000082E-05 ), #3937, 'distance_accuracy_value', 'NONE');
#2615 = EDGE_LOOP ( 'NONE', ( #3125, #1136, #4344 ) ) ;
#2616 = AXIS2_PLACEMENT_3D ( 'NONE', #1328, #273, #1719 ) ;
#2617 =( NAMED_UNIT ( * ) SI_UNIT ( $, .STERADIAN. ) SOLID_ANGLE_UNIT ( ) );
#2618 = DIRECTION ( 'NONE',  ( -0.000000000000000000, -1.000000000000000000, 0.000000000000000000 ) ) ;
#2619 = UNCERTAINTY_MEASURE_WITH_UNIT (LENGTH_MEASURE( 1.000000000000000082E-05 ), #1207, 'distance_accuracy_value', 'NONE');
#2620 = ORIENTED_EDGE ( 'NONE', *, *, #2506, .F. ) ;
#2621 = DIRECTION ( 'NONE',  ( -1.000000000000000000, 0.000000000000000000, 0.000000000000000000 ) ) ;
#2622 = EDGE_CURVE ( 'NONE', #678, #809, #3200, .T. ) ;
#2623 = CARTESIAN_POINT ( 'NONE',  ( 1.811671948376557983, 2.746759999999999646, -1.812111339561971679 ) ) ;
#2624 = VECTOR ( 'NONE', #2836, 1000.000000000000000 ) ;
#2625 = PRESENTATION_LAYER_ASSIGNMENT (  '', '', ( #917 ) ) ;
#2626 = CARTESIAN_POINT ( 'NONE',  ( 3.441759999999999931, 2.741759999999999753, 0.000000000000000000 ) ) ;
#2627 = ORIENTED_EDGE ( 'NONE', *, *, #943, .F. ) ;
#2628 = SURFACE_STYLE_USAGE ( .BOTH. , #793 ) ;
#2629 = DIRECTION ( 'NONE',  ( 0.000000000000000000, 1.000000000000000000, 0.000000000000000000 ) ) ;
#2630 = COLOUR_RGB ( '',0.7921568627450980005, 0.8196078431372548767, 0.9333333333333333481 ) ;
#2631 = CARTESIAN_POINT ( 'NONE',  ( 1.478369079381479878, 2.741759999999999753, -0.7101235493540221100 ) ) ;
#2632 = DIRECTION ( 'NONE',  ( 0.000000000000000000, 0.000000000000000000, 1.000000000000000000 ) ) ;
#2633 = STYLED_ITEM ( 'NONE', ( #4475 ), #2510 ) ;
#2634 = VERTEX_POINT ( 'NONE', #3614 ) ;
#2635 = DIRECTION ( 'NONE',  ( 0.000000000000000000, 0.000000000000000000, -1.000000000000000000 ) ) ;
#2636 = FACE_OUTER_BOUND ( 'NONE', #2593, .T. ) ;
#2637 =( GEOMETRIC_REPRESENTATION_CONTEXT ( 3 ) GLOBAL_UNCERTAINTY_ASSIGNED_CONTEXT ( ( #3334 ) ) GLOBAL_UNIT_ASSIGNED_CONTEXT ( ( #2964, #4364, #124 ) ) REPRESENTATION_CONTEXT ( 'NONE', 'WORKASPACE' ) );
#2638 = CARTESIAN_POINT ( 'NONE',  ( 2.600000000000000089, 0.05824000000000020133, -2.683520000000000127 ) ) ;
#2639 = CARTESIAN_POINT ( 'NONE',  ( 1.478369079381479878, 2.746759999999999646, -0.5855010684459950321 ) ) ;
#2640 = AXIS2_PLACEMENT_3D ( 'NONE', #237, #107, #4215 ) ;
#2641 = VERTEX_POINT ( 'NONE', #1814 ) ;
#2642 = ORIENTED_EDGE ( 'NONE', *, *, #1477, .T. ) ;
#2643 = CARTESIAN_POINT ( 'NONE',  ( 2.658240000000000158, 2.741759999999999753, 0.000000000000000000 ) ) ;
#2644 = CARTESIAN_POINT ( 'NONE',  ( 3.500000000000000000, 2.799999999999999822, 0.000000000000000000 ) ) ;
#2645 = COLOUR_RGB ( '',0.7686274509803920907, 0.7686274509803920907, 0.7686274509803920907 ) ;
#2646 = LINE ( 'NONE', #1598, #427 ) ;
#2647 = ADVANCED_FACE ( 'NONE', ( #1075 ), #2187, .F. ) ;
#2648 = ORIENTED_EDGE ( 'NONE', *, *, #2306, .F. ) ;
#2649 = STYLED_ITEM ( 'NONE', ( #1862 ), #620 ) ;
#2650 = DIRECTION ( 'NONE',  ( 0.000000000000000000, 0.000000000000000000, 1.000000000000000000 ) ) ;
#2651 = FACE_OUTER_BOUND ( 'NONE', #3481, .T. ) ;
#2652 = PRESENTATION_LAYER_ASSIGNMENT (  '', '', ( #2050 ) ) ;
#2653 = EDGE_CURVE ( 'NONE', #1400, #4452, #2925, .T. ) ;
#2654 = CARTESIAN_POINT ( 'NONE',  ( 0.8417599999999950677, 0.05823999999999999316, 0.000000000000000000 ) ) ;
#2655 = ORIENTED_EDGE ( 'NONE', *, *, #2268, .F. ) ;
#2656 = CARTESIAN_POINT ( 'NONE',  ( 1.709380634530516696, 2.746759999999999646, -2.017938064331727954 ) ) ;
#2657 = VECTOR ( 'NONE', #3870, 1000.000000000000000 ) ;
#2658 = DIRECTION ( 'NONE',  ( 0.000000000000000000, -0.000000000000000000, 1.000000000000000000 ) ) ;
#2659 = CARTESIAN_POINT ( 'NONE',  ( 1.666495581945717674, 2.746759999999999646, -0.6534257646995780267 ) ) ;
#2660 = MECHANICAL_DESIGN_GEOMETRIC_PRESENTATION_REPRESENTATION (  '', ( #1465 ), #1836 ) ;
#2661 = ORIENTED_EDGE ( 'NONE', *, *, #1274, .T. ) ;
#2662 = EDGE_CURVE ( 'NONE', #893, #542, #3293, .T. ) ;
#2663 = AXIS2_PLACEMENT_3D ( 'NONE', #277, #1705, #1652 ) ;
#2664 = PLANE ( 'NONE',  #4033 ) ;
#2665 = AXIS2_PLACEMENT_3D ( 'NONE', #785, #2153, #4341 ) ;
#2666 = VERTEX_POINT ( 'NONE', #2874 ) ;
#2667 = UNCERTAINTY_MEASURE_WITH_UNIT (LENGTH_MEASURE( 1.000000000000000082E-05 ), #2123, 'distance_accuracy_value', 'NONE');
#2668 = ORIENTED_EDGE ( 'NONE', *, *, #3198, .F. ) ;
#2669 = DIRECTION ( 'NONE',  ( -0.9615454294334447871, 0.000000000000000000, -0.2746459304917005517 ) ) ;
#2670 = SURFACE_STYLE_USAGE ( .BOTH. , #4431 ) ;
#2671 = CARTESIAN_POINT ( 'NONE',  ( 2.602065858225357076, 0.07370422405897772422, -2.723108021931857969 ) ) ;
#2672 = ORIENTED_EDGE ( 'NONE', *, *, #3292, .F. ) ;
#2673 = CARTESIAN_POINT ( 'NONE',  ( 1.478369079381479878, 2.746759999999999646, -2.096629082234276797 ) ) ;
#2674 = FACE_OUTER_BOUND ( 'NONE', #1739, .T. ) ;
#2675 = EDGE_CURVE ( 'NONE', #535, #1256, #4329, .T. ) ;
#2676 = CARTESIAN_POINT ( 'NONE',  ( 3.500000000000000000, 2.799999999999999822, 0.000000000000000000 ) ) ;
#2677 = EDGE_LOOP ( 'NONE', ( #2587, #2384, #942, #4441 ) ) ;
#2678 = CARTESIAN_POINT ( 'NONE',  ( 0.8417599999999947347, 4.948608487273116146E-15, -2.741759999999999753 ) ) ;
#2679 = ADVANCED_FACE ( 'NONE', ( #3272 ), #3350, .T. ) ;
#2680 = FILL_AREA_STYLE ('',( #2702 ) ) ;
#2681 = EDGE_LOOP ( 'NONE', ( #4650, #3898, #3351 ) ) ;
#2682 = CARTESIAN_POINT ( 'NONE',  ( 1.890000000000006786, 2.741759999999999753, -1.518511938874666178 ) ) ;
#2683 = CARTESIAN_POINT ( 'NONE',  ( 3.500000000000000000, 0.05823999999999999316, 0.000000000000000000 ) ) ;
#2684 = CARTESIAN_POINT ( 'NONE',  ( 1.557265360455781344, 2.741759999999999753, -2.073934948893989105 ) ) ;
#2685 = SURFACE_STYLE_USAGE ( .BOTH. , #1615 ) ;
#2686 = ORIENTED_EDGE ( 'NONE', *, *, #4507, .T. ) ;
#2687 = EDGE_LOOP ( 'NONE', ( #1367, #2715, #1187, #4563, #3507, #908, #609, #268 ) ) ;
#2688 = LINE ( 'NONE', #4114, #1749 ) ;
#2689 = CARTESIAN_POINT ( 'NONE',  ( 0.9000000000000001332, 2.683519999999999683, -0.1164799999999999724 ) ) ;
#2690 = CARTESIAN_POINT ( 'NONE',  ( 2.600000000000000089, 0.05824000000000020133, -2.689980384497082877 ) ) ;
#2691 = VECTOR ( 'NONE', #1841, 1000.000000000000000 ) ;
#2692 = ORIENTED_EDGE ( 'NONE', *, *, #272, .T. ) ;
#2693 = FACE_OUTER_BOUND ( 'NONE', #2677, .T. ) ;
#2694 = LINE ( 'NONE', #2011, #111 ) ;
#2695 = COLOUR_RGB ( '',0.7686274509803920907, 0.7686274509803920907, 0.7686274509803920907 ) ;
#2696 = CARTESIAN_POINT ( 'NONE',  ( 0.8987394622637470132, 2.720479066268220780, -2.728924731604387421 ) ) ;
#2697 = EDGE_CURVE ( 'NONE', #2390, #2286, #1489, .T. ) ;
#2698 =( BOUNDED_CURVE ( )  B_SPLINE_CURVE ( 3, ( #3459, #3184, #1037, #1315 ),
 .UNSPECIFIED., .F., .T. ) 
 B_SPLINE_CURVE_WITH_KNOTS ( ( 4, 4 ),
 ( 4.712388980384688786, 5.009640341705896560 ),
 .UNSPECIFIED. ) 
 CURVE ( )  GEOMETRIC_REPRESENTATION_ITEM ( )  RATIONAL_B_SPLINE_CURVE ( ( 1.000000000000000000, 0.9926503465430337458, 0.9926503465430337458, 1.000000000000000000 ) ) 
 REPRESENTATION_ITEM ( '' )  );
#2699 = EDGE_LOOP ( 'NONE', ( #4568, #3462, #1179 ) ) ;
#2700 = VECTOR ( 'NONE', #3210, 1000.000000000000000 ) ;
#2701 = LINE ( 'NONE', #2368, #4061 ) ;
#2702 = FILL_AREA_STYLE_COLOUR ( '', #1959 ) ;
#2703 = ORIENTED_EDGE ( 'NONE', *, *, #3558, .F. ) ;
#2704 = AXIS2_PLACEMENT_3D ( 'NONE', #2817, #4651, #1058 ) ;
#2705 = LINE ( 'NONE', #2682, #1386 ) ;
#2706 = EDGE_CURVE ( 'NONE', #3487, #852, #511, .T. ) ;
#2707 = LINE ( 'NONE', #631, #2058 ) ;
#2708 = CARTESIAN_POINT ( 'NONE',  ( 1.633297965358701642, 2.741759999999999753, -2.039673466595974816 ) ) ;
#2709 = AXIS2_PLACEMENT_3D ( 'NONE', #3320, #2557, #1931 ) ;
#2710 = PRESENTATION_STYLE_ASSIGNMENT (( #3740 ) ) ;
#2711 = ADVANCED_FACE ( 'NONE', ( #3734 ), #4107, .F. ) ;
#2712 = EDGE_CURVE ( 'NONE', #2895, #4363, #830, .T. ) ;
#2713 = EDGE_LOOP ( 'NONE', ( #3357, #4575, #2608, #2783 ) ) ;
#2714 = UNCERTAINTY_MEASURE_WITH_UNIT (LENGTH_MEASURE( 1.000000000000000082E-05 ), #2404, 'distance_accuracy_value', 'NONE');
#2715 = ORIENTED_EDGE ( 'NONE', *, *, #919, .F. ) ;
#2716 = STYLED_ITEM ( 'NONE', ( #1486 ), #25 ) ;
#2717 = VECTOR ( 'NONE', #4502, 1000.000000000000000 ) ;
#2718 = DIRECTION ( 'NONE',  ( -0.000000000000000000, -1.000000000000000000, 0.000000000000000000 ) ) ;
#2719 = COLOUR_RGB ( '',0.6470588235294117974, 0.5176470588235293491, 0.000000000000000000 ) ;
#2720 = FILL_AREA_STYLE_COLOUR ( '', #1094 ) ;
#2721 = FACE_OUTER_BOUND ( 'NONE', #161, .T. ) ;
#2722 = UNCERTAINTY_MEASURE_WITH_UNIT (LENGTH_MEASURE( 1.000000000000000082E-05 ), #3290, 'distance_accuracy_value', 'NONE');
#2723 = ORIENTED_EDGE ( 'NONE', *, *, #2706, .T. ) ;
#2724 =( NAMED_UNIT ( * ) PLANE_ANGLE_UNIT ( ) SI_UNIT ( $, .RADIAN. ) );
#2725 = CARTESIAN_POINT ( 'NONE',  ( 2.600000000000000089, 0.05824000000000020133, -2.799999999999999822 ) ) ;
#2726 = CARTESIAN_POINT ( 'NONE',  ( 3.500000000000000000, 2.741759999999999753, 0.000000000000000000 ) ) ;
#2727 = DIRECTION ( 'NONE',  ( 1.000000000000000000, 0.000000000000000000, 0.000000000000000000 ) ) ;
#2728 = ORIENTED_EDGE ( 'NONE', *, *, #3865, .T. ) ;
#2729 = COLOUR_RGB ( '',0.7686274509803920907, 0.7686274509803920907, 0.7686274509803920907 ) ;
#2730 = DIRECTION ( 'NONE',  ( 0.9985542843760949472, 0.000000000000000000, 0.05375259206908061804 ) ) ;
#2731 = CARTESIAN_POINT ( 'NONE',  ( 1.890000000000006786, 2.746759999999999646, -1.623113718722069665 ) ) ;
#2732 = ORIENTED_EDGE ( 'NONE', *, *, #880, .T. ) ;
#2733 = EDGE_CURVE ( 'NONE', #4621, #1485, #1934, .T. ) ;
#2734 = FILL_AREA_STYLE ('',( #1332 ) ) ;
#2735 = AXIS2_PLACEMENT_3D ( 'NONE', #4385, #3307, #3238 ) ;
#2736 = SURFACE_STYLE_FILL_AREA ( #2074 ) ;
#2737 = CARTESIAN_POINT ( 'NONE',  ( 1.478369079381479878, 2.741759999999999753, -1.430900981354680468 ) ) ;
#2738 = EDGE_LOOP ( 'NONE', ( #2728, #304, #4478, #3060 ) ) ;
#2739 = ORIENTED_EDGE ( 'NONE', *, *, #3918, .F. ) ;
#2740 = MECHANICAL_DESIGN_GEOMETRIC_PRESENTATION_REPRESENTATION (  '', ( #2813 ), #1317 ) ;
#2741 = DIRECTION ( 'NONE',  ( 1.000000000000000000, 0.000000000000000000, 0.000000000000000000 ) ) ;
#2742 =( NAMED_UNIT ( * ) SI_UNIT ( $, .STERADIAN. ) SOLID_ANGLE_UNIT ( ) );
#2743 = ORIENTED_EDGE ( 'NONE', *, *, #3922, .T. ) ;
#2744 = CARTESIAN_POINT ( 'NONE',  ( 2.600207013399458589, 2.708738985336092142, -2.736413408433165273 ) ) ;
#2745 = CARTESIAN_POINT ( 'NONE',  ( 3.500000000000000000, 0.05823999999999999316, 0.000000000000000000 ) ) ;
#2746 = CIRCLE ( 'NONE', #729, 0.05824000000000020133 ) ;
#2747 = FACE_OUTER_BOUND ( 'NONE', #4355, .T. ) ;
#2748 = CARTESIAN_POINT ( 'NONE',  ( 3.441759999999999931, 2.741759999999999753, -0.05823999999999999316 ) ) ;
#2749 = ORIENTED_EDGE ( 'NONE', *, *, #3527, .F. ) ;
#2750 = LINE ( 'NONE', #974, #1518 ) ;
#2751 = DIRECTION ( 'NONE',  ( 0.000000000000000000, 1.000000000000000000, 0.000000000000000000 ) ) ;
#2752 = DIRECTION ( 'NONE',  ( 0.000000000000000000, 0.000000000000000000, 1.000000000000000000 ) ) ;
#2753 = CARTESIAN_POINT ( 'NONE',  ( 2.600000000000000089, 2.741759999999999753, -0.05824000000000020133 ) ) ;
#2754 = ORIENTED_EDGE ( 'NONE', *, *, #2235, .F. ) ;
#2755 = PRESENTATION_STYLE_ASSIGNMENT (( #1706 ) ) ;
#2756 = DIRECTION ( 'NONE',  ( 0.000000000000000000, 0.000000000000000000, 1.000000000000000000 ) ) ;
#2757 = EDGE_CURVE ( 'NONE', #3344, #470, #2606, .T. ) ;
#2758 = ORIENTED_EDGE ( 'NONE', *, *, #2226, .F. ) ;
#2759 = VERTEX_POINT ( 'NONE', #887 ) ;
#2760 = DIRECTION ( 'NONE',  ( -1.861610873086367935E-15, -1.000000000000000000, 0.000000000000000000 ) ) ;
#2761 = DIRECTION ( 'NONE',  ( -0.000000000000000000, -1.000000000000000000, 0.000000000000000000 ) ) ;
#2762 = DIRECTION ( 'NONE',  ( -1.000000000000000000, 0.000000000000000000, 0.000000000000000000 ) ) ;
#2763 = UNCERTAINTY_MEASURE_WITH_UNIT (LENGTH_MEASURE( 1.000000000000000082E-05 ), #4340, 'distance_accuracy_value', 'NONE');
#2764 = VERTEX_POINT ( 'NONE', #4123 ) ;
#2765 = SURFACE_STYLE_USAGE ( .BOTH. , #3165 ) ;
#2766 = FILL_AREA_STYLE_COLOUR ( '', #2867 ) ;
#2767 = SURFACE_SIDE_STYLE ('',( #1714 ) ) ;
#2768 = PRESENTATION_STYLE_ASSIGNMENT (( #2409 ) ) ;
#2769 = CARTESIAN_POINT ( 'NONE',  ( 0.8999553718791134527, 2.704563364018938820, -2.738164905933811344 ) ) ;
#2770 = EDGE_LOOP ( 'NONE', ( #3005, #597, #1798, #4187, #3043, #4112 ) ) ;
#2771 = CARTESIAN_POINT ( 'NONE',  ( 1.890000000000006786, 2.746759999999999646, -1.983651549899683841 ) ) ;
#2772 = VECTOR ( 'NONE', #4637, 1000.000000000000000 ) ;
#2773 =( NAMED_UNIT ( * ) PLANE_ANGLE_UNIT ( ) SI_UNIT ( $, .RADIAN. ) );
#2774 = CARTESIAN_POINT ( 'NONE',  ( 0.9000281936837312147, 0.05934521978077492849, -0.1034708785317247637 ) ) ;
#2775 = VECTOR ( 'NONE', #4493, 1000.000000000000000 ) ;
#2776 = CARTESIAN_POINT ( 'NONE',  ( 1.890000000000006786, 2.741759999999999753, -1.672652312619159698 ) ) ;
#2777 = VERTEX_POINT ( 'NONE', #2259 ) ;
#2778 = VECTOR ( 'NONE', #3155, 1000.000000000000000 ) ;
#2779 = FILL_AREA_STYLE_COLOUR ( '', #4036 ) ;
#2780 = DIRECTION ( 'NONE',  ( 0.000000000000000000, 1.000000000000000000, 0.000000000000000000 ) ) ;
#2781 = CIRCLE ( 'NONE', #4611, 0.05823999999999999316 ) ;
#2782 = AXIS2_PLACEMENT_3D ( 'NONE', #1294, #4118, #2292 ) ;
#2783 = ORIENTED_EDGE ( 'NONE', *, *, #508, .T. ) ;
#2784 = ORIENTED_EDGE ( 'NONE', *, *, #756, .F. ) ;
#2785 = FILL_AREA_STYLE ('',( #2810 ) ) ;
#2786 =( GEOMETRIC_REPRESENTATION_CONTEXT ( 3 ) GLOBAL_UNCERTAINTY_ASSIGNED_CONTEXT ( ( #1083 ) ) GLOBAL_UNIT_ASSIGNED_CONTEXT ( ( #2944, #2915, #1906 ) ) REPRESENTATION_CONTEXT ( 'NONE', 'WORKASPACE' ) );
#2787 = CIRCLE ( 'NONE', #4151, 0.05824000000000020133 ) ;
#2788 = AXIS2_PLACEMENT_3D ( 'NONE', #4635, #3561, #1786 ) ;
#2789 = ORIENTED_EDGE ( 'NONE', *, *, #3203, .T. ) ;
#2790 = DIRECTION ( 'NONE',  ( -0.9999891854650022616, 0.000000000000000000, -0.004650693823668812857 ) ) ;
#2791 = PLANE ( 'NONE',  #928 ) ;
#2792 = CARTESIAN_POINT ( 'NONE',  ( 1.890000000000006786, 2.741759999999999753, -0.4670490083270785187 ) ) ;
#2793 = PRESENTATION_STYLE_ASSIGNMENT (( #3142 ) ) ;
#2794 = FILL_AREA_STYLE_COLOUR ( '', #879 ) ;
#2795 = VECTOR ( 'NONE', #1060, 1000.000000000000000 ) ;
#2796 = LINE ( 'NONE', #3513, #2846 ) ;
#2797 = VERTEX_POINT ( 'NONE', #1233 ) ;
#2798 = MECHANICAL_DESIGN_GEOMETRIC_PRESENTATION_REPRESENTATION (  '', ( #2948 ), #3024 ) ;
#2799 = EDGE_CURVE ( 'NONE', #973, #2271, #3040, .T. ) ;
#2800 = FILL_AREA_STYLE ('',( #3216 ) ) ;
#2801 = EDGE_CURVE ( 'NONE', #1263, #507, #4084, .T. ) ;
#2802 = MECHANICAL_DESIGN_GEOMETRIC_PRESENTATION_REPRESENTATION (  '', ( #2339 ), #332 ) ;
#2803 = DIRECTION ( 'NONE',  ( 0.9610029908221285888, 0.000000000000000000, 0.2765379750249931656 ) ) ;
#2804 = EDGE_LOOP ( 'NONE', ( #3763, #149, #3032, #3679, #982, #4240, #2284, #1999, #4656, #3456, #2397, #524, #4014, #1925, #714, #209, #3078 ) ) ;
#2805 = PRESENTATION_LAYER_ASSIGNMENT (  '', '', ( #185 ) ) ;
#2806 = DIRECTION ( 'NONE',  ( -0.9620200793798762140, 0.000000000000000000, -0.2729786930695082825 ) ) ;
#2807 =( GEOMETRIC_REPRESENTATION_CONTEXT ( 3 ) GLOBAL_UNCERTAINTY_ASSIGNED_CONTEXT ( ( #372 ) ) GLOBAL_UNIT_ASSIGNED_CONTEXT ( ( #3516, #3195, #4659 ) ) REPRESENTATION_CONTEXT ( 'NONE', 'WORKASPACE' ) );
#2808 = PRESENTATION_STYLE_ASSIGNMENT (( #1051 ) ) ;
#2809 = ORIENTED_EDGE ( 'NONE', *, *, #2444, .F. ) ;
#2810 = FILL_AREA_STYLE_COLOUR ( '', #3326 ) ;
#2811 = PRESENTATION_LAYER_ASSIGNMENT (  '', '', ( #2204 ) ) ;
#2812 = FILL_AREA_STYLE ('',( #4623 ) ) ;
#2813 = STYLED_ITEM ( 'NONE', ( #864 ), #1691 ) ;
#2814 = UNCERTAINTY_MEASURE_WITH_UNIT (LENGTH_MEASURE( 1.000000000000000082E-05 ), #2055, 'distance_accuracy_value', 'NONE');
#2815 = ORIENTED_EDGE ( 'NONE', *, *, #4565, .T. ) ;
#2816 = EDGE_CURVE ( 'NONE', #1779, #3965, #4368, .T. ) ;
#2817 = CARTESIAN_POINT ( 'NONE',  ( 3.500000000000000000, 0.000000000000000000, 0.000000000000000000 ) ) ;
#2818 = CARTESIAN_POINT ( 'NONE',  ( 0.8999106531603622283, 2.702630782055434722, -0.06146476929767853009 ) ) ;
#2819 = DIRECTION ( 'NONE',  ( -0.000000000000000000, -1.000000000000000000, -0.000000000000000000 ) ) ;
#2820 = AXIS2_PLACEMENT_3D ( 'NONE', #3086, #2442, #2348 ) ;
#2821 =( NAMED_UNIT ( * ) SI_UNIT ( $, .STERADIAN. ) SOLID_ANGLE_UNIT ( ) );
#2822 = FACE_OUTER_BOUND ( 'NONE', #3476, .T. ) ;
#2823 = VERTEX_POINT ( 'NONE', #3397 ) ;
#2824 = EDGE_CURVE ( 'NONE', #1970, #535, #4421, .T. ) ;
#2825 = DIRECTION ( 'NONE',  ( 0.9610992334315860974, 0.000000000000000000, 0.2762033010252007426 ) ) ;
#2826 = DIRECTION ( 'NONE',  ( 0.000000000000000000, 0.000000000000000000, -1.000000000000000000 ) ) ;
#2827 = SURFACE_STYLE_USAGE ( .BOTH. , #31 ) ;
#2828 = DIRECTION ( 'NONE',  ( 1.000000000000000000, -0.000000000000000000, -0.000000000000000000 ) ) ;
#2829 =( BOUNDED_CURVE ( )  B_SPLINE_CURVE ( 3, ( #2222, #3261, #4009, #784 ),
 .UNSPECIFIED., .F., .T. ) 
 B_SPLINE_CURVE_WITH_KNOTS ( ( 4, 4 ),
 ( 4.712388980384687898, 5.009640341705894784 ),
 .UNSPECIFIED. ) 
 CURVE ( )  GEOMETRIC_REPRESENTATION_ITEM ( )  RATIONAL_B_SPLINE_CURVE ( ( 1.000000000000000000, 0.9926503465430338569, 0.9926503465430338569, 1.000000000000000000 ) ) 
 REPRESENTATION_ITEM ( '' )  );
#2830 = EDGE_CURVE ( 'NONE', #1222, #2666, #1254, .T. ) ;
#2831 = ORIENTED_EDGE ( 'NONE', *, *, #4476, .F. ) ;
#2832 = SURFACE_STYLE_FILL_AREA ( #4208 ) ;
#2833 = CARTESIAN_POINT ( 'NONE',  ( 2.600000000000000089, 2.741759999999999753, -2.741759999999999753 ) ) ;
#2834 = B_SPLINE_CURVE_WITH_KNOTS ( 'NONE', 3,
 ( #3529, #301, #2079, #986, #1684, #3095, #1364, #639, #2402, #1013 ),
 .UNSPECIFIED., .F., .F.,
 ( 4, 3, 3, 4 ),
 ( 0.000000000000000000, 1.833143621111691141E-05, 3.656618479249391734E-05, 4.558081643555577251E-05 ),
 .UNSPECIFIED. ) ;
#2835 = VERTEX_POINT ( 'NONE', #3708 ) ;
#2836 = DIRECTION ( 'NONE',  ( 5.943634068010692500E-14, 0.000000000000000000, -1.000000000000000000 ) ) ;
#2837 = DIRECTION ( 'NONE',  ( -0.9612861490927336883, 0.000000000000000000, -0.2755520632520511715 ) ) ;
#2838 = LINE ( 'NONE', #1064, #613 ) ;
#2839 = ORIENTED_EDGE ( 'NONE', *, *, #3309, .T. ) ;
#2840 = CARTESIAN_POINT ( 'NONE',  ( 0.9000000000000001332, 0.1164800000000001806, -2.683520000000000127 ) ) ;
#2841 = CARTESIAN_POINT ( 'NONE',  ( 0.9000000000000002442, 2.741759999999999753, -0.05824000000000020133 ) ) ;
#2842 = CARTESIAN_POINT ( 'NONE',  ( 1.478369079381479878, 2.741759999999999753, -2.451850088074075895 ) ) ;
#2843 = STYLED_ITEM ( 'NONE', ( #134 ), #2850 ) ;
#2844 = DIRECTION ( 'NONE',  ( 1.000000000000000000, 0.000000000000000000, 0.000000000000000000 ) ) ;
#2845 = SURFACE_STYLE_FILL_AREA ( #3177 ) ;
#2846 = VECTOR ( 'NONE', #3485, 1000.000000000000000 ) ;
#2847 = CARTESIAN_POINT ( 'NONE',  ( 0.8997929866005416333, 2.736413408433164829, -2.708738985336092586 ) ) ;
#2848 = ORIENTED_EDGE ( 'NONE', *, *, #335, .F. ) ;
#2849 = VECTOR ( 'NONE', #3170, 1000.000000000000000 ) ;
#2850 = ADVANCED_FACE ( 'NONE', ( #4471 ), #2299, .T. ) ;
#2851 = PRESENTATION_STYLE_ASSIGNMENT (( #3206 ) ) ;
#2852 = FILL_AREA_STYLE_COLOUR ( '', #1377 ) ;
#2853 = VECTOR ( 'NONE', #769, 1000.000000000000000 ) ;
#2854 = UNCERTAINTY_MEASURE_WITH_UNIT (LENGTH_MEASURE( 1.000000000000000082E-05 ), #2541, 'distance_accuracy_value', 'NONE');
#2855 = ORIENTED_EDGE ( 'NONE', *, *, #1078, .F. ) ;
#2856 = LINE ( 'NONE', #781, #4379 ) ;
#2857 = DIRECTION ( 'NONE',  ( 0.000000000000000000, -1.000000000000000000, 0.000000000000000000 ) ) ;
#2858 =( NAMED_UNIT ( * ) SI_UNIT ( $, .STERADIAN. ) SOLID_ANGLE_UNIT ( ) );
#2859 = EDGE_CURVE ( 'NONE', #2533, #2602, #2701, .T. ) ;
#2860 = DIRECTION ( 'NONE',  ( -1.000000000000000000, 0.000000000000000000, 0.000000000000000000 ) ) ;
#2861 = AXIS2_PLACEMENT_3D ( 'NONE', #2612, #911, #2283 ) ;
#2862 = PRESENTATION_LAYER_ASSIGNMENT (  '', '', ( #3550 ) ) ;
#2863 = VERTEX_POINT ( 'NONE', #975 ) ;
#2864 = CARTESIAN_POINT ( 'NONE',  ( 1.523535811012221464, 2.741759999999999753, -1.340669888712066493 ) ) ;
#2865 = EDGE_CURVE ( 'NONE', #4452, #2613, #979, .T. ) ;
#2866 =( LENGTH_UNIT ( ) NAMED_UNIT ( * ) SI_UNIT ( .MILLI., .METRE. ) );
#2867 = COLOUR_RGB ( '',0.7921568627450980005, 0.8196078431372548767, 0.9333333333333333481 ) ;
#2868 = CARTESIAN_POINT ( 'NONE',  ( 1.811671948376557983, 2.746759999999999646, -2.005877581997301817 ) ) ;
#2869 = ORIENTED_EDGE ( 'NONE', *, *, #1015, .F. ) ;
#2870 =( LENGTH_UNIT ( ) NAMED_UNIT ( * ) SI_UNIT ( .MILLI., .METRE. ) );
#2871 = CARTESIAN_POINT ( 'NONE',  ( 0.9000000000000002442, 0.1164800000000001806, -0.1164800000000001806 ) ) ;
#2872 = EDGE_CURVE ( 'NONE', #4089, #3519, #2017, .T. ) ;
#2873 = VECTOR ( 'NONE', #3410, 1000.000000000000000 ) ;
#2874 = CARTESIAN_POINT ( 'NONE',  ( 1.557856304720737217, 2.741759999999999753, -2.429006833949353350 ) ) ;
#2875 = CARTESIAN_POINT ( 'NONE',  ( 2.600652693277696770, 0.06737132831336710426, -0.08458201944690885155 ) ) ;
#2876 = STYLED_ITEM ( 'NONE', ( #136 ), #742 ) ;
#2877 = VERTEX_POINT ( 'NONE', #4566 ) ;
#2878 = EDGE_CURVE ( 'NONE', #678, #1440, #2492, .T. ) ;
#2879 = SURFACE_SIDE_STYLE ('',( #3229 ) ) ;
#2880 = CARTESIAN_POINT ( 'NONE',  ( 2.602065858225357076, 0.07689197806814195013, -0.07370422405897801565 ) ) ;
#2881 = CIRCLE ( 'NONE', #4093, 0.05823999999999999316 ) ;
#2882 = VERTEX_POINT ( 'NONE', #4251 ) ;
#2883 = CARTESIAN_POINT ( 'NONE',  ( 0.9000000000000001332, 0.1164800000000001806, -2.741759999999999753 ) ) ;
#2884 = DIRECTION ( 'NONE',  ( 0.000000000000000000, -1.000000000000000000, -0.000000000000000000 ) ) ;
#2885 = FILL_AREA_STYLE ('',( #733 ) ) ;
#2886 = AXIS2_PLACEMENT_3D ( 'NONE', #1847, #1080, #4333 ) ;
#2887 = CARTESIAN_POINT ( 'NONE',  ( 1.890000000000006786, 2.746759999999999646, -2.103578002401880642 ) ) ;
#2888 = ORIENTED_EDGE ( 'NONE', *, *, #4541, .F. ) ;
#2889 = FACE_OUTER_BOUND ( 'NONE', #2770, .T. ) ;
#2890 = MECHANICAL_DESIGN_GEOMETRIC_PRESENTATION_REPRESENTATION (  '', ( #3349 ), #3189 ) ;
#2891 = LINE ( 'NONE', #382, #4557 ) ;
#2892 = LINE ( 'NONE', #4348, #758 ) ;
#2893 = AXIS2_PLACEMENT_3D ( 'NONE', #499, #4456, #167 ) ;
#2894 = PLANE ( 'NONE',  #1529 ) ;
#2895 = VERTEX_POINT ( 'NONE', #3878 ) ;
#2896 = DIRECTION ( 'NONE',  ( 0.000000000000000000, 0.000000000000000000, 1.000000000000000000 ) ) ;
#2897 = EDGE_CURVE ( 'NONE', #199, #3673, #2045, .T. ) ;
#2898 = CARTESIAN_POINT ( 'NONE',  ( 2.599999999999907274, 0.05823999999999501104, -0.1134407149924400587 ) ) ;
#2899 = VERTEX_POINT ( 'NONE', #1277 ) ;
#2900 = FILL_AREA_STYLE ('',( #114 ) ) ;
#2901 = FACE_OUTER_BOUND ( 'NONE', #4206, .T. ) ;
#2902 = ADVANCED_FACE ( 'NONE', ( #932 ), #3491, .F. ) ;
#2903 = UNCERTAINTY_MEASURE_WITH_UNIT (LENGTH_MEASURE( 1.000000000000000082E-05 ), #2611, 'distance_accuracy_value', 'NONE');
#2904 = ORIENTED_EDGE ( 'NONE', *, *, #4301, .T. ) ;
#2905 = DIRECTION ( 'NONE',  ( 0.000000000000000000, 0.000000000000000000, -1.000000000000000000 ) ) ;
#2906 = FACE_OUTER_BOUND ( 'NONE', #4338, .T. ) ;
#2907 = CARTESIAN_POINT ( 'NONE',  ( 0.8417599999999950677, 0.05823999999999999316, -2.741759999999999753 ) ) ;
#2908 = CARTESIAN_POINT ( 'NONE',  ( 3.441759999999999931, 0.05823999999999999316, -0.05823999999999999316 ) ) ;
#2909 = ORIENTED_EDGE ( 'NONE', *, *, #1760, .F. ) ;
#2910 = DIRECTION ( 'NONE',  ( 0.000000000000000000, 0.000000000000000000, -1.000000000000000000 ) ) ;
#2911 = CARTESIAN_POINT ( 'NONE',  ( 2.658240000000000158, 0.000000000000000000, -2.799999999999999822 ) ) ;
#2912 = FACE_OUTER_BOUND ( 'NONE', #4265, .T. ) ;
#2913 = FILL_AREA_STYLE ('',( #55 ) ) ;
#2914 = EDGE_LOOP ( 'NONE', ( #1205, #1251, #4494, #683 ) ) ;
#2915 =( NAMED_UNIT ( * ) PLANE_ANGLE_UNIT ( ) SI_UNIT ( $, .RADIAN. ) );
#2916 = PLANE ( 'NONE',  #3172 ) ;
#2917 = EDGE_CURVE ( 'NONE', #2007, #535, #4444, .T. ) ;
#2918 =( NAMED_UNIT ( * ) PLANE_ANGLE_UNIT ( ) SI_UNIT ( $, .RADIAN. ) );
#2919 = EDGE_CURVE ( 'NONE', #2072, #2992, #906, .T. ) ;
#2920 = DIRECTION ( 'NONE',  ( 0.000000000000000000, -1.000000000000000000, 0.000000000000000000 ) ) ;
#2921 =( GEOMETRIC_REPRESENTATION_CONTEXT ( 3 ) GLOBAL_UNCERTAINTY_ASSIGNED_CONTEXT ( ( #2326 ) ) GLOBAL_UNIT_ASSIGNED_CONTEXT ( ( #437, #2488, #3224 ) ) REPRESENTATION_CONTEXT ( 'NONE', 'WORKASPACE' ) );
#2922 = CARTESIAN_POINT ( 'NONE',  ( 0.9000000000000001332, 2.741759999999999753, -2.683520000000000127 ) ) ;
#2923 = ORIENTED_EDGE ( 'NONE', *, *, #4432, .F. ) ;
#2924 = SURFACE_STYLE_USAGE ( .BOTH. , #3297 ) ;
#2925 = CIRCLE ( 'NONE', #2457, 0.05824000000000020133 ) ;
#2926 = CARTESIAN_POINT ( 'NONE',  ( 2.600000000000000533, 2.735968012868675192, -2.735968012868675192 ) ) ;
#2927 = SURFACE_SIDE_STYLE ('',( #4045 ) ) ;
#2928 =( GEOMETRIC_REPRESENTATION_CONTEXT ( 3 ) GLOBAL_UNCERTAINTY_ASSIGNED_CONTEXT ( ( #3715 ) ) GLOBAL_UNIT_ASSIGNED_CONTEXT ( ( #1833, #4660, #2553 ) ) REPRESENTATION_CONTEXT ( 'NONE', 'WORKASPACE' ) );
#2929 = ORIENTED_EDGE ( 'NONE', *, *, #1818, .F. ) ;
#2930 = FILL_AREA_STYLE ('',( #1497 ) ) ;
#2931 = PRESENTATION_STYLE_ASSIGNMENT (( #3624 ) ) ;
#2932 = EDGE_CURVE ( 'NONE', #1116, #2295, #3106, .T. ) ;
#2933 = SURFACE_STYLE_USAGE ( .BOTH. , #1432 ) ;
#2934 = COLOUR_RGB ( '',0.7686274509803920907, 0.7686274509803920907, 0.7686274509803920907 ) ;
#2935 = VECTOR ( 'NONE', #388, 1000.000000000000000 ) ;
#2936 = ORIENTED_EDGE ( 'NONE', *, *, #3001, .F. ) ;
#2937 = DIRECTION ( 'NONE',  ( 0.000000000000000000, 0.000000000000000000, 1.000000000000000000 ) ) ;
#2938 = LINE ( 'NONE', #3676, #4482 ) ;
#2939 = STYLED_ITEM ( 'NONE', ( #222 ), #4092 ) ;
#2940 = CARTESIAN_POINT ( 'NONE',  ( 0.8417600000000000637, 2.741759999999999753, 0.000000000000000000 ) ) ;
#2941 = FACE_OUTER_BOUND ( 'NONE', #3524, .T. ) ;
#2942 = ORIENTED_EDGE ( 'NONE', *, *, #1901, .F. ) ;
#2943 = PRESENTATION_LAYER_ASSIGNMENT (  '', '', ( #320 ) ) ;
#2944 =( LENGTH_UNIT ( ) NAMED_UNIT ( * ) SI_UNIT ( .MILLI., .METRE. ) );
#2945 = CARTESIAN_POINT ( 'NONE',  ( 1.557265360455781344, 2.746759999999999646, -2.073934948893989105 ) ) ;
#2946 = VECTOR ( 'NONE', #929, 1000.000000000000000 ) ;
#2947 = CARTESIAN_POINT ( 'NONE',  ( -0.8724128072525134669, 2.746759999999999646, 0.006335664914779973525 ) ) ;
#2948 = STYLED_ITEM ( 'NONE', ( #307 ), #219 ) ;
#2949 = DIRECTION ( 'NONE',  ( -1.861610873086367935E-15, -1.000000000000000000, 0.000000000000000000 ) ) ;
#2950 = ORIENTED_EDGE ( 'NONE', *, *, #1391, .T. ) ;
#2951 =( GEOMETRIC_REPRESENTATION_CONTEXT ( 3 ) GLOBAL_UNCERTAINTY_ASSIGNED_CONTEXT ( ( #3185 ) ) GLOBAL_UNIT_ASSIGNED_CONTEXT ( ( #616, #3911, #1757 ) ) REPRESENTATION_CONTEXT ( 'NONE', 'WORKASPACE' ) );
#2952 = EDGE_CURVE ( 'NONE', #204, #3282, #4591, .T. ) ;
#2953 = CARTESIAN_POINT ( 'NONE',  ( 3.500000000000000000, 0.000000000000000000, 0.000000000000000000 ) ) ;
#2954 = FACE_OUTER_BOUND ( 'NONE', #2236, .T. ) ;
#2955 = MECHANICAL_DESIGN_GEOMETRIC_PRESENTATION_REPRESENTATION (  '', ( #1603 ), #3483 ) ;
#2956 = B_SPLINE_CURVE_WITH_KNOTS ( 'NONE', 3,
 ( #4415, #454, #1463, #2206, #1181, #2532, #3727, #129, #1834, #29 ),
 .UNSPECIFIED., .F., .F.,
 ( 4, 3, 3, 4 ),
 ( 0.000000000000000000, 1.833143621111632865E-05, 3.656618479249384957E-05, 4.558081643555573185E-05 ),
 .UNSPECIFIED. ) ;
#2957 = UNCERTAINTY_MEASURE_WITH_UNIT (LENGTH_MEASURE( 1.000000000000000082E-05 ), #3539, 'distance_accuracy_value', 'NONE');
#2958 = ORIENTED_EDGE ( 'NONE', *, *, #1874, .T. ) ;
#2959 = PRESENTATION_LAYER_ASSIGNMENT (  '', '', ( #2876 ) ) ;
#2960 = FILL_AREA_STYLE_COLOUR ( '', #266 ) ;
#2961 = CARTESIAN_POINT ( 'NONE',  ( 1.557847357580686820, 2.746759999999999646, -2.316306086614288606 ) ) ;
#2962 = VECTOR ( 'NONE', #1902, 1000.000000000000000 ) ;
#2963 = ORIENTED_EDGE ( 'NONE', *, *, #3517, .T. ) ;
#2964 =( LENGTH_UNIT ( ) NAMED_UNIT ( * ) SI_UNIT ( .MILLI., .METRE. ) );
#2965 = CARTESIAN_POINT ( 'NONE',  ( 0.9000000000000002442, 0.1164800000000001529, -2.741759999999999753 ) ) ;
#2966 = COLOUR_RGB ( '',0.7686274509803920907, 0.7686274509803920907, 0.7686274509803920907 ) ;
#2967 = SURFACE_STYLE_USAGE ( .BOTH. , #102 ) ;
#2968 = ADVANCED_FACE ( 'NONE', ( #650 ), #3148, .T. ) ;
#2969 = DIRECTION ( 'NONE',  ( 0.000000000000000000, 0.000000000000000000, 1.000000000000000000 ) ) ;
#2970 = ORIENTED_EDGE ( 'NONE', *, *, #4062, .F. ) ;
#2971 = FILL_AREA_STYLE ('',( #1230 ) ) ;
#2972 = CARTESIAN_POINT ( 'NONE',  ( 0.000000000000000000, 2.799999999999999822, -0.05823999999999999316 ) ) ;
#2973 =( GEOMETRIC_REPRESENTATION_CONTEXT ( 3 ) GLOBAL_UNCERTAINTY_ASSIGNED_CONTEXT ( ( #3377 ) ) GLOBAL_UNIT_ASSIGNED_CONTEXT ( ( #3199, #58, #4352 ) ) REPRESENTATION_CONTEXT ( 'NONE', 'WORKASPACE' ) );
#2974 = VERTEX_POINT ( 'NONE', #2868 ) ;
#2975 = VECTOR ( 'NONE', #2837, 1000.000000000000227 ) ;
#2976 = FACE_OUTER_BOUND ( 'NONE', #3102, .T. ) ;
#2977 = CARTESIAN_POINT ( 'NONE',  ( 0.9000000000000002442, 2.683519999999998795, -2.741759999999999753 ) ) ;
#2978 = EDGE_LOOP ( 'NONE', ( #4550, #763, #2979, #635 ) ) ;
#2979 = ORIENTED_EDGE ( 'NONE', *, *, #994, .F. ) ;
#2980 = DIRECTION ( 'NONE',  ( -0.2732148821746301914, 0.000000000000000000, 0.9619530280415479195 ) ) ;
#2981 = LINE ( 'NONE', #4138, #2436 ) ;
#2982 = ORIENTED_EDGE ( 'NONE', *, *, #1766, .T. ) ;
#2983 = SURFACE_STYLE_FILL_AREA ( #757 ) ;
#2984 = DIRECTION ( 'NONE',  ( 0.000000000000000000, -1.000000000000000000, -0.000000000000000000 ) ) ;
#2985 = SURFACE_STYLE_USAGE ( .BOTH. , #1560 ) ;
#2986 = DIRECTION ( 'NONE',  ( 0.9612934544747571142, 0.000000000000000000, 0.2755265765475047868 ) ) ;
#2987 = VERTEX_POINT ( 'NONE', #3564 ) ;
#2988 = CARTESIAN_POINT ( 'NONE',  ( 1.890000000000006786, 2.746759999999999646, -1.518511938874666178 ) ) ;
#2989 = EDGE_CURVE ( 'NONE', #154, #1155, #341, .T. ) ;
#2990 = DIRECTION ( 'NONE',  ( 1.000000000000000000, 0.000000000000000000, 0.000000000000000000 ) ) ;
#2991 =( NAMED_UNIT ( * ) PLANE_ANGLE_UNIT ( ) SI_UNIT ( $, .RADIAN. ) );
#2992 = VERTEX_POINT ( 'NONE', #4274 ) ;
#2993 = DIRECTION ( 'NONE',  ( 0.000000000000000000, 1.000000000000000000, 0.000000000000000000 ) ) ;
#2994 = ADVANCED_FACE ( 'NONE', ( #1397 ), #1767, .F. ) ;
#2995 = FILL_AREA_STYLE ('',( #938 ) ) ;
#2996 = ORIENTED_EDGE ( 'NONE', *, *, #1221, .F. ) ;
#2997 = UNCERTAINTY_MEASURE_WITH_UNIT (LENGTH_MEASURE( 1.000000000000000082E-05 ), #3700, 'distance_accuracy_value', 'NONE');
#2998 = VERTEX_POINT ( 'NONE', #2842 ) ;
#2999 = AXIS2_PLACEMENT_3D ( 'NONE', #4177, #673, #1649 ) ;
#3000 = CARTESIAN_POINT ( 'NONE',  ( 2.658240000000000158, 2.741759999999999753, -2.799999999999999822 ) ) ;
#3001 = EDGE_CURVE ( 'NONE', #2516, #4004, #3196, .T. ) ;
#3002 = CYLINDRICAL_SURFACE ( 'NONE', #1762, 0.05823999999999999316 ) ;
#3003 = DIRECTION ( 'NONE',  ( 1.000000000000000000, 0.000000000000000000, 0.000000000000000000 ) ) ;
#3004 = STYLED_ITEM ( 'NONE', ( #4465 ), #3105 ) ;
#3005 = ORIENTED_EDGE ( 'NONE', *, *, #4301, .F. ) ;
#3006 = DIRECTION ( 'NONE',  ( 0.000000000000000000, 0.000000000000000000, -1.000000000000000000 ) ) ;
#3007 = LINE ( 'NONE', #3056, #3478 ) ;
#3008 = COLOUR_RGB ( '',0.6470588235294117974, 0.5176470588235293491, 0.000000000000000000 ) ;
#3009 = LINE ( 'NONE', #504, #261 ) ;
#3010 = LINE ( 'NONE', #831, #2775 ) ;
#3011 = AXIS2_PLACEMENT_3D ( 'NONE', #3264, #402, #2910 ) ;
#3012 = ADVANCED_FACE ( 'NONE', ( #3633 ), #790, .T. ) ;
#3013 = ORIENTED_EDGE ( 'NONE', *, *, #1279, .F. ) ;
#3014 = DIRECTION ( 'NONE',  ( -0.000000000000000000, 1.000000000000000000, -0.000000000000000000 ) ) ;
#3015 = CIRCLE ( 'NONE', #4614, 0.05823999999999999316 ) ;
#3016 = CARTESIAN_POINT ( 'NONE',  ( 0.8974458939777407718, 0.07529810106369499989, -0.07529810106369633216 ) ) ;
#3017 = CARTESIAN_POINT ( 'NONE',  ( 1.478369079381479878, 2.746759999999999646, -2.451850088074075895 ) ) ;
#3018 = MECHANICAL_DESIGN_GEOMETRIC_PRESENTATION_REPRESENTATION (  '', ( #848 ), #1516 ) ;
#3019 = EDGE_LOOP ( 'NONE', ( #52, #3435, #4428, #1694 ) ) ;
#3020 = VECTOR ( 'NONE', #450, 1000.000000000000000 ) ;
#3021 = LINE ( 'NONE', #3712, #1441 ) ;
#3022 =( NAMED_UNIT ( * ) PLANE_ANGLE_UNIT ( ) SI_UNIT ( $, .RADIAN. ) );
#3023 = ADVANCED_FACE ( 'NONE', ( #2912 ), #3592, .F. ) ;
#3024 =( GEOMETRIC_REPRESENTATION_CONTEXT ( 3 ) GLOBAL_UNCERTAINTY_ASSIGNED_CONTEXT ( ( #4191 ) ) GLOBAL_UNIT_ASSIGNED_CONTEXT ( ( #4672, #4604, #4267 ) ) REPRESENTATION_CONTEXT ( 'NONE', 'WORKASPACE' ) );
#3025 = ORIENTED_EDGE ( 'NONE', *, *, #2919, .F. ) ;
#3026 = EDGE_LOOP ( 'NONE', ( #4174, #9, #1823 ) ) ;
#3027 = PLANE ( 'NONE',  #481 ) ;
#3028 = LINE ( 'NONE', #543, #3799 ) ;
#3029 = AXIS2_PLACEMENT_3D ( 'NONE', #2398, #2760, #282 ) ;
#3030 = CARTESIAN_POINT ( 'NONE',  ( 1.890000000000006786, 2.746759999999999646, -2.103578002401880642 ) ) ;
#3031 = EDGE_CURVE ( 'NONE', #2533, #563, #1133, .T. ) ;
#3032 = ORIENTED_EDGE ( 'NONE', *, *, #2240, .T. ) ;
#3033 = STYLED_ITEM ( 'NONE', ( #3343 ), #873 ) ;
#3034 = LINE ( 'NONE', #548, #1286 ) ;
#3035 = CARTESIAN_POINT ( 'NONE',  ( 1.633297965358701642, 2.746759999999999646, -2.039673466595974816 ) ) ;
#3036 = CARTESIAN_POINT ( 'NONE',  ( 0.8974458939777406608, 0.07529810106369520806, -2.724701898936304101 ) ) ;
#3037 = ORIENTED_EDGE ( 'NONE', *, *, #3922, .F. ) ;
#3038 = SURFACE_STYLE_FILL_AREA ( #4467 ) ;
#3039 = AXIS2_PLACEMENT_3D ( 'NONE', #2037, #1345, #2103 ) ;
#3040 = LINE ( 'NONE', #1884, #1054 ) ;
#3041 = AXIS2_PLACEMENT_3D ( 'NONE', #944, #4578, #1339 ) ;
#3042 = CARTESIAN_POINT ( 'NONE',  ( 1.811686967656117364, 2.741759999999999753, -0.9316085170136499949 ) ) ;
#3043 = ORIENTED_EDGE ( 'NONE', *, *, #1321, .F. ) ;
#3044 = DIRECTION ( 'NONE',  ( 1.000000000000000000, 0.000000000000000000, -3.606871066604851507E-15 ) ) ;
#3045 = CARTESIAN_POINT ( 'NONE',  ( 1.890000000000006786, 2.741759999999999753, -1.429865641467908510 ) ) ;
#3046 =( LENGTH_UNIT ( ) NAMED_UNIT ( * ) SI_UNIT ( .MILLI., .METRE. ) );
#3047 = AXIS2_PLACEMENT_3D ( 'NONE', #971, #1371, #3914 ) ;
#3048 = ORIENTED_EDGE ( 'NONE', *, *, #425, .T. ) ;
#3049 = UNCERTAINTY_MEASURE_WITH_UNIT (LENGTH_MEASURE( 1.000000000000000082E-05 ), #3133, 'distance_accuracy_value', 'NONE');
#3050 = EDGE_LOOP ( 'NONE', ( #3681, #1581, #256, #2435 ) ) ;
#3051 = DIRECTION ( 'NONE',  ( 0.000000000000000000, -1.000000000000000000, 3.606871066604850718E-15 ) ) ;
#3052 =( NAMED_UNIT ( * ) SI_UNIT ( $, .STERADIAN. ) SOLID_ANGLE_UNIT ( ) );
#3053 = CARTESIAN_POINT ( 'NONE',  ( 1.709380634530516696, 2.746759999999999646, -1.841313827505607126 ) ) ;
#3054 = ORIENTED_EDGE ( 'NONE', *, *, #2161, .F. ) ;
#3055 = PLANE ( 'NONE',  #2782 ) ;
#3056 = CARTESIAN_POINT ( 'NONE',  ( 3.441759999999999931, 0.000000000000000000, 0.000000000000000000 ) ) ;
#3057 = PRESENTATION_STYLE_ASSIGNMENT (( #855 ) ) ;
#3058 = ORIENTED_EDGE ( 'NONE', *, *, #2824, .T. ) ;
#3059 = DIRECTION ( 'NONE',  ( -1.000000000000000000, 0.000000000000000000, 0.000000000000000000 ) ) ;
#3060 = ORIENTED_EDGE ( 'NONE', *, *, #3417, .T. ) ;
#3061 = CARTESIAN_POINT ( 'NONE',  ( 2.600857672268034992, 0.06976012061528549801, -0.06976012061528560904 ) ) ;
#3062 = EDGE_CURVE ( 'NONE', #973, #659, #1462, .T. ) ;
#3063 = CARTESIAN_POINT ( 'NONE',  ( 2.658240000000000158, 2.741759999999999753, 0.000000000000000000 ) ) ;
#3064 = CARTESIAN_POINT ( 'NONE',  ( 3.500000000000000000, 0.000000000000000000, 0.000000000000000000 ) ) ;
#3065 = DIRECTION ( 'NONE',  ( 0.000000000000000000, 1.000000000000000000, -0.000000000000000000 ) ) ;
#3066 = ORIENTED_EDGE ( 'NONE', *, *, #3983, .F. ) ;
#3067 = ORIENTED_EDGE ( 'NONE', *, *, #3607, .F. ) ;
#3068 = PRESENTATION_STYLE_ASSIGNMENT (( #4481 ) ) ;
#3069 = FACE_OUTER_BOUND ( 'NONE', #1610, .T. ) ;
#3070 = PLANE ( 'NONE',  #2893 ) ;
#3071 = AXIS2_PLACEMENT_3D ( 'NONE', #1167, #1977, #2632 ) ;
#3072 = ORIENTED_EDGE ( 'NONE', *, *, #2872, .T. ) ;
#3073 = SURFACE_STYLE_FILL_AREA ( #3362 ) ;
#3074 = DIRECTION ( 'NONE',  ( -0.000000000000000000, -0.000000000000000000, 1.000000000000000000 ) ) ;
#3075 = CARTESIAN_POINT ( 'NONE',  ( 1.811671948376557983, 2.741759999999999753, -1.812111339561971679 ) ) ;
#3076 = CARTESIAN_POINT ( 'NONE',  ( 0.9000000000000002442, 2.683519999999998795, -2.741759999999999753 ) ) ;
#3077 =( GEOMETRIC_REPRESENTATION_CONTEXT ( 3 ) GLOBAL_UNCERTAINTY_ASSIGNED_CONTEXT ( ( #2285 ) ) GLOBAL_UNIT_ASSIGNED_CONTEXT ( ( #1186, #3022, #2302 ) ) REPRESENTATION_CONTEXT ( 'NONE', 'WORKASPACE' ) );
#3078 = ORIENTED_EDGE ( 'NONE', *, *, #4353, .T. ) ;
#3079 = LINE ( 'NONE', #4537, #4618 ) ;
#3080 = AXIS2_PLACEMENT_3D ( 'NONE', #2061, #4580, #330 ) ;
#3081 = CARTESIAN_POINT ( 'NONE',  ( 0.05824000000000020133, 0.05823999999999999316, -2.741759999999999753 ) ) ;
#3082 = EDGE_CURVE ( 'NONE', #228, #2613, #2892, .T. ) ;
#3083 = CARTESIAN_POINT ( 'NONE',  ( 1.478369079381479878, 2.746759999999999646, -1.741460643546117293 ) ) ;
#3084 = ORIENTED_EDGE ( 'NONE', *, *, #3591, .F. ) ;
#3085 = AXIS2_PLACEMENT_3D ( 'NONE', #2046, #1998, #3059 ) ;
#3086 = CARTESIAN_POINT ( 'NONE',  ( 0.8417600000000000637, 2.741759999999999753, -2.799999999999999822 ) ) ;
#3087 = CIRCLE ( 'NONE', #2861, 0.05824000000000020133 ) ;
#3088 = CARTESIAN_POINT ( 'NONE',  ( 0.8417599999999950677, 0.05823999999999999316, -0.05823999999999999316 ) ) ;
#3089 = COLOUR_RGB ( '',0.7686274509803920907, 0.7686274509803920907, 0.7686274509803920907 ) ;
#3090 = EDGE_LOOP ( 'NONE', ( #3951, #3114, #30, #670 ) ) ;
#3091 = ADVANCED_FACE ( 'NONE', ( #1876 ), #4077, .F. ) ;
#3092 = EDGE_LOOP ( 'NONE', ( #2642, #2191, #3448, #4113, #3997, #3204 ) ) ;
#3093 =( NAMED_UNIT ( * ) PLANE_ANGLE_UNIT ( ) SI_UNIT ( $, .RADIAN. ) );
#3094 = DIRECTION ( 'NONE',  ( 0.000000000000000000, -1.000000000000000000, -0.000000000000000000 ) ) ;
#3095 = CARTESIAN_POINT ( 'NONE',  ( 2.600016022061364396, 2.740095827725957722, -2.698624854025656994 ) ) ;
#3096 = EDGE_CURVE ( 'NONE', #852, #4586, #857, .T. ) ;
#3097 = VERTEX_POINT ( 'NONE', #2940 ) ;
#3098 = PRESENTATION_STYLE_ASSIGNMENT (( #2765 ) ) ;
#3099 = FACE_OUTER_BOUND ( 'NONE', #913, .T. ) ;
#3100 = LINE ( 'NONE', #4561, #4486 ) ;
#3101 =( NAMED_UNIT ( * ) SI_UNIT ( $, .STERADIAN. ) SOLID_ANGLE_UNIT ( ) );
#3102 = EDGE_LOOP ( 'NONE', ( #2686, #653, #1436, #4248 ) ) ;
#3103 = DIRECTION ( 'NONE',  ( -1.861610873086367935E-15, -1.000000000000000000, 0.000000000000000000 ) ) ;
#3104 = STYLED_ITEM ( 'NONE', ( #1697 ), #874 ) ;
#3105 = ADVANCED_FACE ( 'NONE', ( #3342 ), #2313, .T. ) ;
#3106 = LINE ( 'NONE', #1027, #605 ) ;
#3107 = VECTOR ( 'NONE', #3840, 1000.000000000000000 ) ;
#3108 = DIRECTION ( 'NONE',  ( 0.000000000000000000, 0.000000000000000000, -1.000000000000000000 ) ) ;
#3109 = ORIENTED_EDGE ( 'NONE', *, *, #4275, .T. ) ;
#3110 = AXIS2_PLACEMENT_3D ( 'NONE', #2953, #4400, #1172 ) ;
#3111 =( LENGTH_UNIT ( ) NAMED_UNIT ( * ) SI_UNIT ( .MILLI., .METRE. ) );
#3112 = LINE ( 'NONE', #4644, #2778 ) ;
#3113 = ORIENTED_EDGE ( 'NONE', *, *, #2460, .F. ) ;
#3114 = ORIENTED_EDGE ( 'NONE', *, *, #3417, .F. ) ;
#3115 = LINE ( 'NONE', #4622, #706 ) ;
#3116 = FILL_AREA_STYLE_COLOUR ( '', #800 ) ;
#3117 = FILL_AREA_STYLE ('',( #4555 ) ) ;
#3118 = AXIS2_PLACEMENT_3D ( 'NONE', #2908, #1128, #1802 ) ;
#3119 = VERTEX_POINT ( 'NONE', #2654 ) ;
#3120 = FILL_AREA_STYLE_COLOUR ( '', #1369 ) ;
#3121 = CARTESIAN_POINT ( 'NONE',  ( 1.890000000000006786, 2.746759999999999646, -1.235447311932450276 ) ) ;
#3122 = CARTESIAN_POINT ( 'NONE',  ( 1.709380634530516696, 2.741759999999999753, -2.017938064331727954 ) ) ;
#3123 = CARTESIAN_POINT ( 'NONE',  ( 2.658240000000000158, 2.741759999999999753, -2.741759999999999753 ) ) ;
#3124 = CARTESIAN_POINT ( 'NONE',  ( 0.8999839779386353822, 2.698624854025656994, -2.740095827725958166 ) ) ;
#3125 = ORIENTED_EDGE ( 'NONE', *, *, #2268, .T. ) ;
#3126 = DIRECTION ( 'NONE',  ( 0.000000000000000000, 0.000000000000000000, 1.000000000000000000 ) ) ;
#3127 = DIRECTION ( 'NONE',  ( 0.000000000000000000, 0.000000000000000000, -1.000000000000000000 ) ) ;
#3128 = CARTESIAN_POINT ( 'NONE',  ( 0.8991423277319605667, 0.06976012061528526209, -2.730239879384714019 ) ) ;
#3129 = DIRECTION ( 'NONE',  ( -0.000000000000000000, -1.000000000000000000, 0.000000000000000000 ) ) ;
#3130 = ORIENTED_EDGE ( 'NONE', *, *, #379, .F. ) ;
#3131 = LINE ( 'NONE', #206, #3889 ) ;
#3132 =( NAMED_UNIT ( * ) PLANE_ANGLE_UNIT ( ) SI_UNIT ( $, .RADIAN. ) );
#3133 =( LENGTH_UNIT ( ) NAMED_UNIT ( * ) SI_UNIT ( .MILLI., .METRE. ) );
#3134 = ORIENTED_EDGE ( 'NONE', *, *, #2816, .T. ) ;
#3135 = ORIENTED_EDGE ( 'NONE', *, *, #1830, .F. ) ;
#3136 = EDGE_CURVE ( 'NONE', #3391, #2569, #1160, .T. ) ;
#3137 = LINE ( 'NONE', #2446, #2195 ) ;
#3138 = PRESENTATION_STYLE_ASSIGNMENT (( #1709 ) ) ;
#3139 = ORIENTED_EDGE ( 'NONE', *, *, #4490, .F. ) ;
#3140 =( NAMED_UNIT ( * ) PLANE_ANGLE_UNIT ( ) SI_UNIT ( $, .RADIAN. ) );
#3141 = CARTESIAN_POINT ( 'NONE',  ( 1.556720911532859519, 2.741759999999999753, -1.004747407186507457 ) ) ;
#3142 = SURFACE_STYLE_USAGE ( .BOTH. , #2767 ) ;
#3143 = SURFACE_SIDE_STYLE ('',( #3843 ) ) ;
#3144 = DIRECTION ( 'NONE',  ( -1.000000000000000000, 0.000000000000000000, 0.000000000000000000 ) ) ;
#3145 = ORIENTED_EDGE ( 'NONE', *, *, #2653, .T. ) ;
#3146 = DIRECTION ( 'NONE',  ( -0.9601763114346046901, 0.000000000000000000, -0.2793947940814874298 ) ) ;
#3147 = DIRECTION ( 'NONE',  ( 1.000000000000000000, 0.000000000000000000, 0.000000000000000000 ) ) ;
#3148 = CYLINDRICAL_SURFACE ( 'NONE', #2310, 0.05824000000000020133 ) ;
#3149 = AXIS2_PLACEMENT_3D ( 'NONE', #1434, #4269, #4675 ) ;
#3150 = CARTESIAN_POINT ( 'NONE',  ( 2.600000000000000089, 2.683519999999998795, -0.05824000000000020133 ) ) ;
#3151 = ORIENTED_EDGE ( 'NONE', *, *, #570, .F. ) ;
#3152 = VECTOR ( 'NONE', #2105, 1000.000000000000000 ) ;
#3153 = SURFACE_STYLE_FILL_AREA ( #2734 ) ;
#3154 = EDGE_CURVE ( 'NONE', #280, #1222, #1580, .T. ) ;
#3155 = DIRECTION ( 'NONE',  ( -1.000000000000000000, -0.000000000000000000, -0.000000000000000000 ) ) ;
#3156 = VECTOR ( 'NONE', #3821, 1000.000000000000000 ) ;
#3157 = ORIENTED_EDGE ( 'NONE', *, *, #3576, .T. ) ;
#3158 = ORIENTED_EDGE ( 'NONE', *, *, #3644, .T. ) ;
#3159 = LINE ( 'NONE', #612, #197 ) ;
#3160 = STYLED_ITEM ( 'NONE', ( #2 ), #4108 ) ;
#3161 = DIRECTION ( 'NONE',  ( -0.9617234872620624708, 0.000000000000000000, -0.2740217765953967821 ) ) ;
#3162 = EDGE_CURVE ( 'NONE', #3325, #2666, #3010, .T. ) ;
#3163 = STYLED_ITEM ( 'NONE', ( #2156 ), #4365 ) ;
#3164 = EDGE_LOOP ( 'NONE', ( #1887, #1228, #1942, #2054 ) ) ;
#3165 = SURFACE_SIDE_STYLE ('',( #262 ) ) ;
#3166 = DIRECTION ( 'NONE',  ( 0.000000000000000000, 1.000000000000000000, 0.000000000000000000 ) ) ;
#3167 = PLANE ( 'NONE',  #617 ) ;
#3168 = FACE_OUTER_BOUND ( 'NONE', #3986, .T. ) ;
#3169 = ADVANCED_FACE ( 'NONE', ( #2250 ), #1856, .T. ) ;
#3170 = DIRECTION ( 'NONE',  ( -0.000000000000000000, -1.000000000000000000, 0.000000000000000000 ) ) ;
#3171 = ORIENTED_EDGE ( 'NONE', *, *, #4275, .F. ) ;
#3172 = AXIS2_PLACEMENT_3D ( 'NONE', #3222, #4371, #4299 ) ;
#3173 = LINE ( 'NONE', #1092, #12 ) ;
#3174 =( NAMED_UNIT ( * ) SI_UNIT ( $, .STERADIAN. ) SOLID_ANGLE_UNIT ( ) );
#3175 = ORIENTED_EDGE ( 'NONE', *, *, #789, .F. ) ;
#3176 = PRESENTATION_LAYER_ASSIGNMENT (  '', '', ( #2649 ) ) ;
#3177 = FILL_AREA_STYLE ('',( #3975 ) ) ;
#3178 =( GEOMETRIC_REPRESENTATION_CONTEXT ( 3 ) GLOBAL_UNCERTAINTY_ASSIGNED_CONTEXT ( ( #1124 ) ) GLOBAL_UNIT_ASSIGNED_CONTEXT ( ( #2579, #2773, #3590 ) ) REPRESENTATION_CONTEXT ( 'NONE', 'WORKASPACE' ) );
#3179 = DIRECTION ( 'NONE',  ( 0.000000000000000000, 0.000000000000000000, -1.000000000000000000 ) ) ;
#3180 =( BOUNDED_CURVE ( )  B_SPLINE_CURVE ( 3, ( #4423, #1309, #3884, #2022 ),
 .UNSPECIFIED., .F., .T. ) 
 B_SPLINE_CURVE_WITH_KNOTS ( ( 4, 4 ),
 ( 1.570796326794896558, 1.868047688116104110 ),
 .UNSPECIFIED. ) 
 CURVE ( )  GEOMETRIC_REPRESENTATION_ITEM ( )  RATIONAL_B_SPLINE_CURVE ( ( 1.000000000000000000, 0.9926503465430337458, 0.9926503465430337458, 1.000000000000000000 ) ) 
 REPRESENTATION_ITEM ( '' )  );
#3181 = VERTEX_POINT ( 'NONE', #4534 ) ;
#3182 = CARTESIAN_POINT ( 'NONE',  ( 1.478369079381479878, 2.741759999999999753, -0.4682956089486576823 ) ) ;
#3183 = VECTOR ( 'NONE', #2381, 1000.000000000000000 ) ;
#3184 = CARTESIAN_POINT ( 'NONE',  ( 0.9000000000000000222, 2.735968012868675192, -2.735968012868675192 ) ) ;
#3185 = UNCERTAINTY_MEASURE_WITH_UNIT (LENGTH_MEASURE( 1.000000000000000082E-05 ), #616, 'distance_accuracy_value', 'NONE');
#3186 = ORIENTED_EDGE ( 'NONE', *, *, #448, .T. ) ;
#3187 = DIRECTION ( 'NONE',  ( 0.000000000000000000, 0.000000000000000000, 1.000000000000000000 ) ) ;
#3188 = DIRECTION ( 'NONE',  ( 0.000000000000000000, 0.000000000000000000, -1.000000000000000000 ) ) ;
#3189 =( GEOMETRIC_REPRESENTATION_CONTEXT ( 3 ) GLOBAL_UNCERTAINTY_ASSIGNED_CONTEXT ( ( #1919 ) ) GLOBAL_UNIT_ASSIGNED_CONTEXT ( ( #3680, #2258, #436 ) ) REPRESENTATION_CONTEXT ( 'NONE', 'WORKASPACE' ) );
#3190 = CARTESIAN_POINT ( 'NONE',  ( 1.478369079381479878, 2.741759999999999753, -0.5855010684459950321 ) ) ;
#3191 = SURFACE_STYLE_FILL_AREA ( #336 ) ;
#3192 = ORIENTED_EDGE ( 'NONE', *, *, #2041, .F. ) ;
#3193 = VECTOR ( 'NONE', #1639, 1000.000000000000000 ) ;
#3194 = PLANE ( 'NONE',  #2788 ) ;
#3195 =( NAMED_UNIT ( * ) PLANE_ANGLE_UNIT ( ) SI_UNIT ( $, .RADIAN. ) );
#3196 = LINE ( 'NONE', #2456, #2772 ) ;
#3197 = CARTESIAN_POINT ( 'NONE',  ( 1.811671948376557983, 2.746759999999999646, -2.005877581997301817 ) ) ;
#3198 = EDGE_CURVE ( 'NONE', #130, #2797, #2012, .T. ) ;
#3199 =( LENGTH_UNIT ( ) NAMED_UNIT ( * ) SI_UNIT ( .MILLI., .METRE. ) );
#3200 = LINE ( 'NONE', #2213, #1522 ) ;
#3201 = DIRECTION ( 'NONE',  ( 1.000000000000000000, -0.000000000000000000, 0.000000000000000000 ) ) ;
#3202 = PRODUCT_RELATED_PRODUCT_CATEGORY ( 'part', '', ( #4628 ) ) ;
#3203 = EDGE_CURVE ( 'NONE', #803, #3658, #1503, .T. ) ;
#3204 = ORIENTED_EDGE ( 'NONE', *, *, #2179, .F. ) ;
#3205 = EDGE_CURVE ( 'NONE', #2072, #3648, #76, .T. ) ;
#3206 = SURFACE_STYLE_USAGE ( .BOTH. , #1776 ) ;
#3207 = LINE ( 'NONE', #4307, #1685 ) ;
#3208 = DIRECTION ( 'NONE',  ( -1.000000000000000000, 0.000000000000000000, 0.000000000000000000 ) ) ;
#3209 = VERTEX_POINT ( 'NONE', #926 ) ;
#3210 = DIRECTION ( 'NONE',  ( -1.000000000000000000, 0.000000000000000000, -0.000000000000000000 ) ) ;
#3211 = CARTESIAN_POINT ( 'NONE',  ( 0.9000000000000001332, 0.05824000000000020133, -0.1164799999999999724 ) ) ;
#3212 = DIRECTION ( 'NONE',  ( 0.9610992334305258344, 0.000000000000000000, 0.2762033010288896806 ) ) ;
#3213 = SURFACE_STYLE_FILL_AREA ( #3939 ) ;
#3214 = ADVANCED_FACE ( 'NONE', ( #596 ), #198, .T. ) ;
#3215 = ORIENTED_EDGE ( 'NONE', *, *, #3695, .F. ) ;
#3216 = FILL_AREA_STYLE_COLOUR ( '', #2719 ) ;
#3217 = LINE ( 'NONE', #1416, #339 ) ;
#3218 = DIRECTION ( 'NONE',  ( 0.000000000000000000, 0.000000000000000000, -1.000000000000000000 ) ) ;
#3219 = ADVANCED_FACE ( 'NONE', ( #4514 ), #1625, .F. ) ;
#3220 = MECHANICAL_DESIGN_GEOMETRIC_PRESENTATION_REPRESENTATION (  '', ( #2843 ), #534 ) ;
#3221 = CARTESIAN_POINT ( 'NONE',  ( 2.599998559839499901, 2.689607843130267018, -0.05847937081738369819 ) ) ;
#3222 = CARTESIAN_POINT ( 'NONE',  ( 1.478369079381479878, 2.746759999999999646, -1.791051805255976292 ) ) ;
#3223 = SURFACE_SIDE_STYLE ('',( #2845 ) ) ;
#3224 =( NAMED_UNIT ( * ) SI_UNIT ( $, .STERADIAN. ) SOLID_ANGLE_UNIT ( ) );
#3225 = CARTESIAN_POINT ( 'NONE',  ( 3.441759999999999931, 0.000000000000000000, -2.799999999999999822 ) ) ;
#3226 = EDGE_CURVE ( 'NONE', #4426, #489, #2796, .T. ) ;
#3227 = VERTEX_POINT ( 'NONE', #4220 ) ;
#3228 = CIRCLE ( 'NONE', #2547, 0.05823999999999999316 ) ;
#3229 = SURFACE_STYLE_FILL_AREA ( #2900 ) ;
#3230 = CARTESIAN_POINT ( 'NONE',  ( 2.600207013399458589, 0.09126101466390727779, -0.06358659156683479918 ) ) ;
#3231 = SURFACE_STYLE_FILL_AREA ( #3600 ) ;
#3232 = PRESENTATION_LAYER_ASSIGNMENT (  '', '', ( #619 ) ) ;
#3233 = UNCERTAINTY_MEASURE_WITH_UNIT (LENGTH_MEASURE( 1.000000000000000082E-05 ), #2546, 'distance_accuracy_value', 'NONE');
#3234 = ORIENTED_EDGE ( 'NONE', *, *, #1654, .F. ) ;
#3235 = LINE ( 'NONE', #1085, #1374 ) ;
#3236 = FACE_OUTER_BOUND ( 'NONE', #3797, .T. ) ;
#3237 = MECHANICAL_DESIGN_GEOMETRIC_PRESENTATION_REPRESENTATION (  '', ( #4384 ), #1738 ) ;
#3238 = DIRECTION ( 'NONE',  ( -5.943634068010693762E-14, 0.000000000000000000, 1.000000000000000000 ) ) ;
#3239 = SURFACE_SIDE_STYLE ('',( #95 ) ) ;
#3240 = DIRECTION ( 'NONE',  ( 0.9237839814038673047, 0.000000000000000000, -0.3829140317376987235 ) ) ;
#3241 = COLOUR_RGB ( '',0.7921568627450980005, 0.8196078431372548767, 0.9333333333333333481 ) ;
#3242 = VERTEX_POINT ( 'NONE', #1022 ) ;
#3243 = SURFACE_SIDE_STYLE ('',( #1131 ) ) ;
#3244 =( NAMED_UNIT ( * ) PLANE_ANGLE_UNIT ( ) SI_UNIT ( $, .RADIAN. ) );
#3245 =( GEOMETRIC_REPRESENTATION_CONTEXT ( 3 ) GLOBAL_UNCERTAINTY_ASSIGNED_CONTEXT ( ( #1451 ) ) GLOBAL_UNIT_ASSIGNED_CONTEXT ( ( #4389, #1115, #24 ) ) REPRESENTATION_CONTEXT ( 'NONE', 'WORKASPACE' ) );
#3246 = AXIS2_PLACEMENT_3D ( 'NONE', #386, #4351, #2844 ) ;
#3247 = ORIENTED_EDGE ( 'NONE', *, *, #1898, .T. ) ;
#3248 = SURFACE_STYLE_FILL_AREA ( #1720 ) ;
#3249 = SURFACE_STYLE_FILL_AREA ( #1770 ) ;
#3250 = EDGE_CURVE ( 'NONE', #433, #3658, #2018, .T. ) ;
#3251 = AXIS2_PLACEMENT_3D ( 'NONE', #2287, #2375, #872 ) ;
#3252 = CARTESIAN_POINT ( 'NONE',  ( 1.811671948376557983, 2.746759999999999646, -1.812111339561971679 ) ) ;
#3253 = CARTESIAN_POINT ( 'NONE',  ( 3.500000000000000000, 0.05823999999999999316, -2.799999999999999822 ) ) ;
#3254 = ORIENTED_EDGE ( 'NONE', *, *, #1420, .T. ) ;
#3255 = FILL_AREA_STYLE_COLOUR ( '', #2272 ) ;
#3256 = CARTESIAN_POINT ( 'NONE',  ( 2.601363589254264586, 0.08039141117225961919, -0.07076882678794754744 ) ) ;
#3257 = COLOUR_RGB ( '',0.7686274509803920907, 0.7686274509803920907, 0.7686274509803920907 ) ;
#3258 = FILL_AREA_STYLE_COLOUR ( '', #3697 ) ;
#3259 = ORIENTED_EDGE ( 'NONE', *, *, #1898, .F. ) ;
#3260 = MECHANICAL_DESIGN_GEOMETRIC_PRESENTATION_REPRESENTATION (  '', ( #2132 ), #1168 ) ;
#3261 = CARTESIAN_POINT ( 'NONE',  ( 0.9000000000000002442, 2.735968012868675636, -0.06403198713132458864 ) ) ;
#3262 = LINE ( 'NONE', #735, #503 ) ;
#3263 = ORIENTED_EDGE ( 'NONE', *, *, #4124, .F. ) ;
#3264 = CARTESIAN_POINT ( 'NONE',  ( 3.441759999999999931, 0.000000000000000000, -0.05823999999999999316 ) ) ;
#3265 = AXIS2_PLACEMENT_3D ( 'NONE', #1232, #2658, #2990 ) ;
#3266 = B_SPLINE_CURVE_WITH_KNOTS ( 'NONE', 3,
 ( #731, #3580, #3981, #3278, #4382, #354, #1151, #17, #2570, #752 ),
 .UNSPECIFIED., .F., .F.,
 ( 4, 3, 3, 4 ),
 ( 0.000000000000000000, 1.833143621111576961E-05, 3.656618479249288734E-05, 4.558081643555589448E-05 ),
 .UNSPECIFIED. ) ;
#3267 = SURFACE_SIDE_STYLE ('',( #2599 ) ) ;
#3268 = FACE_OUTER_BOUND ( 'NONE', #2615, .T. ) ;
#3269 = EDGE_LOOP ( 'NONE', ( #2459, #2904, #3157 ) ) ;
#3270 = LINE ( 'NONE', #2945, #4317 ) ;
#3271 = PRESENTATION_STYLE_ASSIGNMENT (( #3567 ) ) ;
#3272 = FACE_OUTER_BOUND ( 'NONE', #3026, .T. ) ;
#3273 = DIRECTION ( 'NONE',  ( -0.9615454294334447871, 0.000000000000000000, -0.2746459304917005517 ) ) ;
#3274 = ORIENTED_EDGE ( 'NONE', *, *, #675, .T. ) ;
#3275 = CARTESIAN_POINT ( 'NONE',  ( 1.811671948376557983, 2.741759999999999753, -2.005877581997301817 ) ) ;
#3276 = UNCERTAINTY_MEASURE_WITH_UNIT (LENGTH_MEASURE( 1.000000000000000082E-05 ), #2130, 'distance_accuracy_value', 'NONE');
#3277 = ORIENTED_EDGE ( 'NONE', *, *, #2662, .F. ) ;
#3278 = CARTESIAN_POINT ( 'NONE',  ( 0.8996518591888691407, 2.735401522221776904, -0.09001860827637322982 ) ) ;
#3279 = PRESENTATION_STYLE_ASSIGNMENT (( #4031 ) ) ;
#3280 = SURFACE_STYLE_USAGE ( .BOTH. , #357 ) ;
#3281 = SURFACE_SIDE_STYLE ('',( #3213 ) ) ;
#3282 = VERTEX_POINT ( 'NONE', #1271 ) ;
#3283 = LINE ( 'NONE', #3675, #1204 ) ;
#3284 = LINE ( 'NONE', #73, #4636 ) ;
#3285 = EDGE_CURVE ( 'NONE', #2641, #2480, #2145, .T. ) ;
#3286 = CARTESIAN_POINT ( 'NONE',  ( 0.8417599999999947347, 0.05823999999999999316, 0.000000000000000000 ) ) ;
#3287 = LINE ( 'NONE', #4349, #3486 ) ;
#3288 = EDGE_LOOP ( 'NONE', ( #4186, #1313, #4147, #2723 ) ) ;
#3289 = FILL_AREA_STYLE ('',( #1137 ) ) ;
#3290 =( LENGTH_UNIT ( ) NAMED_UNIT ( * ) SI_UNIT ( .MILLI., .METRE. ) );
#3291 = CYLINDRICAL_SURFACE ( 'NONE', #3502, 0.05824000000000020133 ) ;
#3292 = EDGE_CURVE ( 'NONE', #2987, #2835, #1716, .T. ) ;
#3293 = LINE ( 'NONE', #1101, #4212 ) ;
#3294 = PRESENTATION_LAYER_ASSIGNMENT (  '', '', ( #74 ) ) ;
#3295 = CARTESIAN_POINT ( 'NONE',  ( 1.478369079381479878, 2.746759999999999646, -0.5855010684459950321 ) ) ;
#3296 = ORIENTED_EDGE ( 'NONE', *, *, #93, .F. ) ;
#3297 = SURFACE_SIDE_STYLE ('',( #2610 ) ) ;
#3298 = PRESENTATION_LAYER_ASSIGNMENT (  '', '', ( #3004 ) ) ;
#3299 = CARTESIAN_POINT ( 'NONE',  ( 1.478369079381479878, 2.746759999999999646, -0.4682956089486576823 ) ) ;
#3300 = EDGE_CURVE ( 'NONE', #4388, #2480, #4173, .T. ) ;
#3301 = SPHERICAL_SURFACE ( 'NONE', #4076, 0.05823999999999999316 ) ;
#3302 = STYLED_ITEM ( 'NONE', ( #1285 ), #3446 ) ;
#3303 = ORIENTED_EDGE ( 'NONE', *, *, #2653, .F. ) ;
#3304 = CARTESIAN_POINT ( 'NONE',  ( 0.8999999999999948042, 0.05823999999999999316, 0.000000000000000000 ) ) ;
#3305 = DIRECTION ( 'NONE',  ( 0.000000000000000000, 0.000000000000000000, -1.000000000000000000 ) ) ;
#3306 =( BOUNDED_CURVE ( )  B_SPLINE_CURVE ( 3, ( #2833, #2926, #1863, #1147 ),
 .UNSPECIFIED., .F., .T. ) 
 B_SPLINE_CURVE_WITH_KNOTS ( ( 4, 4 ),
 ( 1.570796326794896558, 1.868047688116104776 ),
 .UNSPECIFIED. ) 
 CURVE ( )  GEOMETRIC_REPRESENTATION_ITEM ( )  RATIONAL_B_SPLINE_CURVE ( ( 1.000000000000000000, 0.9926503465430337458, 0.9926503465430337458, 1.000000000000000000 ) ) 
 REPRESENTATION_ITEM ( '' )  );
#3307 = DIRECTION ( 'NONE',  ( -1.000000000000000000, 0.000000000000000000, -5.943634068010693762E-14 ) ) ;
#3308 = MECHANICAL_DESIGN_GEOMETRIC_PRESENTATION_REPRESENTATION (  '', ( #619 ), #624 ) ;
#3309 = EDGE_CURVE ( 'NONE', #3097, #2759, #3897, .T. ) ;
#3310 = CARTESIAN_POINT ( 'NONE',  ( 0.9000000000000002442, 2.683519999999999683, -2.683520000000000127 ) ) ;
#3311 = PRESENTATION_LAYER_ASSIGNMENT (  '', '', ( #695 ) ) ;
#3312 = ORIENTED_EDGE ( 'NONE', *, *, #2917, .F. ) ;
#3313 = SURFACE_STYLE_USAGE ( .BOTH. , #3243 ) ;
#3314 = CARTESIAN_POINT ( 'NONE',  ( 1.811686967656117364, 2.741759999999999753, -1.159793944193151738 ) ) ;
#3315 = VECTOR ( 'NONE', #106, 1000.000000000000000 ) ;
#3316 = SURFACE_STYLE_FILL_AREA ( #453 ) ;
#3317 = CARTESIAN_POINT ( 'NONE',  ( 0.9000000000000001332, 0.05824000000000020133, -2.683520000000000127 ) ) ;
#3318 = EDGE_LOOP ( 'NONE', ( #3774, #1905, #2463, #1066 ) ) ;
#3319 = MECHANICAL_DESIGN_GEOMETRIC_PRESENTATION_REPRESENTATION (  '', ( #2716 ), #478 ) ;
#3320 = CARTESIAN_POINT ( 'NONE',  ( 0.8417599999999947347, 0.05823999999999999316, 0.000000000000000000 ) ) ;
#3321 = LINE ( 'NONE', #509, #1894 ) ;
#3322 = PRESENTATION_LAYER_ASSIGNMENT (  '', '', ( #3163 ) ) ;
#3323 = DIRECTION ( 'NONE',  ( 1.000000000000000000, 0.000000000000000000, 0.000000000000000000 ) ) ;
#3324 =( GEOMETRIC_REPRESENTATION_CONTEXT ( 3 ) GLOBAL_UNCERTAINTY_ASSIGNED_CONTEXT ( ( #2722 ) ) GLOBAL_UNIT_ASSIGNED_CONTEXT ( ( #3290, #2535, #2485 ) ) REPRESENTATION_CONTEXT ( 'NONE', 'WORKASPACE' ) );
#3325 = VERTEX_POINT ( 'NONE', #3332 ) ;
#3326 = COLOUR_RGB ( '',0.7686274509803920907, 0.7686274509803920907, 0.7686274509803920907 ) ;
#3327 = LINE ( 'NONE', #3710, #3415 ) ;
#3328 = B_SPLINE_CURVE_WITH_KNOTS ( 'NONE', 3,
 ( #4498, #1789, #696, #1029, #2139, #1003, #2440, #3221, #4298, #3150 ),
 .UNSPECIFIED., .F., .F.,
 ( 4, 3, 3, 4 ),
 ( 0.000000000000000000, 1.833143621111644724E-05, 3.656618479249394444E-05, 4.558081643555729039E-05 ),
 .UNSPECIFIED. ) ;
#3329 = PLANE ( 'NONE',  #4410 ) ;
#3330 = SURFACE_STYLE_USAGE ( .BOTH. , #3684 ) ;
#3331 = AXIS2_PLACEMENT_3D ( 'NONE', #799, #62, #2517 ) ;
#3332 = CARTESIAN_POINT ( 'NONE',  ( 1.557856304720737217, 2.746759999999999646, -2.429006833949353350 ) ) ;
#3333 = ORIENTED_EDGE ( 'NONE', *, *, #4476, .T. ) ;
#3334 = UNCERTAINTY_MEASURE_WITH_UNIT (LENGTH_MEASURE( 1.000000000000000082E-05 ), #2964, 'distance_accuracy_value', 'NONE');
#3335 = EDGE_LOOP ( 'NONE', ( #456, #1593, #3668 ) ) ;
#3336 =( LENGTH_UNIT ( ) NAMED_UNIT ( * ) SI_UNIT ( .MILLI., .METRE. ) );
#3337 = STYLED_ITEM ( 'NONE', ( #3057 ), #1053 ) ;
#3338 = STYLED_ITEM ( 'NONE', ( #1967 ), #1443 ) ;
#3339 = EDGE_LOOP ( 'NONE', ( #3139, #1414, #2261 ) ) ;
#3340 = DIRECTION ( 'NONE',  ( 0.000000000000000000, 0.000000000000000000, 1.000000000000000000 ) ) ;
#3341 = DIRECTION ( 'NONE',  ( -0.9615323037684311291, 0.000000000000000000, -0.2746918797667186607 ) ) ;
#3342 = FACE_OUTER_BOUND ( 'NONE', #2687, .T. ) ;
#3343 = PRESENTATION_STYLE_ASSIGNMENT (( #1135 ) ) ;
#3344 = VERTEX_POINT ( 'NONE', #2434 ) ;
#3345 = AXIS2_PLACEMENT_3D ( 'NONE', #748, #370, #1777 ) ;
#3346 = PRESENTATION_STYLE_ASSIGNMENT (( #2628 ) ) ;
#3347 = PRESENTATION_STYLE_ASSIGNMENT (( #1319 ) ) ;
#3348 = DIRECTION ( 'NONE',  ( 0.000000000000000000, -1.000000000000000000, 0.000000000000000000 ) ) ;
#3349 = STYLED_ITEM ( 'NONE', ( #1323 ), #1929 ) ;
#3350 = SPHERICAL_SURFACE ( 'NONE', #452, 0.05823999999999999316 ) ;
#3351 = ORIENTED_EDGE ( 'NONE', *, *, #1154, .F. ) ;
#3352 =( GEOMETRIC_REPRESENTATION_CONTEXT ( 3 ) GLOBAL_UNCERTAINTY_ASSIGNED_CONTEXT ( ( #846 ) ) GLOBAL_UNIT_ASSIGNED_CONTEXT ( ( #622, #1715, #2821 ) ) REPRESENTATION_CONTEXT ( 'NONE', 'WORKASPACE' ) );
#3353 = SURFACE_STYLE_USAGE ( .BOTH. , #155 ) ;
#3354 = CARTESIAN_POINT ( 'NONE',  ( 1.709380634529654497, 2.746759999999999646, -1.137410209649718507 ) ) ;
#3355 =( LENGTH_UNIT ( ) NAMED_UNIT ( * ) SI_UNIT ( .MILLI., .METRE. ) );
#3356 =( NAMED_UNIT ( * ) PLANE_ANGLE_UNIT ( ) SI_UNIT ( $, .RADIAN. ) );
#3357 = ORIENTED_EDGE ( 'NONE', *, *, #2484, .T. ) ;
#3358 = ORIENTED_EDGE ( 'NONE', *, *, #2021, .F. ) ;
#3359 = LINE ( 'NONE', #2244, #3790 ) ;
#3360 = DIRECTION ( 'NONE',  ( -1.000000000000000000, 0.000000000000000000, 0.000000000000000000 ) ) ;
#3361 = VERTEX_POINT ( 'NONE', #3586 ) ;
#3362 = FILL_AREA_STYLE ('',( #1223 ) ) ;
#3363 = CARTESIAN_POINT ( 'NONE',  ( 1.653904418361210604, 2.741759999999999753, -0.5351839751692804015 ) ) ;
#3364 = LINE ( 'NONE', #3075, #1755 ) ;
#3365 = ADVANCED_FACE ( 'NONE', ( #822 ), #4655, .F. ) ;
#3366 = ORIENTED_EDGE ( 'NONE', *, *, #2712, .T. ) ;
#3367 = FACE_OUTER_BOUND ( 'NONE', #574, .T. ) ;
#3368 = CARTESIAN_POINT ( 'NONE',  ( 2.600000000000000089, 2.683519999999998795, -2.741759999999999753 ) ) ;
#3369 = FILL_AREA_STYLE_COLOUR ( '', #4104 ) ;
#3370 = ADVANCED_FACE ( 'NONE', ( #1763 ), #4292, .T. ) ;
#3371 = DIRECTION ( 'NONE',  ( -0.000000000000000000, -1.000000000000000000, 0.000000000000000000 ) ) ;
#3372 = ORIENTED_EDGE ( 'NONE', *, *, #1628, .F. ) ;
#3373 = DIRECTION ( 'NONE',  ( 0.000000000000000000, 0.000000000000000000, 1.000000000000000000 ) ) ;
#3374 = ADVANCED_FACE ( 'NONE', ( #3916 ), #736, .F. ) ;
#3375 = CARTESIAN_POINT ( 'NONE',  ( 1.890000000000006786, 2.746759999999999646, -1.623113718722069665 ) ) ;
#3376 = EDGE_LOOP ( 'NONE', ( #3559, #1130, #3728 ) ) ;
#3377 = UNCERTAINTY_MEASURE_WITH_UNIT (LENGTH_MEASURE( 1.000000000000000082E-05 ), #3199, 'distance_accuracy_value', 'NONE');
#3378 = ORIENTED_EDGE ( 'NONE', *, *, #1142, .T. ) ;
#3379 = VECTOR ( 'NONE', #2234, 1000.000000000000000 ) ;
#3380 = DIRECTION ( 'NONE',  ( -0.000000000000000000, -3.606871066604850718E-15, -1.000000000000000000 ) ) ;
#3381 = EDGE_CURVE ( 'NONE', #4304, #2207, #2838, .T. ) ;
#3382 = CARTESIAN_POINT ( 'NONE',  ( 1.890000000000006786, 2.741759999999999753, -1.320128519256672073 ) ) ;
#3383 = VECTOR ( 'NONE', #1546, 1000.000000000000000 ) ;
#3384 = ORIENTED_EDGE ( 'NONE', *, *, #327, .T. ) ;
#3385 = PLANE ( 'NONE',  #2549 ) ;
#3386 = CARTESIAN_POINT ( 'NONE',  ( 3.441759999999999931, 0.05823999999999999316, -0.05823999999999999316 ) ) ;
#3387 = VECTOR ( 'NONE', #3475, 1000.000000000000000 ) ;
#3388 = SURFACE_STYLE_FILL_AREA ( #1945 ) ;
#3389 = DIRECTION ( 'NONE',  ( 0.000000000000000000, 0.000000000000000000, 1.000000000000000000 ) ) ;
#3390 = AXIS2_PLACEMENT_3D ( 'NONE', #1192, #2621, #2650 ) ;
#3391 = VERTEX_POINT ( 'NONE', #2887 ) ;
#3392 = DIRECTION ( 'NONE',  ( 0.002813301676014988168, 0.000000000000000000, -0.9999960426590095430 ) ) ;
#3393 = EDGE_CURVE ( 'NONE', #2543, #4363, #3228, .T. ) ;
#3394 = AXIS2_PLACEMENT_3D ( 'NONE', #1357, #2780, #1723 ) ;
#3395 = VECTOR ( 'NONE', #1631, 1000.000000000000000 ) ;
#3396 = FILL_AREA_STYLE_COLOUR ( '', #3962 ) ;
#3397 = CARTESIAN_POINT ( 'NONE',  ( 1.890000000000006786, 2.741759999999999753, -0.7919942905095858077 ) ) ;
#3398 = VECTOR ( 'NONE', #3498, 1000.000000000000000 ) ;
#3399 = AXIS2_PLACEMENT_3D ( 'NONE', #738, #3537, #1395 ) ;
#3400 = CARTESIAN_POINT ( 'NONE',  ( 2.601260537736253209, 0.07952093373177823721, -2.728924731604386977 ) ) ;
#3401 = ORIENTED_EDGE ( 'NONE', *, *, #3956, .F. ) ;
#3402 = ADVANCED_FACE ( 'NONE', ( #467 ), #3940, .F. ) ;
#3403 = DIRECTION ( 'NONE',  ( 0.9984327301130250243, 0.000000000000000000, 0.05596501978067342647 ) ) ;
#3404 = AXIS2_PLACEMENT_3D ( 'NONE', #2115, #603, #4613 ) ;
#3405 = MECHANICAL_DESIGN_GEOMETRIC_PRESENTATION_REPRESENTATION (  '', ( #1599 ), #1380 ) ;
#3406 = CARTESIAN_POINT ( 'NONE',  ( 3.441759999999999931, 0.000000000000000000, -2.741759999999999753 ) ) ;
#3407 = PRODUCT_DEFINITION_SHAPE ( 'NONE', 'NONE',  #3705 ) ;
#3408 = ORIENTED_EDGE ( 'NONE', *, *, #2952, .F. ) ;
#3409 = ORIENTED_EDGE ( 'NONE', *, *, #3842, .F. ) ;
#3410 = DIRECTION ( 'NONE',  ( -0.000000000000000000, -1.000000000000000000, 0.000000000000000000 ) ) ;
#3411 =( LENGTH_UNIT ( ) NAMED_UNIT ( * ) SI_UNIT ( .MILLI., .METRE. ) );
#3412 = CARTESIAN_POINT ( 'NONE',  ( 1.557847357579664971, 2.746759999999999646, -2.199075594982799142 ) ) ;
#3413 = EDGE_CURVE ( 'NONE', #4505, #2430, #4046, .T. ) ;
#3414 = ORIENTED_EDGE ( 'NONE', *, *, #2034, .F. ) ;
#3415 = VECTOR ( 'NONE', #3805, 1000.000000000000000 ) ;
#3416 = FACE_OUTER_BOUND ( 'NONE', #3423, .T. ) ;
#3417 = EDGE_CURVE ( 'NONE', #659, #496, #3535, .T. ) ;
#3418 =( NAMED_UNIT ( * ) PLANE_ANGLE_UNIT ( ) SI_UNIT ( $, .RADIAN. ) );
#3419 = DIRECTION ( 'NONE',  ( 0.000000000000000000, 0.000000000000000000, 1.000000000000000000 ) ) ;
#3420 = PRESENTATION_LAYER_ASSIGNMENT (  '', '', ( #1903 ) ) ;
#3421 =( NAMED_UNIT ( * ) PLANE_ANGLE_UNIT ( ) SI_UNIT ( $, .RADIAN. ) );
#3422 = ADVANCED_FACE ( 'NONE', ( #1393 ), #1960, .T. ) ;
#3423 = EDGE_LOOP ( 'NONE', ( #1336, #3171, #1121, #421 ) ) ;
#3424 = ADVANCED_FACE ( 'NONE', ( #2822 ), #4160, .F. ) ;
#3425 = LINE ( 'NONE', #4200, #3779 ) ;
#3426 = FILL_AREA_STYLE_COLOUR ( '', #904 ) ;
#3427 = PRESENTATION_LAYER_ASSIGNMENT (  '', '', ( #2813 ) ) ;
#3428 = CARTESIAN_POINT ( 'NONE',  ( 1.709380634530516696, 2.741759999999999753, -1.841313827505607126 ) ) ;
#3429 = ORIENTED_EDGE ( 'NONE', *, *, #4279, .T. ) ;
#3430 = FACE_OUTER_BOUND ( 'NONE', #3318, .T. ) ;
#3431 = VECTOR ( 'NONE', #510, 1000.000000000000000 ) ;
#3432 = SURFACE_STYLE_FILL_AREA ( #2995 ) ;
#3433 = ADVANCED_FACE ( 'NONE', ( #2001 ), #867, .T. ) ;
#3434 = SURFACE_STYLE_FILL_AREA ( #186 ) ;
#3435 = ORIENTED_EDGE ( 'NONE', *, *, #4583, .F. ) ;
#3436 = UNCERTAINTY_MEASURE_WITH_UNIT (LENGTH_MEASURE( 1.000000000000000082E-05 ), #4517, 'distance_accuracy_value', 'NONE');
#3437 = ORIENTED_EDGE ( 'NONE', *, *, #2161, .T. ) ;
#3438 = DIRECTION ( 'NONE',  ( 0.000000000000000000, 0.000000000000000000, 1.000000000000000000 ) ) ;
#3439 =( NAMED_UNIT ( * ) PLANE_ANGLE_UNIT ( ) SI_UNIT ( $, .RADIAN. ) );
#3440 = CARTESIAN_POINT ( 'NONE',  ( 0.8999999999999948042, 4.840188270024566492E-15, -2.741759999999999753 ) ) ;
#3441 = EDGE_CURVE ( 'NONE', #1570, #145, #892, .T. ) ;
#3442 = ORIENTED_EDGE ( 'NONE', *, *, #2585, .F. ) ;
#3443 = DIRECTION ( 'NONE',  ( 0.000000000000000000, 0.000000000000000000, 1.000000000000000000 ) ) ;
#3444 = CARTESIAN_POINT ( 'NONE',  ( 3.500000000000000000, 0.05823999999999999316, -2.741759999999999753 ) ) ;
#3445 = DIRECTION ( 'NONE',  ( -0.000000000000000000, -1.000000000000000000, 0.000000000000000000 ) ) ;
#3446 = ADVANCED_FACE ( 'NONE', ( #3760 ), #1260, .T. ) ;
#3447 = SURFACE_SIDE_STYLE ('',( #952 ) ) ;
#3448 = ORIENTED_EDGE ( 'NONE', *, *, #4640, .F. ) ;
#3449 = EDGE_CURVE ( 'NONE', #281, #4085, #2171, .T. ) ;
#3450 = CARTESIAN_POINT ( 'NONE',  ( 1.772443497879789387, 2.746759999999999646, -1.415070833206682366 ) ) ;
#3451 = EDGE_CURVE ( 'NONE', #4551, #228, #160, .T. ) ;
#3452 = SURFACE_STYLE_USAGE ( .BOTH. , #2019 ) ;
#3453 = ORIENTED_EDGE ( 'NONE', *, *, #4631, .T. ) ;
#3454 = B_SPLINE_CURVE_WITH_KNOTS ( 'NONE', 3,
 ( #3976, #4302, #2875, #2163, #2489, #4331, #3950, #1102, #2898, #1076 ),
 .UNSPECIFIED., .F., .F.,
 ( 4, 3, 3, 4 ),
 ( 0.000000000000000000, 1.833143621111601695E-05, 3.656618479249310418E-05, 4.558081643555579962E-05 ),
 .UNSPECIFIED. ) ;
#3455 = SURFACE_STYLE_FILL_AREA ( #4111 ) ;
#3456 = ORIENTED_EDGE ( 'NONE', *, *, #743, .T. ) ;
#3457 = ORIENTED_EDGE ( 'NONE', *, *, #3449, .F. ) ;
#3458 = DIRECTION ( 'NONE',  ( -0.000000000000000000, 0.000000000000000000, 1.000000000000000000 ) ) ;
#3459 = CARTESIAN_POINT ( 'NONE',  ( 0.9000000000000001332, 2.741759999999999753, -2.741759999999999753 ) ) ;
#3460 = CARTESIAN_POINT ( 'NONE',  ( 2.600207013399459033, 0.06358659156683470204, -2.708738985336092586 ) ) ;
#3461 = PRESENTATION_LAYER_ASSIGNMENT (  '', '', ( #2843 ) ) ;
#3462 = ORIENTED_EDGE ( 'NONE', *, *, #3449, .T. ) ;
#3463 = SURFACE_STYLE_USAGE ( .BOTH. , #2009 ) ;
#3464 = FILL_AREA_STYLE ('',( #571 ) ) ;
#3465 = ADVANCED_FACE ( 'NONE', ( #4184 ), #297, .T. ) ;
#3466 = LINE ( 'NONE', #644, #2426 ) ;
#3467 = PRESENTATION_LAYER_ASSIGNMENT (  '', '', ( #682 ) ) ;
#3468 = CARTESIAN_POINT ( 'NONE',  ( 0.05824000000000020133, 0.05823999999999999316, -2.741759999999999753 ) ) ;
#3469 = ORIENTED_EDGE ( 'NONE', *, *, #3835, .T. ) ;
#3470 = DIRECTION ( 'NONE',  ( 1.000000000000000000, -1.861610873086361624E-15, 0.000000000000000000 ) ) ;
#3471 = VECTOR ( 'NONE', #708, 1000.000000000000114 ) ;
#3472 = CARTESIAN_POINT ( 'NONE',  ( 0.8997929866005363042, 0.06358659156683520164, -0.09126101466390637573 ) ) ;
#3473 = ORIENTED_EDGE ( 'NONE', *, *, #727, .T. ) ;
#3474 = AXIS2_PLACEMENT_3D ( 'NONE', #2458, #1098, #1399 ) ;
#3475 = DIRECTION ( 'NONE',  ( 0.000000000000000000, 0.000000000000000000, -1.000000000000000000 ) ) ;
#3476 = EDGE_LOOP ( 'NONE', ( #3500, #3572, #3977, #2445 ) ) ;
#3477 = ORIENTED_EDGE ( 'NONE', *, *, #4204, .F. ) ;
#3478 = VECTOR ( 'NONE', #1269, 1000.000000000000000 ) ;
#3479 = SURFACE_STYLE_FILL_AREA ( #2400 ) ;
#3480 = CARTESIAN_POINT ( 'NONE',  ( 1.633297965358701642, 2.741759999999999753, -2.039673466595974816 ) ) ;
#3481 = EDGE_LOOP ( 'NONE', ( #3058, #2047, #3186, #868 ) ) ;
#3482 = CARTESIAN_POINT ( 'NONE',  ( 2.600000000000000533, 0.06403198713132457476, -2.735968012868675636 ) ) ;
#3483 =( GEOMETRIC_REPRESENTATION_CONTEXT ( 3 ) GLOBAL_UNCERTAINTY_ASSIGNED_CONTEXT ( ( #2763 ) ) GLOBAL_UNIT_ASSIGNED_CONTEXT ( ( #4340, #1111, #2169 ) ) REPRESENTATION_CONTEXT ( 'NONE', 'WORKASPACE' ) );
#3484 = LINE ( 'NONE', #265, #4097 ) ;
#3485 = DIRECTION ( 'NONE',  ( 0.000000000000000000, 0.000000000000000000, 1.000000000000000000 ) ) ;
#3486 = VECTOR ( 'NONE', #2601, 1000.000000000000000 ) ;
#3487 = VERTEX_POINT ( 'NONE', #2422 ) ;
#3488 = SURFACE_STYLE_USAGE ( .BOTH. , #2297 ) ;
#3489 = FILL_AREA_STYLE_COLOUR ( '', #34 ) ;
#3490 = MECHANICAL_DESIGN_GEOMETRIC_PRESENTATION_REPRESENTATION (  '', ( #192 ), #2807 ) ;
#3491 = PLANE ( 'NONE',  #1496 ) ;
#3492 = EDGE_CURVE ( 'NONE', #1954, #204, #3112, .T. ) ;
#3493 = AXIS2_PLACEMENT_3D ( 'NONE', #2907, #447, #376 ) ;
#3494 = ORIENTED_EDGE ( 'NONE', *, *, #4264, .F. ) ;
#3495 = EDGE_CURVE ( 'NONE', #439, #2327, #2099, .T. ) ;
#3496 = CYLINDRICAL_SURFACE ( 'NONE', #2820, 0.05823999999999998622 ) ;
#3497 = PRESENTATION_LAYER_ASSIGNMENT (  '', '', ( #2352 ) ) ;
#3498 = DIRECTION ( 'NONE',  ( 1.000000000000000000, -0.000000000000000000, -0.000000000000000000 ) ) ;
#3499 = DIRECTION ( 'NONE',  ( -0.000000000000000000, 0.000000000000000000, 1.000000000000000000 ) ) ;
#3500 = ORIENTED_EDGE ( 'NONE', *, *, #2041, .T. ) ;
#3501 = ORIENTED_EDGE ( 'NONE', *, *, #2240, .F. ) ;
#3502 = AXIS2_PLACEMENT_3D ( 'NONE', #79, #1512, #3323 ) ;
#3503 = DIRECTION ( 'NONE',  ( -0.000000000000000000, -1.000000000000000000, 0.000000000000000000 ) ) ;
#3504 = CARTESIAN_POINT ( 'NONE',  ( 1.890000000000006786, 2.741759999999999753, -1.235447311932450276 ) ) ;
#3505 = PRESENTATION_LAYER_ASSIGNMENT (  '', '', ( #2362 ) ) ;
#3506 = ADVANCED_FACE ( 'NONE', ( #3885 ), #3926, .F. ) ;
#3507 = ORIENTED_EDGE ( 'NONE', *, *, #4015, .T. ) ;
#3508 = LINE ( 'NONE', #1059, #2192 ) ;
#3509 = CARTESIAN_POINT ( 'NONE',  ( 0.8983244899547415674, 2.721402159806213028, -0.07218483607029932414 ) ) ;
#3510 = COLOUR_RGB ( '',0.7686274509803920907, 0.7686274509803920907, 0.7686274509803920907 ) ;
#3511 = DIRECTION ( 'NONE',  ( 0.000000000000000000, 0.000000000000000000, 1.000000000000000000 ) ) ;
#3512 = DIRECTION ( 'NONE',  ( 0.000000000000000000, 0.000000000000000000, -1.000000000000000000 ) ) ;
#3513 = CARTESIAN_POINT ( 'NONE',  ( 1.478369079381479878, 2.746759999999999646, -0.4682956089486576823 ) ) ;
#3514 = ORIENTED_EDGE ( 'NONE', *, *, #4219, .T. ) ;
#3515 = LINE ( 'NONE', #1740, #4152 ) ;
#3516 =( LENGTH_UNIT ( ) NAMED_UNIT ( * ) SI_UNIT ( .MILLI., .METRE. ) );
#3517 = EDGE_CURVE ( 'NONE', #3119, #3097, #2075, .T. ) ;
#3518 = CYLINDRICAL_SURFACE ( 'NONE', #3474, 0.05824000000000020133 ) ;
#3519 = VERTEX_POINT ( 'NONE', #2443 ) ;
#3520 = EDGE_CURVE ( 'NONE', #145, #4161, #347, .T. ) ;
#3521 = FACE_OUTER_BOUND ( 'NONE', #1421, .T. ) ;
#3522 = DIRECTION ( 'NONE',  ( -0.000000000000000000, -1.000000000000000000, 0.000000000000000000 ) ) ;
#3523 = CARTESIAN_POINT ( 'NONE',  ( 2.658240000000000158, 0.05823999999999999316, -2.741759999999999753 ) ) ;
#3524 = EDGE_LOOP ( 'NONE', ( #3072, #2470, #2449, #56 ) ) ;
#3525 = EDGE_LOOP ( 'NONE', ( #1678, #2300, #2307, #1109 ) ) ;
#3526 = CYLINDRICAL_SURFACE ( 'NONE', #3029, 0.05823999999999998622 ) ;
#3527 = EDGE_CURVE ( 'NONE', #1234, #1954, #1774, .T. ) ;
#3528 = DIRECTION ( 'NONE',  ( 0.000000000000000000, -0.000000000000000000, -1.000000000000000000 ) ) ;
#3529 = CARTESIAN_POINT ( 'NONE',  ( 2.602554106022254121, 2.724701898936304101, -2.724701898936304101 ) ) ;
#3530 = ORIENTED_EDGE ( 'NONE', *, *, #1244, .T. ) ;
#3531 = DIRECTION ( 'NONE',  ( -0.004650693823668811989, 0.000000000000000000, 0.9999891854650021505 ) ) ;
#3532 = SURFACE_STYLE_FILL_AREA ( #685 ) ;
#3533 =( NAMED_UNIT ( * ) SI_UNIT ( $, .STERADIAN. ) SOLID_ANGLE_UNIT ( ) );
#3534 = VECTOR ( 'NONE', #556, 1000.000000000000000 ) ;
#3535 = LINE ( 'NONE', #309, #2849 ) ;
#3536 = ORIENTED_EDGE ( 'NONE', *, *, #740, .T. ) ;
#3537 = DIRECTION ( 'NONE',  ( -1.000000000000000000, -0.000000000000000000, -0.000000000000000000 ) ) ;
#3538 = VECTOR ( 'NONE', #2364, 1000.000000000000000 ) ;
#3539 =( LENGTH_UNIT ( ) NAMED_UNIT ( * ) SI_UNIT ( .MILLI., .METRE. ) );
#3540 = MECHANICAL_DESIGN_GEOMETRIC_PRESENTATION_REPRESENTATION (  '', ( #3004 ), #2314 ) ;
#3541 = SURFACE_SIDE_STYLE ('',( #1744 ) ) ;
#3542 = CARTESIAN_POINT ( 'NONE',  ( 1.666495581945717674, 2.746759999999999646, -0.6534257646995780267 ) ) ;
#3543 = MECHANICAL_DESIGN_GEOMETRIC_PRESENTATION_REPRESENTATION (  '', ( #4609 ), #4221 ) ;
#3544 = CYLINDRICAL_SURFACE ( 'NONE', #4495, 0.05823999999999999316 ) ;
#3545 = EDGE_CURVE ( 'NONE', #1930, #367, #253, .T. ) ;
#3546 = ORIENTED_EDGE ( 'NONE', *, *, #3723, .F. ) ;
#3547 = CARTESIAN_POINT ( 'NONE',  ( 1.478369079381479878, 2.746759999999999646, -1.791051805255976292 ) ) ;
#3548 = VECTOR ( 'NONE', #933, 1000.000000000000000 ) ;
#3549 = MECHANICAL_DESIGN_GEOMETRIC_PRESENTATION_REPRESENTATION (  '', ( #320 ), #91 ) ;
#3550 = STYLED_ITEM ( 'NONE', ( #1229 ), #4194 ) ;
#3551 = ORIENTED_EDGE ( 'NONE', *, *, #3751, .F. ) ;
#3552 = DIRECTION ( 'NONE',  ( 0.000000000000000000, 0.000000000000000000, 1.000000000000000000 ) ) ;
#3553 = AXIS2_PLACEMENT_3D ( 'NONE', #2871, #3594, #3946 ) ;
#3554 = DIRECTION ( 'NONE',  ( 1.000000000000000000, -0.000000000000000000, -0.000000000000000000 ) ) ;
#3555 = ADVANCED_FACE ( 'NONE', ( #632 ), #4354, .F. ) ;
#3556 = FILL_AREA_STYLE_COLOUR ( '', #1433 ) ;
#3557 = EDGE_CURVE ( 'NONE', #4426, #3636, #3597, .T. ) ;
#3558 = EDGE_CURVE ( 'NONE', #1331, #199, #4664, .T. ) ;
#3559 = ORIENTED_EDGE ( 'NONE', *, *, #2622, .F. ) ;
#3560 = COLOUR_RGB ( '',0.7686274509803920907, 0.7686274509803920907, 0.7686274509803920907 ) ;
#3561 = DIRECTION ( 'NONE',  ( 0.2762517575166369421, 0.000000000000000000, -0.9610853065513847993 ) ) ;
#3562 = CYLINDRICAL_SURFACE ( 'NONE', #795, 0.05823999999999998622 ) ;
#3563 = VECTOR ( 'NONE', #2718, 1000.000000000000000 ) ;
#3564 = CARTESIAN_POINT ( 'NONE',  ( 3.441759999999999931, 2.799999999999999822, -2.741759999999999753 ) ) ;
#3565 = FILL_AREA_STYLE_COLOUR ( '', #546 ) ;
#3566 = MECHANICAL_DESIGN_GEOMETRIC_PRESENTATION_REPRESENTATION (  '', ( #3033 ), #3178 ) ;
#3567 = SURFACE_STYLE_USAGE ( .BOTH. , #3223 ) ;
#3568 = EDGE_CURVE ( 'NONE', #3905, #563, #3642, .T. ) ;
#3569 = CIRCLE ( 'NONE', #488, 0.05823999999999998622 ) ;
#3570 = DIRECTION ( 'NONE',  ( 0.9617234872620624708, 0.000000000000000000, 0.2740217765953968376 ) ) ;
#3571 = B_SPLINE_CURVE_WITH_KNOTS ( 'NONE', 3,
 ( #3767, #2690, #1291, #1265, #3460, #1575, #875, #3791, #2671, #2331 ),
 .UNSPECIFIED., .F., .F.,
 ( 4, 3, 3, 4 ),
 ( 0.000000000000000000, 1.938115349126056766E-05, 3.880233050466063913E-05, 4.563224590952793565E-05 ),
 .UNSPECIFIED. ) ;
#3572 = ORIENTED_EDGE ( 'NONE', *, *, #3557, .F. ) ;
#3573 =( NAMED_UNIT ( * ) PLANE_ANGLE_UNIT ( ) SI_UNIT ( $, .RADIAN. ) );
#3574 = VECTOR ( 'NONE', #2330, 1000.000000000000000 ) ;
#3575 = CARTESIAN_POINT ( 'NONE',  ( 3.500000000000000000, 0.05823999999999999316, 0.000000000000000000 ) ) ;
#3576 = EDGE_CURVE ( 'NONE', #1175, #2641, #871, .T. ) ;
#3577 = FILL_AREA_STYLE_COLOUR ( '', #882 ) ;
#3578 = UNCERTAINTY_MEASURE_WITH_UNIT (LENGTH_MEASURE( 1.000000000000000082E-05 ), #416, 'distance_accuracy_value', 'NONE');
#3579 = ORIENTED_EDGE ( 'NONE', *, *, #2526, .F. ) ;
#3580 = CARTESIAN_POINT ( 'NONE',  ( 0.8987394622637470132, 2.728924731604386977, -0.07952093373177833435 ) ) ;
#3581 = LINE ( 'NONE', #1430, #1817 ) ;
#3582 = CARTESIAN_POINT ( 'NONE',  ( 1.478369079381479878, 2.746759999999999646, -1.255601935242362188 ) ) ;
#3583 = PRESENTATION_LAYER_ASSIGNMENT (  '', '', ( #2433 ) ) ;
#3584 = EDGE_CURVE ( 'NONE', #1779, #2327, #2562, .T. ) ;
#3585 = FILL_AREA_STYLE ('',( #3369 ) ) ;
#3586 = CARTESIAN_POINT ( 'NONE',  ( 1.811686967656117364, 2.746759999999999646, -1.159793944193151738 ) ) ;
#3587 = ORIENTED_EDGE ( 'NONE', *, *, #4013, .T. ) ;
#3588 = COLOUR_RGB ( '',0.7686274509803920907, 0.7686274509803920907, 0.7686274509803920907 ) ;
#3589 = DIRECTION ( 'NONE',  ( 0.000000000000000000, 0.000000000000000000, 1.000000000000000000 ) ) ;
#3590 =( NAMED_UNIT ( * ) SI_UNIT ( $, .STERADIAN. ) SOLID_ANGLE_UNIT ( ) );
#3591 = EDGE_CURVE ( 'NONE', #3917, #1400, #1792, .T. ) ;
#3592 = PLANE ( 'NONE',  #1362 ) ;
#3593 = FACE_OUTER_BOUND ( 'NONE', #4416, .T. ) ;
#3594 = DIRECTION ( 'NONE',  ( 1.000000000000000000, 0.000000000000000000, 0.000000000000000000 ) ) ;
#3595 = EDGE_CURVE ( 'NONE', #2998, #1750, #2143, .T. ) ;
#3596 = FACE_OUTER_BOUND ( 'NONE', #3019, .T. ) ;
#3597 = LINE ( 'NONE', #3295, #4297 ) ;
#3598 = ORIENTED_EDGE ( 'NONE', *, *, #3527, .T. ) ;
#3599 = LINE ( 'NONE', #4261, #254 ) ;
#3600 = FILL_AREA_STYLE ('',( #728 ) ) ;
#3601 = EDGE_LOOP ( 'NONE', ( #1375, #4332, #1555 ) ) ;
#3602 = LINE ( 'NONE', #2883, #2700 ) ;
#3603 = DIRECTION ( 'NONE',  ( -0.000000000000000000, -1.000000000000000000, 0.000000000000000000 ) ) ;
#3604 = DIRECTION ( 'NONE',  ( 0.000000000000000000, -1.000000000000000000, 0.000000000000000000 ) ) ;
#3605 = SURFACE_STYLE_USAGE ( .BOTH. , #3239 ) ;
#3606 = ORIENTED_EDGE ( 'NONE', *, *, #3250, .F. ) ;
#3607 = EDGE_CURVE ( 'NONE', #2155, #1954, #3454, .T. ) ;
#3608 = CARTESIAN_POINT ( 'NONE',  ( 1.556720911532859519, 2.746759999999999646, -1.004747407186507457 ) ) ;
#3609 = CARTESIAN_POINT ( 'NONE',  ( 1.478369079381479878, 2.746759999999999646, -0.9104450990217833883 ) ) ;
#3610 = VECTOR ( 'NONE', #3827, 1000.000000000000000 ) ;
#3611 = EDGE_LOOP ( 'NONE', ( #4509, #1052, #2370, #4040 ) ) ;
#3612 = LINE ( 'NONE', #2511, #3854 ) ;
#3613 = COLOUR_RGB ( '',0.7686274509803920907, 0.7686274509803920907, 0.7686274509803920907 ) ;
#3614 = CARTESIAN_POINT ( 'NONE',  ( 1.890000000000006786, 2.741759999999999753, -0.7460696939635345082 ) ) ;
#3615 = CARTESIAN_POINT ( 'NONE',  ( 0.000000000000000000, 0.05823999999999999316, -2.741759999999999753 ) ) ;
#3616 = ORIENTED_EDGE ( 'NONE', *, *, #4590, .T. ) ;
#3617 = AXIS2_PLACEMENT_3D ( 'NONE', #3523, #4595, #1334 ) ;
#3618 = CARTESIAN_POINT ( 'NONE',  ( 3.500000000000000000, 0.000000000000000000, -2.799999999999999822 ) ) ;
#3619 = AXIS2_PLACEMENT_3D ( 'NONE', #4511, #3822, #4119 ) ;
#3620 = VECTOR ( 'NONE', #1849, 1000.000000000000000 ) ;
#3621 = UNCERTAINTY_MEASURE_WITH_UNIT (LENGTH_MEASURE( 1.000000000000000082E-05 ), #937, 'distance_accuracy_value', 'NONE');
#3622 = ORIENTED_EDGE ( 'NONE', *, *, #3906, .T. ) ;
#3623 = PRESENTATION_STYLE_ASSIGNMENT (( #1176 ) ) ;
#3624 = SURFACE_STYLE_USAGE ( .BOTH. , #4406 ) ;
#3625 = VECTOR ( 'NONE', #4592, 1000.000000000000114 ) ;
#3626 = CARTESIAN_POINT ( 'NONE',  ( 1.890000000000006786, 2.746759999999999646, -2.220836029381371812 ) ) ;
#3627 = MECHANICAL_DESIGN_GEOMETRIC_PRESENTATION_REPRESENTATION (  '', ( #4011 ), #773 ) ;
#3628 = CIRCLE ( 'NONE', #1742, 0.05824000000000020133 ) ;
#3629 = ORIENTED_EDGE ( 'NONE', *, *, #3928, .F. ) ;
#3630 = CARTESIAN_POINT ( 'NONE',  ( 1.478369079381479878, 2.746759999999999646, -0.5855010684459950321 ) ) ;
#3631 = DIRECTION ( 'NONE',  ( 5.943634068010692500E-14, 0.000000000000000000, -1.000000000000000000 ) ) ;
#3632 = VECTOR ( 'NONE', #1041, 1000.000000000000000 ) ;
#3633 = FACE_OUTER_BOUND ( 'NONE', #3909, .T. ) ;
#3634 = VECTOR ( 'NONE', #1838, 1000.000000000000000 ) ;
#3635 = DIRECTION ( 'NONE',  ( -0.2759782365590690567, 0.000000000000000000, 0.9611638845408968512 ) ) ;
#3636 = VERTEX_POINT ( 'NONE', #2515 ) ;
#3637 = CARTESIAN_POINT ( 'NONE',  ( 1.709380634529654497, 2.746759999999999646, -1.137410209649718507 ) ) ;
#3638 = MECHANICAL_DESIGN_GEOMETRIC_PRESENTATION_REPRESENTATION (  '', ( #1526 ), #103 ) ;
#3639 =( LENGTH_UNIT ( ) NAMED_UNIT ( * ) SI_UNIT ( .MILLI., .METRE. ) );
#3640 = EDGE_CURVE ( 'NONE', #1857, #2992, #746, .T. ) ;
#3641 = CARTESIAN_POINT ( 'NONE',  ( 3.441759999999999931, 0.05823999999999999316, -2.741759999999999753 ) ) ;
#3642 = LINE ( 'NONE', #1490, #463 ) ;
#3643 = EDGE_LOOP ( 'NONE', ( #3833, #2958, #1452 ) ) ;
#3644 = EDGE_CURVE ( 'NONE', #2412, #4551, #797, .T. ) ;
#3645 = FILL_AREA_STYLE ('',( #3255 ) ) ;
#3646 = FILL_AREA_STYLE ('',( #3258 ) ) ;
#3647 =( GEOMETRIC_REPRESENTATION_CONTEXT ( 3 ) GLOBAL_UNCERTAINTY_ASSIGNED_CONTEXT ( ( #4524 ) ) GLOBAL_UNIT_ASSIGNED_CONTEXT ( ( #1469, #745, #36 ) ) REPRESENTATION_CONTEXT ( 'NONE', 'WORKASPACE' ) );
#3648 = VERTEX_POINT ( 'NONE', #3615 ) ;
#3649 = DIRECTION ( 'NONE',  ( -1.000000000000000000, 0.000000000000000000, -0.000000000000000000 ) ) ;
#3650 =( NAMED_UNIT ( * ) PLANE_ANGLE_UNIT ( ) SI_UNIT ( $, .RADIAN. ) );
#3651 = SURFACE_STYLE_FILL_AREA ( #4407 ) ;
#3652 = EDGE_CURVE ( 'NONE', #2060, #608, #2536, .T. ) ;
#3653 = VECTOR ( 'NONE', #774, 1000.000000000000000 ) ;
#3654 = EDGE_LOOP ( 'NONE', ( #3134, #1805, #4451, #294, #190, #1671, #4445, #2281 ) ) ;
#3655 = SURFACE_STYLE_USAGE ( .BOTH. , #2225 ) ;
#3656 = MECHANICAL_DESIGN_GEOMETRIC_PRESENTATION_REPRESENTATION (  '', ( #1913 ), #2973 ) ;
#3657 = DIRECTION ( 'NONE',  ( 0.000000000000000000, 0.000000000000000000, -1.000000000000000000 ) ) ;
#3658 = VERTEX_POINT ( 'NONE', #1860 ) ;
#3659 = PRESENTATION_STYLE_ASSIGNMENT (( #835 ) ) ;
#3660 = EDGE_CURVE ( 'NONE', #3344, #1528, #482, .T. ) ;
#3661 = DIRECTION ( 'NONE',  ( 0.000000000000000000, 0.000000000000000000, 1.000000000000000000 ) ) ;
#3662 = DIRECTION ( 'NONE',  ( 0.000000000000000000, 0.000000000000000000, -1.000000000000000000 ) ) ;
#3663 = ORIENTED_EDGE ( 'NONE', *, *, #4490, .T. ) ;
#3664 = ADVANCED_FACE ( 'NONE', ( #3416 ), #3055, .F. ) ;
#3665 = SPHERICAL_SURFACE ( 'NONE', #3802, 0.05823999999999999316 ) ;
#3666 = CARTESIAN_POINT ( 'NONE',  ( 3.500000000000000000, 0.05823999999999999316, -0.05823999999999999316 ) ) ;
#3667 = UNCERTAINTY_MEASURE_WITH_UNIT (LENGTH_MEASURE( 1.000000000000000082E-05 ), #1340, 'distance_accuracy_value', 'NONE');
#3668 = ORIENTED_EDGE ( 'NONE', *, *, #3451, .F. ) ;
#3669 = CARTESIAN_POINT ( 'NONE',  ( 3.500000000000000000, 0.000000000000000000, 0.000000000000000000 ) ) ;
#3670 = EDGE_CURVE ( 'NONE', #470, #2634, #215, .T. ) ;
#3671 = DIRECTION ( 'NONE',  ( 0.000000000000000000, 0.000000000000000000, 1.000000000000000000 ) ) ;
#3672 = PLANE ( 'NONE',  #2735 ) ;
#3673 = VERTEX_POINT ( 'NONE', #591 ) ;
#3674 = EDGE_CURVE ( 'NONE', #3181, #4363, #4488, .T. ) ;
#3675 = CARTESIAN_POINT ( 'NONE',  ( 0.9000000000000002442, 0.1164800000000001806, -0.05824000000000020133 ) ) ;
#3676 = CARTESIAN_POINT ( 'NONE',  ( 1.890000000000006786, 2.746759999999999646, -1.672652312619159698 ) ) ;
#3677 = FILL_AREA_STYLE_COLOUR ( '', #4217 ) ;
#3678 = CARTESIAN_POINT ( 'NONE',  ( 0.8417599999999947347, 0.05823999999999999316, -2.741759999999999753 ) ) ;
#3679 = ORIENTED_EDGE ( 'NONE', *, *, #3136, .T. ) ;
#3680 =( LENGTH_UNIT ( ) NAMED_UNIT ( * ) SI_UNIT ( .MILLI., .METRE. ) );
#3681 = ORIENTED_EDGE ( 'NONE', *, *, #3584, .T. ) ;
#3682 = AXIS2_PLACEMENT_3D ( 'NONE', #1197, #148, #3389 ) ;
#3683 = DIRECTION ( 'NONE',  ( 1.000000000000000000, -0.000000000000000000, -0.000000000000000000 ) ) ;
#3684 = SURFACE_SIDE_STYLE ('',( #3432 ) ) ;
#3685 =( NAMED_UNIT ( * ) SI_UNIT ( $, .STERADIAN. ) SOLID_ANGLE_UNIT ( ) );
#3686 = AXIS2_PLACEMENT_3D ( 'NONE', #1737, #2592, #1893 ) ;
#3687 = VERTEX_POINT ( 'NONE', #4510 ) ;
#3688 = CARTESIAN_POINT ( 'NONE',  ( 2.599999999999907274, 0.1134407149924399061, -2.741760000000005526 ) ) ;
#3689 = LINE ( 'NONE', #1551, #2873 ) ;
#3690 =( LENGTH_UNIT ( ) NAMED_UNIT ( * ) SI_UNIT ( .MILLI., .METRE. ) );
#3691 = VECTOR ( 'NONE', #4558, 1000.000000000000000 ) ;
#3692 = PLANE ( 'NONE',  #1552 ) ;
#3693 = AXIS2_PLACEMENT_3D ( 'NONE', #2988, #1200, #131 ) ;
#3694 = ORIENTED_EDGE ( 'NONE', *, *, #2830, .F. ) ;
#3695 = EDGE_CURVE ( 'NONE', #1407, #367, #4458, .T. ) ;
#3696 = CARTESIAN_POINT ( 'NONE',  ( 0.9000000000000002442, 0.1100196155029169176, -2.741759999999999753 ) ) ;
#3697 = COLOUR_RGB ( '',0.7686274509803920907, 0.7686274509803920907, 0.7686274509803920907 ) ;
#3698 = VECTOR ( 'NONE', #4677, 1000.000000000000000 ) ;
#3699 = ADVANCED_FACE ( 'NONE', ( #2693 ), #3385, .F. ) ;
#3700 =( LENGTH_UNIT ( ) NAMED_UNIT ( * ) SI_UNIT ( .MILLI., .METRE. ) );
#3701 = FACE_OUTER_BOUND ( 'NONE', #2713, .T. ) ;
#3702 = ORIENTED_EDGE ( 'NONE', *, *, #3031, .T. ) ;
#3703 = DIRECTION ( 'NONE',  ( -1.000000000000000000, 0.000000000000000000, 0.000000000000000000 ) ) ;
#3704 =( LENGTH_UNIT ( ) NAMED_UNIT ( * ) SI_UNIT ( .MILLI., .METRE. ) );
#3705 = PRODUCT_DEFINITION ( 'UNKNOWN', '', #15, #749 ) ;
#3706 = PLANE ( 'NONE',  #1468 ) ;
#3707 = AXIS2_PLACEMENT_3D ( 'NONE', #666, #18, #1409 ) ;
#3708 = CARTESIAN_POINT ( 'NONE',  ( 2.658240000000000158, 2.799999999999999822, -2.741759999999999753 ) ) ;
#3709 = ORIENTED_EDGE ( 'NONE', *, *, #512, .F. ) ;
#3710 = CARTESIAN_POINT ( 'NONE',  ( 1.478369079381479878, 2.746759999999999646, -2.451850088074075895 ) ) ;
#3711 = CARTESIAN_POINT ( 'NONE',  ( 0.9000000000000001332, 2.741759999999999753, -2.799999999999999822 ) ) ;
#3712 = CARTESIAN_POINT ( 'NONE',  ( 1.653904418361210604, 2.746759999999999646, -0.5351839751692804015 ) ) ;
#3713 = VECTOR ( 'NONE', #490, 1000.000000000000000 ) ;
#3714 = ORIENTED_EDGE ( 'NONE', *, *, #1190, .T. ) ;
#3715 = UNCERTAINTY_MEASURE_WITH_UNIT (LENGTH_MEASURE( 1.000000000000000082E-05 ), #1833, 'distance_accuracy_value', 'NONE');
#3716 = ORIENTED_EDGE ( 'NONE', *, *, #3226, .F. ) ;
#3717 =( NAMED_UNIT ( * ) SI_UNIT ( $, .STERADIAN. ) SOLID_ANGLE_UNIT ( ) );
#3718 = EDGE_CURVE ( 'NONE', #4363, #2072, #1556, .T. ) ;
#3719 = COLOUR_RGB ( '',0.7686274509803920907, 0.7686274509803920907, 0.7686274509803920907 ) ;
#3720 = DIRECTION ( 'NONE',  ( -1.000000000000000000, 0.000000000000000000, 0.000000000000000000 ) ) ;
#3721 = ORIENTED_EDGE ( 'NONE', *, *, #3652, .T. ) ;
#3722 = LINE ( 'NONE', #878, #1804 ) ;
#3723 = EDGE_CURVE ( 'NONE', #1779, #3804, #2102, .T. ) ;
#3724 =( NAMED_UNIT ( * ) PLANE_ANGLE_UNIT ( ) SI_UNIT ( $, .RADIAN. ) );
#3725 = PRESENTATION_LAYER_ASSIGNMENT (  '', '', ( #1988 ) ) ;
#3726 = CARTESIAN_POINT ( 'NONE',  ( 1.478369079381479878, 2.741759999999999753, -0.8455874476530370609 ) ) ;
#3727 = CARTESIAN_POINT ( 'NONE',  ( 0.8999956264635370351, 0.05895372992004436347, -2.692609876274624447 ) ) ;
#3728 = ORIENTED_EDGE ( 'NONE', *, *, #756, .T. ) ;
#3729 = FACE_OUTER_BOUND ( 'NONE', #3755, .T. ) ;
#3730 = DIRECTION ( 'NONE',  ( 0.000000000000000000, 0.000000000000000000, -1.000000000000000000 ) ) ;
#3731 = EDGE_CURVE ( 'NONE', #569, #4602, #3034, .T. ) ;
#3732 = CARTESIAN_POINT ( 'NONE',  ( 0.9000000000000001332, 0.05824000000000020133, -0.05824000000000020133 ) ) ;
#3733 = AXIS2_PLACEMENT_3D ( 'NONE', #4096, #945, #2290 ) ;
#3734 = FACE_OUTER_BOUND ( 'NONE', #3901, .T. ) ;
#3735 = STYLED_ITEM ( 'NONE', ( #82 ), #2590 ) ;
#3736 = ORIENTED_EDGE ( 'NONE', *, *, #4270, .T. ) ;
#3737 = PRESENTATION_LAYER_ASSIGNMENT (  '', '', ( #1107 ) ) ;
#3738 = CARTESIAN_POINT ( 'NONE',  ( 1.478369079381479878, 2.741759999999999753, -1.741460643546117293 ) ) ;
#3739 = LINE ( 'NONE', #1892, #1964 ) ;
#3740 = SURFACE_STYLE_USAGE ( .BOTH. , #226 ) ;
#3741 = ORIENTED_EDGE ( 'NONE', *, *, #2226, .T. ) ;
#3742 = EDGE_LOOP ( 'NONE', ( #3366, #1657, #1004, #1388 ) ) ;
#3743 = DIRECTION ( 'NONE',  ( 1.000000000000000000, -1.861610873086374640E-15, 0.000000000000000000 ) ) ;
#3744 = SURFACE_STYLE_USAGE ( .BOTH. , #4455 ) ;
#3745 = CARTESIAN_POINT ( 'NONE',  ( 0.9000000000000002442, 2.683519999999999683, -2.741759999999999753 ) ) ;
#3746 = ADVANCED_FACE ( 'NONE', ( #4141 ), #4436, .T. ) ;
#3747 = EDGE_LOOP ( 'NONE', ( #1312, #1726, #977 ) ) ;
#3748 = DIRECTION ( 'NONE',  ( 1.000000000000000000, 0.000000000000000000, -0.000000000000000000 ) ) ;
#3749 =( NAMED_UNIT ( * ) SI_UNIT ( $, .STERADIAN. ) SOLID_ANGLE_UNIT ( ) );
#3750 = CARTESIAN_POINT ( 'NONE',  ( 2.601363589254264586, 2.729231173212052219, -0.08039141117225935551 ) ) ;
#3751 = EDGE_CURVE ( 'NONE', #3658, #2987, #3770, .T. ) ;
#3752 = ORIENTED_EDGE ( 'NONE', *, *, #1797, .F. ) ;
#3753 = CARTESIAN_POINT ( 'NONE',  ( 0.8974458939777459898, 2.724701898936304101, -0.07529810106369561051 ) ) ;
#3754 = FILL_AREA_STYLE ('',( #3426 ) ) ;
#3755 = EDGE_LOOP ( 'NONE', ( #674, #4079, #3135, #3829 ) ) ;
#3756 = DIRECTION ( 'NONE',  ( 0.000000000000000000, 1.000000000000000000, -0.000000000000000000 ) ) ;
#3757 = EDGE_CURVE ( 'NONE', #2424, #2863, #3722, .T. ) ;
#3758 = FILL_AREA_STYLE ('',( #1208 ) ) ;
#3759 = DIRECTION ( 'NONE',  ( -0.000000000000000000, -1.000000000000000000, 0.000000000000000000 ) ) ;
#3760 = FACE_OUTER_BOUND ( 'NONE', #1472, .T. ) ;
#3761 = EDGE_LOOP ( 'NONE', ( #4610, #2950, #2403 ) ) ;
#3762 = UNCERTAINTY_MEASURE_WITH_UNIT (LENGTH_MEASURE( 1.000000000000000082E-05 ), #1258, 'distance_accuracy_value', 'NONE');
#3763 = ORIENTED_EDGE ( 'NONE', *, *, #4259, .T. ) ;
#3764 = MECHANICAL_DESIGN_GEOMETRIC_PRESENTATION_REPRESENTATION (  '', ( #4130 ), #1579 ) ;
#3765 = SURFACE_SIDE_STYLE ('',( #1638 ) ) ;
#3766 =( LENGTH_UNIT ( ) NAMED_UNIT ( * ) SI_UNIT ( .MILLI., .METRE. ) );
#3767 = CARTESIAN_POINT ( 'NONE',  ( 2.600000000000000089, 0.05824000000000020133, -2.683520000000000127 ) ) ;
#3768 = AXIS2_PLACEMENT_3D ( 'NONE', #3286, #812, #3773 ) ;
#3769 = VERTEX_POINT ( 'NONE', #525 ) ;
#3770 = LINE ( 'NONE', #2273, #2468 ) ;
#3771 = CARTESIAN_POINT ( 'NONE',  ( 1.633297965358701642, 2.741759999999999753, -1.863024197635491763 ) ) ;
#3772 = CARTESIAN_POINT ( 'NONE',  ( 0.8999106531603572323, 0.09736921794456405987, -2.738535230702321410 ) ) ;
#3773 = DIRECTION ( 'NONE',  ( 1.000000000000000000, 0.000000000000000000, 0.000000000000000000 ) ) ;
#3774 = ORIENTED_EDGE ( 'NONE', *, *, #3393, .F. ) ;
#3775 = SURFACE_STYLE_FILL_AREA ( #1949 ) ;
#3776 = MECHANICAL_DESIGN_GEOMETRIC_PRESENTATION_REPRESENTATION (  '', ( #3160 ), #1591 ) ;
#3777 = ADVANCED_FACE ( 'NONE', ( #1943 ), #1601, .F. ) ;
#3778 = DIRECTION ( 'NONE',  ( 1.000000000000000000, 0.000000000000000000, 0.000000000000000000 ) ) ;
#3779 = VECTOR ( 'NONE', #3826, 1000.000000000000000 ) ;
#3780 = CARTESIAN_POINT ( 'NONE',  ( 1.521771045540717848, 2.741759999999999753, -1.624255184048812417 ) ) ;
#3781 = ORIENTED_EDGE ( 'NONE', *, *, #568, .F. ) ;
#3782 = CARTESIAN_POINT ( 'NONE',  ( 0.000000000000000000, 2.741759999999999753, -2.799999999999999822 ) ) ;
#3783 = ADVANCED_FACE ( 'NONE', ( #1040 ), #684, .T. ) ;
#3784 = CARTESIAN_POINT ( 'NONE',  ( 1.890000000000006786, 2.741759999999999753, -1.235447311932450276 ) ) ;
#3785 = FILL_AREA_STYLE_COLOUR ( '', #1202 ) ;
#3786 = VECTOR ( 'NONE', #4041, 1000.000000000000000 ) ;
#3787 = ORIENTED_EDGE ( 'NONE', *, *, #1420, .F. ) ;
#3788 = ORIENTED_EDGE ( 'NONE', *, *, #220, .T. ) ;
#3789 = LINE ( 'NONE', #4136, #401 ) ;
#3790 = VECTOR ( 'NONE', #4429, 1000.000000000000000 ) ;
#3791 = CARTESIAN_POINT ( 'NONE',  ( 2.601675510045258655, 0.07218483607029940741, -2.721402159806213028 ) ) ;
#3792 = EDGE_LOOP ( 'NONE', ( #953, #3215, #2168, #317 ) ) ;
#3793 = VECTOR ( 'NONE', #1904, 1000.000000000000000 ) ;
#3794 =( LENGTH_UNIT ( ) NAMED_UNIT ( * ) SI_UNIT ( .MILLI., .METRE. ) );
#3795 = DIRECTION ( 'NONE',  ( 0.000000000000000000, 0.000000000000000000, -1.000000000000000000 ) ) ;
#3796 = ADVANCED_FACE ( 'NONE', ( #1408 ), #1017, .F. ) ;
#3797 = EDGE_LOOP ( 'NONE', ( #3622, #105, #208, #4369 ) ) ;
#3798 =( LENGTH_UNIT ( ) NAMED_UNIT ( * ) SI_UNIT ( .MILLI., .METRE. ) );
#3799 = VECTOR ( 'NONE', #4483, 1000.000000000000000 ) ;
#3800 =( BOUNDED_CURVE ( )  B_SPLINE_CURVE ( 3, ( #3732, #1883, #1908, #109 ),
 .UNSPECIFIED., .F., .T. ) 
 B_SPLINE_CURVE_WITH_KNOTS ( ( 4, 4 ),
 ( 1.570796326794898556, 1.868047688116105665 ),
 .UNSPECIFIED. ) 
 CURVE ( )  GEOMETRIC_REPRESENTATION_ITEM ( )  RATIONAL_B_SPLINE_CURVE ( ( 1.000000000000000000, 0.9926503465430338569, 0.9926503465430338569, 1.000000000000000000 ) ) 
 REPRESENTATION_ITEM ( '' )  );
#3801 = CARTESIAN_POINT ( 'NONE',  ( 0.8983244899547360163, 0.07218483607030010130, -0.07859784019378641962 ) ) ;
#3802 = AXIS2_PLACEMENT_3D ( 'NONE', #4357, #1105, #43 ) ;
#3803 = LINE ( 'NONE', #2389, #3548 ) ;
#3804 = VERTEX_POINT ( 'NONE', #4241 ) ;
#3805 = DIRECTION ( 'NONE',  ( -0.000000000000000000, -1.000000000000000000, 0.000000000000000000 ) ) ;
#3806 = PRESENTATION_LAYER_ASSIGNMENT (  '', '', ( #45 ) ) ;
#3807 = LINE ( 'NONE', #4203, #2065 ) ;
#3808 =( NAMED_UNIT ( * ) PLANE_ANGLE_UNIT ( ) SI_UNIT ( $, .RADIAN. ) );
#3809 = DIRECTION ( 'NONE',  ( 0.000000000000000000, 1.000000000000000000, 0.000000000000000000 ) ) ;
#3810 = VECTOR ( 'NONE', #2618, 1000.000000000000000 ) ;
#3811 = ADVANCED_FACE ( 'NONE', ( #3894 ), #1389, .F. ) ;
#3812 = EDGE_LOOP ( 'NONE', ( #4422, #737, #2929, #1191 ) ) ;
#3813 = UNCERTAINTY_MEASURE_WITH_UNIT (LENGTH_MEASURE( 1.000000000000000082E-05 ), #2534, 'distance_accuracy_value', 'NONE');
#3814 = ORIENTED_EDGE ( 'NONE', *, *, #3847, .F. ) ;
#3815 = FACE_OUTER_BOUND ( 'NONE', #1938, .T. ) ;
#3816 = CARTESIAN_POINT ( 'NONE',  ( 0.8417600000000000637, 2.741759999999999753, -2.741759999999999753 ) ) ;
#3817 = LINE ( 'NONE', #193, #3810 ) ;
#3818 = B_SPLINE_CURVE_WITH_KNOTS ( 'NONE', 3,
 ( #3368, #592, #4559, #1535, #2744, #150, #4195, #1582, #1907, #2380 ),
 .UNSPECIFIED., .F., .F.,
 ( 4, 3, 3, 4 ),
 ( 8.673617379884035472E-19, 1.938115349126057782E-05, 3.880233050466105925E-05, 4.563224590952841676E-05 ),
 .UNSPECIFIED. ) ;
#3819 = EDGE_CURVE ( 'NONE', #1750, #4089, #2379, .T. ) ;
#3820 = ORIENTED_EDGE ( 'NONE', *, *, #778, .F. ) ;
#3821 = DIRECTION ( 'NONE',  ( -0.000000000000000000, -1.000000000000000000, 0.000000000000000000 ) ) ;
#3822 = DIRECTION ( 'NONE',  ( 1.000000000000000000, -0.000000000000000000, 0.000000000000000000 ) ) ;
#3823 = CARTESIAN_POINT ( 'NONE',  ( 2.600000000000000089, 2.741759999999999753, -0.1100196155029169176 ) ) ;
#3824 = CARTESIAN_POINT ( 'NONE',  ( 0.8999999999999948042, 4.840188270024566492E-15, -2.741759999999999753 ) ) ;
#3825 = ORIENTED_EDGE ( 'NONE', *, *, #272, .F. ) ;
#3826 = DIRECTION ( 'NONE',  ( -0.000000000000000000, -1.000000000000000000, 0.000000000000000000 ) ) ;
#3827 = DIRECTION ( 'NONE',  ( 0.000000000000000000, 0.000000000000000000, -1.000000000000000000 ) ) ;
#3828 = CARTESIAN_POINT ( 'NONE',  ( 2.602554106022254121, 0.07529810106369545786, -2.724701898936304101 ) ) ;
#3829 = ORIENTED_EDGE ( 'NONE', *, *, #3198, .T. ) ;
#3830 = DIRECTION ( 'NONE',  ( 1.000000000000000000, -5.584832619259124710E-15, 0.000000000000000000 ) ) ;
#3831 = CARTESIAN_POINT ( 'NONE',  ( 0.9000000000000002442, 0.000000000000000000, -0.05824000000000020133 ) ) ;
#3832 = ORIENTED_EDGE ( 'NONE', *, *, #4181, .F. ) ;
#3833 = ORIENTED_EDGE ( 'NONE', *, *, #6, .F. ) ;
#3834 = DIRECTION ( 'NONE',  ( 1.000000000000000000, 0.000000000000000000, -0.000000000000000000 ) ) ;
#3835 = EDGE_CURVE ( 'NONE', #462, #1407, #2128, .T. ) ;
#3836 = CARTESIAN_POINT ( 'NONE',  ( 3.500000000000000000, 0.000000000000000000, -0.05823999999999999316 ) ) ;
#3837 = AXIS2_PLACEMENT_3D ( 'NONE', #627, #2070, #2343 ) ;
#3838 = EDGE_LOOP ( 'NONE', ( #780, #4067, #4044, #501 ) ) ;
#3839 = CARTESIAN_POINT ( 'NONE',  ( 0.9000000000000002442, 0.000000000000000000, -2.741759999999999753 ) ) ;
#3840 = DIRECTION ( 'NONE',  ( -0.000000000000000000, -1.000000000000000000, 0.000000000000000000 ) ) ;
#3841 = MECHANICAL_DESIGN_GEOMETRIC_PRESENTATION_REPRESENTATION (  '', ( #682 ), #1062 ) ;
#3842 = EDGE_CURVE ( 'NONE', #1407, #3361, #968, .T. ) ;
#3843 = SURFACE_STYLE_FILL_AREA ( #645 ) ;
#3844 = DIRECTION ( 'NONE',  ( 1.000000000000000000, 0.000000000000000000, 0.000000000000000000 ) ) ;
#3845 = AXIS2_PLACEMENT_3D ( 'NONE', #494, #3809, #1916 ) ;
#3846 = ORIENTED_EDGE ( 'NONE', *, *, #3670, .F. ) ;
#3847 = EDGE_CURVE ( 'NONE', #1920, #2424, #3266, .T. ) ;
#3848 =( NAMED_UNIT ( * ) SI_UNIT ( $, .STERADIAN. ) SOLID_ANGLE_UNIT ( ) );
#3849 = SURFACE_STYLE_FILL_AREA ( #4273 ) ;
#3850 = VECTOR ( 'NONE', #4023, 1000.000000000000000 ) ;
#3851 = CARTESIAN_POINT ( 'NONE',  ( 1.890000000000006786, 2.741759999999999753, -1.672652312619159698 ) ) ;
#3852 = DIRECTION ( 'NONE',  ( -0.9617234872620624708, 0.000000000000000000, -0.2740217765953967821 ) ) ;
#3853 = ORIENTED_EDGE ( 'NONE', *, *, #1785, .F. ) ;
#3854 = VECTOR ( 'NONE', #2417, 1000.000000000000000 ) ;
#3855 = PRESENTATION_LAYER_ASSIGNMENT (  '', '', ( #848 ) ) ;
#3856 = DIRECTION ( 'NONE',  ( 1.000000000000000000, 0.000000000000000000, 0.000000000000000000 ) ) ;
#3857 = MECHANICAL_DESIGN_GEOMETRIC_PRESENTATION_REPRESENTATION (  '', ( #1886 ), #3245 ) ;
#3858 = CARTESIAN_POINT ( 'NONE',  ( 0.000000000000000000, 0.000000000000000000, 0.000000000000000000 ) ) ;
#3859 = ORIENTED_EDGE ( 'NONE', *, *, #3640, .T. ) ;
#3860 = ORIENTED_EDGE ( 'NONE', *, *, #1725, .T. ) ;
#3861 = VECTOR ( 'NONE', #264, 1000.000000000000000 ) ;
#3862 = CARTESIAN_POINT ( 'NONE',  ( 3.500000000000000000, 2.741759999999999753, -0.05823999999999999316 ) ) ;
#3863 = FACE_OUTER_BOUND ( 'NONE', #888, .T. ) ;
#3864 = ORIENTED_EDGE ( 'NONE', *, *, #3847, .T. ) ;
#3865 = EDGE_CURVE ( 'NONE', #496, #3905, #4030, .T. ) ;
#3866 =( NAMED_UNIT ( * ) SI_UNIT ( $, .STERADIAN. ) SOLID_ANGLE_UNIT ( ) );
#3867 = DIRECTION ( 'NONE',  ( 1.000000000000000000, 0.000000000000000000, 0.000000000000000000 ) ) ;
#3868 = CARTESIAN_POINT ( 'NONE',  ( 0.9000000000000002442, 2.689980384497082433, -0.05824000000000020133 ) ) ;
#3869 = COLOUR_RGB ( '',0.7686274509803920907, 0.7686274509803920907, 0.7686274509803920907 ) ;
#3870 = DIRECTION ( 'NONE',  ( 0.000000000000000000, 0.000000000000000000, 1.000000000000000000 ) ) ;
#3871 = CYLINDRICAL_SURFACE ( 'NONE', #1695, 0.05824000000000020133 ) ;
#3872 = CIRCLE ( 'NONE', #405, 0.05824000000000020133 ) ;
#3873 = ORIENTED_EDGE ( 'NONE', *, *, #4438, .F. ) ;
#3874 = EDGE_CURVE ( 'NONE', #947, #1114, #422, .T. ) ;
#3875 = CYLINDRICAL_SURFACE ( 'NONE', #4539, 0.05824000000000020133 ) ;
#3876 = LINE ( 'NONE', #271, #1827 ) ;
#3877 =( GEOMETRIC_REPRESENTATION_CONTEXT ( 3 ) GLOBAL_UNCERTAINTY_ASSIGNED_CONTEXT ( ( #2957 ) ) GLOBAL_UNIT_ASSIGNED_CONTEXT ( ( #3539, #1026, #2043 ) ) REPRESENTATION_CONTEXT ( 'NONE', 'WORKASPACE' ) );
#3878 = CARTESIAN_POINT ( 'NONE',  ( 0.05824000000000020133, 0.05823999999999999316, 0.000000000000000000 ) ) ;
#3879 = VECTOR ( 'NONE', #2514, 1000.000000000000000 ) ;
#3880 = CIRCLE ( 'NONE', #3949, 0.05824000000000020133 ) ;
#3881 = EDGE_CURVE ( 'NONE', #4004, #920, #2856, .T. ) ;
#3882 =( LENGTH_UNIT ( ) NAMED_UNIT ( * ) SI_UNIT ( .MILLI., .METRE. ) );
#3883 = ORIENTED_EDGE ( 'NONE', *, *, #1477, .F. ) ;
#3884 = CARTESIAN_POINT ( 'NONE',  ( 2.600857672268034548, 2.730239879384714463, -0.06976012061528559516 ) ) ;
#3885 = FACE_OUTER_BOUND ( 'NONE', #4645, .T. ) ;
#3886 = ORIENTED_EDGE ( 'NONE', *, *, #212, .T. ) ;
#3887 = EDGE_CURVE ( 'NONE', #255, #3927, #3602, .T. ) ;
#3888 = ORIENTED_EDGE ( 'NONE', *, *, #1785, .T. ) ;
#3889 = VECTOR ( 'NONE', #2806, 1000.000000000000000 ) ;
#3890 = DIRECTION ( 'NONE',  ( -0.000000000000000000, -1.000000000000000000, 0.000000000000000000 ) ) ;
#3891 = LINE ( 'NONE', #3480, #1327 ) ;
#3892 = VECTOR ( 'NONE', #475, 1000.000000000000227 ) ;
#3893 = ORIENTED_EDGE ( 'NONE', *, *, #1978, .T. ) ;
#3894 = FACE_OUTER_BOUND ( 'NONE', #3838, .T. ) ;
#3895 = DIRECTION ( 'NONE',  ( 0.6995643972270459976, 0.000000000000000000, 0.7145695586381775044 ) ) ;
#3896 = CARTESIAN_POINT ( 'NONE',  ( 1.811686967656117364, 2.741759999999999753, -0.9316085170136499949 ) ) ;
#3897 = LINE ( 'NONE', #712, #1500 ) ;
#3898 = ORIENTED_EDGE ( 'NONE', *, *, #595, .T. ) ;
#3899 = PRESENTATION_STYLE_ASSIGNMENT (( #2439 ) ) ;
#3900 = FILL_AREA_STYLE ('',( #3565 ) ) ;
#3901 = EDGE_LOOP ( 'NONE', ( #2743, #771, #4321, #2522 ) ) ;
#3902 = FILL_AREA_STYLE ('',( #2779 ) ) ;
#3903 = CARTESIAN_POINT ( 'NONE',  ( 0.000000000000000000, 0.05823999999999999316, -0.05823999999999999316 ) ) ;
#3904 = CARTESIAN_POINT ( 'NONE',  ( 1.890000000000006786, 2.741759999999999753, -1.623113718722069665 ) ) ;
#3905 = VERTEX_POINT ( 'NONE', #4339 ) ;
#3906 = EDGE_CURVE ( 'NONE', #2759, #3242, #692, .T. ) ;
#3907 =( NAMED_UNIT ( * ) SI_UNIT ( $, .STERADIAN. ) SOLID_ANGLE_UNIT ( ) );
#3908 = ADVANCED_FACE ( 'NONE', ( #374 ), #4313, .F. ) ;
#3909 = EDGE_LOOP ( 'NONE', ( #1307, #2013, #2970, #1515 ) ) ;
#3910 = CARTESIAN_POINT ( 'NONE',  ( 1.890000000000006786, 2.746759999999999646, -1.429865641467908510 ) ) ;
#3911 =( NAMED_UNIT ( * ) PLANE_ANGLE_UNIT ( ) SI_UNIT ( $, .RADIAN. ) );
#3912 = CARTESIAN_POINT ( 'NONE',  ( 1.478369079381479878, 2.746759999999999646, -0.8455874476530370609 ) ) ;
#3913 = DIRECTION ( 'NONE',  ( -1.861610873086367935E-15, -1.000000000000000000, 0.000000000000000000 ) ) ;
#3914 = DIRECTION ( 'NONE',  ( 1.000000000000000000, 0.000000000000000000, 0.000000000000000000 ) ) ;
#3915 = PRESENTATION_LAYER_ASSIGNMENT (  '', '', ( #4130 ) ) ;
#3916 = FACE_OUTER_BOUND ( 'NONE', #554, .T. ) ;
#3917 = VERTEX_POINT ( 'NONE', #1799 ) ;
#3918 = EDGE_CURVE ( 'NONE', #1637, #280, #3235, .T. ) ;
#3919 = VECTOR ( 'NONE', #2228, 1000.000000000000000 ) ;
#3920 = CARTESIAN_POINT ( 'NONE',  ( 0.000000000000000000, 2.741759999999999753, -2.741759999999999753 ) ) ;
#3921 = FACE_OUTER_BOUND ( 'NONE', #2503, .T. ) ;
#3922 = EDGE_CURVE ( 'NONE', #2207, #4472, #445, .T. ) ;
#3923 = COLOUR_RGB ( '',0.7686274509803920907, 0.7686274509803920907, 0.7686274509803920907 ) ;
#3924 = CARTESIAN_POINT ( 'NONE',  ( 0.8417599999999947347, 0.05823999999999999316, 0.000000000000000000 ) ) ;
#3925 = DIRECTION ( 'NONE',  ( -0.2745159998572559434, 0.000000000000000000, 0.9615825319869174548 ) ) ;
#3926 = PLANE ( 'NONE',  #4528 ) ;
#3927 = VERTEX_POINT ( 'NONE', #1867 ) ;
#3928 = EDGE_CURVE ( 'NONE', #204, #981, #4005, .T. ) ;
#3929 = CARTESIAN_POINT ( 'NONE',  ( 1.811671948376557983, 2.746759999999999646, -2.005877581997301817 ) ) ;
#3930 = CARTESIAN_POINT ( 'NONE',  ( 2.601675510045258655, 0.07859784019378684983, -0.07218483607029967108 ) ) ;
#3931 = CYLINDRICAL_SURFACE ( 'NONE', #3932, 0.05824000000000020133 ) ;
#3932 = AXIS2_PLACEMENT_3D ( 'NONE', #4283, #2031, #1038 ) ;
#3933 =( GEOMETRIC_REPRESENTATION_CONTEXT ( 3 ) GLOBAL_UNCERTAINTY_ASSIGNED_CONTEXT ( ( #2148 ) ) GLOBAL_UNIT_ASSIGNED_CONTEXT ( ( #4249, #338, #1415 ) ) REPRESENTATION_CONTEXT ( 'NONE', 'WORKASPACE' ) );
#3934 = EDGE_LOOP ( 'NONE', ( #2749, #3274, #39 ) ) ;
#3935 = CARTESIAN_POINT ( 'NONE',  ( 1.478369079381479878, 2.741759999999999753, -1.791051805255976292 ) ) ;
#3936 = CARTESIAN_POINT ( 'NONE',  ( 1.890000000000006786, 2.746759999999999646, -1.983651549899683841 ) ) ;
#3937 =( LENGTH_UNIT ( ) NAMED_UNIT ( * ) SI_UNIT ( .MILLI., .METRE. ) );
#3938 = AXIS2_PLACEMENT_3D ( 'NONE', #990, #4287, #4314 ) ;
#3939 = FILL_AREA_STYLE ('',( #2475 ) ) ;
#3940 = PLANE ( 'NONE',  #3686 ) ;
#3941 = EDGE_LOOP ( 'NONE', ( #3384, #312, #3716, #640 ) ) ;
#3942 = MECHANICAL_DESIGN_GEOMETRIC_PRESENTATION_REPRESENTATION (  '', ( #1304 ), #2044 ) ;
#3943 = EDGE_CURVE ( 'NONE', #3648, #2543, #2150, .T. ) ;
#3944 = CARTESIAN_POINT ( 'NONE',  ( 0.05824000000000020133, 0.000000000000000000, -0.05823999999999999316 ) ) ;
#3945 = COLOUR_RGB ( '',0.7686274509803920907, 0.7686274509803920907, 0.7686274509803920907 ) ;
#3946 = DIRECTION ( 'NONE',  ( 0.000000000000000000, 0.000000000000000000, -1.000000000000000000 ) ) ;
#3947 = LINE ( 'NONE', #720, #349 ) ;
#3948 = SURFACE_SIDE_STYLE ('',( #4022 ) ) ;
#3949 = AXIS2_PLACEMENT_3D ( 'NONE', #3123, #2819, #3552 ) ;
#3950 = CARTESIAN_POINT ( 'NONE',  ( 2.600004373536457969, 0.05895372992004442592, -0.1073901237253754581 ) ) ;
#3951 = ORIENTED_EDGE ( 'NONE', *, *, #4569, .T. ) ;
#3952 =( LENGTH_UNIT ( ) NAMED_UNIT ( * ) SI_UNIT ( .MILLI., .METRE. ) );
#3953 =( GEOMETRIC_REPRESENTATION_CONTEXT ( 3 ) GLOBAL_UNCERTAINTY_ASSIGNED_CONTEXT ( ( #2667 ) ) GLOBAL_UNIT_ASSIGNED_CONTEXT ( ( #2123, #2218, #1475 ) ) REPRESENTATION_CONTEXT ( 'NONE', 'WORKASPACE' ) );
#3954 = CARTESIAN_POINT ( 'NONE',  ( 1.890000000000006786, 2.746759999999999646, -1.623113718722069665 ) ) ;
#3955 = PLANE ( 'NONE',  #472 ) ;
#3956 = EDGE_CURVE ( 'NONE', #1570, #2423, #1306, .T. ) ;
#3957 = UNCERTAINTY_MEASURE_WITH_UNIT (LENGTH_MEASURE( 1.000000000000000082E-05 ), #2594, 'distance_accuracy_value', 'NONE');
#3958 = ORIENTED_EDGE ( 'NONE', *, *, #672, .T. ) ;
#3959 = DIRECTION ( 'NONE',  ( 0.000000000000000000, 0.000000000000000000, -1.000000000000000000 ) ) ;
#3960 = CARTESIAN_POINT ( 'NONE',  ( 1.890000000000006786, 2.741759999999999753, -2.220836029381371812 ) ) ;
#3961 = PLANE ( 'NONE',  #4404 ) ;
#3962 = COLOUR_RGB ( '',0.7686274509803920907, 0.7686274509803920907, 0.7686274509803920907 ) ;
#3963 = CARTESIAN_POINT ( 'NONE',  ( 1.633284197684115924, 2.746759999999999646, -1.159145611914445873 ) ) ;
#3964 = CARTESIAN_POINT ( 'NONE',  ( 3.441759999999999931, 0.05823999999999999316, -2.741759999999999753 ) ) ;
#3965 = VERTEX_POINT ( 'NONE', #2753 ) ;
#3966 = PRESENTATION_LAYER_ASSIGNMENT (  '', '', ( #808 ) ) ;
#3967 = CARTESIAN_POINT ( 'NONE',  ( 1.557265360455781344, 2.746759999999999646, -2.073934948893989105 ) ) ;
#3968 = DIRECTION ( 'NONE',  ( 0.000000000000000000, 0.000000000000000000, 1.000000000000000000 ) ) ;
#3969 = DIRECTION ( 'NONE',  ( 0.9601763114327565019, 0.000000000000000000, 0.2793947940878392933 ) ) ;
#3970 = EDGE_CURVE ( 'NONE', #1008, #2797, #2319, .T. ) ;
#3971 = ORIENTED_EDGE ( 'NONE', *, *, #2067, .F. ) ;
#3972 = PRESENTATION_STYLE_ASSIGNMENT (( #2827 ) ) ;
#3973 =( LENGTH_UNIT ( ) NAMED_UNIT ( * ) SI_UNIT ( .MILLI., .METRE. ) );
#3974 = ADVANCED_FACE ( 'NONE', ( #557 ), #1980, .T. ) ;
#3975 = FILL_AREA_STYLE_COLOUR ( '', #125 ) ;
#3976 = CARTESIAN_POINT ( 'NONE',  ( 2.602554106022254121, 0.07529810106369556888, -0.07529810106369576317 ) ) ;
#3977 = ORIENTED_EDGE ( 'NONE', *, *, #734, .F. ) ;
#3978 = LINE ( 'NONE', #369, #4025 ) ;
#3979 = CARTESIAN_POINT ( 'NONE',  ( 2.599971806316263123, 0.1034708785317252633, -0.05934521978077483828 ) ) ;
#3980 = ORIENTED_EDGE ( 'NONE', *, *, #3031, .F. ) ;
#3981 = CARTESIAN_POINT ( 'NONE',  ( 0.8993473067223033413, 2.732628671686632593, -0.08458201944690862950 ) ) ;
#3982 = SURFACE_STYLE_FILL_AREA ( #1524 ) ;
#3983 = EDGE_CURVE ( 'NONE', #1261, #4593, #4179, .T. ) ;
#3984 = DIRECTION ( 'NONE',  ( 0.9610876102172832836, 0.000000000000000000, 0.2762437428917279281 ) ) ;
#3985 = DIRECTION ( 'NONE',  ( 0.000000000000000000, 0.000000000000000000, -1.000000000000000000 ) ) ;
#3986 = EDGE_LOOP ( 'NONE', ( #4018, #1703, #634, #1090 ) ) ;
#3987 = EDGE_CURVE ( 'NONE', #2423, #4202, #1280, .T. ) ;
#3988 = CARTESIAN_POINT ( 'NONE',  ( 0.8417599999999950677, 0.05823999999999999316, -0.05824000000000020133 ) ) ;
#3989 = DIRECTION ( 'NONE',  ( 1.000000000000000000, -0.000000000000000000, 0.000000000000000000 ) ) ;
#3990 = CARTESIAN_POINT ( 'NONE',  ( 1.890000000000006786, 2.741759999999999753, -0.4670490083270785187 ) ) ;
#3991 = ORIENTED_EDGE ( 'NONE', *, *, #4062, .T. ) ;
#3992 = CARTESIAN_POINT ( 'NONE',  ( 3.500000000000000000, 2.741759999999999753, 0.000000000000000000 ) ) ;
#3993 = FILL_AREA_STYLE_COLOUR ( '', #4335 ) ;
#3994 = MECHANICAL_DESIGN_GEOMETRIC_PRESENTATION_REPRESENTATION (  '', ( #1728 ), #833 ) ;
#3995 = CARTESIAN_POINT ( 'NONE',  ( 1.890000000000006786, 2.746759999999999646, -0.7919942905095858077 ) ) ;
#3996 = CARTESIAN_POINT ( 'NONE',  ( 1.890000000000006786, 2.746759999999999646, -1.320128519256672073 ) ) ;
#3997 = ORIENTED_EDGE ( 'NONE', *, *, #368, .F. ) ;
#3998 = CARTESIAN_POINT ( 'NONE',  ( 2.602554106022254121, 0.07529810106369556888, -0.07529810106369576317 ) ) ;
#3999 =( NAMED_UNIT ( * ) PLANE_ANGLE_UNIT ( ) SI_UNIT ( $, .RADIAN. ) );
#4000 = MECHANICAL_DESIGN_GEOMETRIC_PRESENTATION_REPRESENTATION (  '', ( #387 ), #2637 ) ;
#4001 = MECHANICAL_DESIGN_GEOMETRIC_PRESENTATION_REPRESENTATION (  '', ( #316 ), #1878 ) ;
#4002 = EDGE_CURVE ( 'NONE', #2327, #1234, #3015, .T. ) ;
#4003 = UNCERTAINTY_MEASURE_WITH_UNIT (LENGTH_MEASURE( 1.000000000000000082E-05 ), #2350, 'distance_accuracy_value', 'NONE');
#4004 = VERTEX_POINT ( 'NONE', #907 ) ;
#4005 = LINE ( 'NONE', #3304, #1660 ) ;
#4006 = LINE ( 'NONE', #2198, #4629 ) ;
#4007 = COLOUR_RGB ( '',0.7686274509803920907, 0.7686274509803920907, 0.7686274509803920907 ) ;
#4008 = CIRCLE ( 'NONE', #4535, 0.05824000000000020133 ) ;
#4009 = CARTESIAN_POINT ( 'NONE',  ( 0.8991423277319656737, 2.730239879384714463, -0.06976012061528544250 ) ) ;
#4010 = STYLED_ITEM ( 'NONE', ( #1033 ), #2577 ) ;
#4011 = STYLED_ITEM ( 'NONE', ( #207 ), #2383 ) ;
#4012 = COLOUR_RGB ( '',0.7686274509803920907, 0.7686274509803920907, 0.7686274509803920907 ) ;
#4013 = EDGE_CURVE ( 'NONE', #3687, #4602, #1896, .T. ) ;
#4014 = ORIENTED_EDGE ( 'NONE', *, *, #2932, .T. ) ;
#4015 = EDGE_CURVE ( 'NONE', #2899, #255, #468, .T. ) ;
#4016 = PRESENTATION_LAYER_ASSIGNMENT (  '', '', ( #2042 ) ) ;
#4017 = DIRECTION ( 'NONE',  ( 0.000000000000000000, 0.000000000000000000, -1.000000000000000000 ) ) ;
#4018 = ORIENTED_EDGE ( 'NONE', *, *, #2897, .T. ) ;
#4019 = FACE_OUTER_BOUND ( 'NONE', #1992, .T. ) ;
#4020 = PRESENTATION_LAYER_ASSIGNMENT (  '', '', ( #2339 ) ) ;
#4021 = DIRECTION ( 'NONE',  ( 0.000000000000000000, 0.000000000000000000, -1.000000000000000000 ) ) ;
#4022 = SURFACE_STYLE_FILL_AREA ( #1119 ) ;
#4023 = DIRECTION ( 'NONE',  ( -0.000000000000000000, -1.000000000000000000, -0.000000000000000000 ) ) ;
#4024 = EDGE_CURVE ( 'NONE', #1114, #1637, #3803, .T. ) ;
#4025 = VECTOR ( 'NONE', #1492, 1000.000000000000000 ) ;
#4026 = EDGE_LOOP ( 'NONE', ( #3587, #4072, #2923, #3616 ) ) ;
#4027 = DIRECTION ( 'NONE',  ( 0.000000000000000000, 1.000000000000000000, 0.000000000000000000 ) ) ;
#4028 = ORIENTED_EDGE ( 'NONE', *, *, #3943, .T. ) ;
#4029 =( GEOMETRIC_REPRESENTATION_CONTEXT ( 3 ) GLOBAL_UNCERTAINTY_ASSIGNED_CONTEXT ( ( #3233 ) ) GLOBAL_UNIT_ASSIGNED_CONTEXT ( ( #2546, #807, #2858 ) ) REPRESENTATION_CONTEXT ( 'NONE', 'WORKASPACE' ) );
#4030 = LINE ( 'NONE', #1479, #1734 ) ;
#4031 = SURFACE_STYLE_USAGE ( .BOTH. , #2524 ) ;
#4032 = CARTESIAN_POINT ( 'NONE',  ( 1.557856304720737217, 2.746759999999999646, -2.429006833949353350 ) ) ;
#4033 = AXIS2_PLACEMENT_3D ( 'NONE', #3711, #1589, #2262 ) ;
#4034 = VERTEX_POINT ( 'NONE', #957 ) ;
#4035 = FACE_OUTER_BOUND ( 'NONE', #4598, .T. ) ;
#4036 = COLOUR_RGB ( '',0.6470588235294117974, 0.5176470588235293491, 0.000000000000000000 ) ;
#4037 = DIRECTION ( 'NONE',  ( 1.000000000000000000, -1.861610873086374640E-15, 0.000000000000000000 ) ) ;
#4038 = CARTESIAN_POINT ( 'NONE',  ( 1.890000000000006786, 2.741759999999999753, -2.220836029381371812 ) ) ;
#4039 = AXIS2_PLACEMENT_3D ( 'NONE', #1346, #3512, #2860 ) ;
#4040 = ORIENTED_EDGE ( 'NONE', *, *, #4541, .T. ) ;
#4041 = DIRECTION ( 'NONE',  ( -0.000000000000000000, -0.000000000000000000, 1.000000000000000000 ) ) ;
#4042 = CARTESIAN_POINT ( 'NONE',  ( 0.8999956264635374792, 0.1073901237253741120, -0.05895372992004463408 ) ) ;
#4043 =( LENGTH_UNIT ( ) NAMED_UNIT ( * ) SI_UNIT ( .MILLI., .METRE. ) );
#4044 = ORIENTED_EDGE ( 'NONE', *, *, #3674, .T. ) ;
#4045 = SURFACE_STYLE_FILL_AREA ( #3646 ) ;
#4046 = LINE ( 'NONE', #4425, #3152 ) ;
#4047 = UNCERTAINTY_MEASURE_WITH_UNIT (LENGTH_MEASURE( 1.000000000000000082E-05 ), #248, 'distance_accuracy_value', 'NONE');
#4048 = EDGE_LOOP ( 'NONE', ( #2692, #3477, #2809, #227 ) ) ;
#4049 = CARTESIAN_POINT ( 'NONE',  ( 1.478369079381479878, 2.741759999999999753, -0.4682956089486576823 ) ) ;
#4050 = EDGE_CURVE ( 'NONE', #2107, #1571, #629, .T. ) ;
#4051 =( NAMED_UNIT ( * ) SI_UNIT ( $, .STERADIAN. ) SOLID_ANGLE_UNIT ( ) );
#4052 = EDGE_LOOP ( 'NONE', ( #1918, #988, #4222, #1077, #2254, #4435, #792, #1640, #380, #827, #1939 ) ) ;
#4053 = PRESENTATION_STYLE_ASSIGNMENT (( #3655 ) ) ;
#4054 = LINE ( 'NONE', #2576, #2962 ) ;
#4055 = CARTESIAN_POINT ( 'NONE',  ( 1.666495581945717674, 2.741759999999999753, -0.6534257646995780267 ) ) ;
#4056 = EDGE_CURVE ( 'NONE', #535, #4388, #1439, .T. ) ;
#4057 = ORIENTED_EDGE ( 'NONE', *, *, #998, .F. ) ;
#4058 = SURFACE_SIDE_STYLE ('',( #457 ) ) ;
#4059 = CARTESIAN_POINT ( 'NONE',  ( 0.8987394622637419062, 0.07952093373177764046, -0.07107526839561355281 ) ) ;
#4060 = DIRECTION ( 'NONE',  ( -0.000000000000000000, -1.000000000000000000, 0.000000000000000000 ) ) ;
#4061 = VECTOR ( 'NONE', #2803, 1000.000000000000227 ) ;
#4062 = EDGE_CURVE ( 'NONE', #3648, #2992, #4008, .T. ) ;
#4063 = ORIENTED_EDGE ( 'NONE', *, *, #1559, .F. ) ;
#4064 =( NAMED_UNIT ( * ) SI_UNIT ( $, .STERADIAN. ) SOLID_ANGLE_UNIT ( ) );
#4065 = VECTOR ( 'NONE', #995, 1000.000000000000000 ) ;
#4066 = MECHANICAL_DESIGN_GEOMETRIC_PRESENTATION_REPRESENTATION (  '', ( #1134 ), #3077 ) ;
#4067 = ORIENTED_EDGE ( 'NONE', *, *, #1279, .T. ) ;
#4068 = ORIENTED_EDGE ( 'NONE', *, *, #3757, .T. ) ;
#4069 = FACE_OUTER_BOUND ( 'NONE', #2738, .T. ) ;
#4070 = CARTESIAN_POINT ( 'NONE',  ( 1.478369079381479878, 2.746759999999999646, -1.791051805255976292 ) ) ;
#4071 = PRESENTATION_LAYER_ASSIGNMENT (  '', '', ( #4384 ) ) ;
#4072 = ORIENTED_EDGE ( 'NONE', *, *, #3731, .F. ) ;
#4073 = CARTESIAN_POINT ( 'NONE',  ( 1.890000000000006786, 2.741759999999999753, -0.7460696939635345082 ) ) ;
#4074 = CYLINDRICAL_SURFACE ( 'NONE', #628, 0.05823999999999998622 ) ;
#4075 = DIRECTION ( 'NONE',  ( 0.000000000000000000, -0.000000000000000000, -1.000000000000000000 ) ) ;
#4076 = AXIS2_PLACEMENT_3D ( 'NONE', #351, #4334, #1820 ) ;
#4077 = PLANE ( 'NONE',  #3682 ) ;
#4078 = LINE ( 'NONE', #2276, #3793 ) ;
#4079 = ORIENTED_EDGE ( 'NONE', *, *, #3441, .F. ) ;
#4080 = VECTOR ( 'NONE', #1650, 1000.000000000000000 ) ;
#4081 = CARTESIAN_POINT ( 'NONE',  ( 1.478369079381479878, 2.741759999999999753, -0.7101235493540221100 ) ) ;
#4082 =( NAMED_UNIT ( * ) SI_UNIT ( $, .STERADIAN. ) SOLID_ANGLE_UNIT ( ) );
#4083 = SURFACE_STYLE_FILL_AREA ( #1950 ) ;
#4084 = LINE ( 'NONE', #3017, #2385 ) ;
#4085 = VERTEX_POINT ( 'NONE', #1353 ) ;
#4086 = CARTESIAN_POINT ( 'NONE',  ( 0.9000000000000001332, 0.05824000000000020133, -2.741759999999999753 ) ) ;
#4087 = SURFACE_SIDE_STYLE ('',( #491 ) ) ;
#4088 = DIRECTION ( 'NONE',  ( 0.9612861490927337993, 0.000000000000000000, 0.2755520632520512270 ) ) ;
#4089 = VERTEX_POINT ( 'NONE', #2776 ) ;
#4090 = UNCERTAINTY_MEASURE_WITH_UNIT (LENGTH_MEASURE( 1.000000000000000082E-05 ), #240, 'distance_accuracy_value', 'NONE');
#4091 = EDGE_LOOP ( 'NONE', ( #1542, #4028, #3893, #4134 ) ) ;
#4092 = MANIFOLD_SOLID_BREP ( 'Fillet3', #777 ) ;
#4093 = AXIS2_PLACEMENT_3D ( 'NONE', #2309, #2984, #3419 ) ;
#4094 = FILL_AREA_STYLE ('',( #2720 ) ) ;
#4095 = EDGE_CURVE ( 'NONE', #664, #2286, #3328, .T. ) ;
#4096 = CARTESIAN_POINT ( 'NONE',  ( 1.890000000000006786, 2.746759999999999646, -1.623113718722069665 ) ) ;
#4097 = VECTOR ( 'NONE', #4197, 1000.000000000000000 ) ;
#4098 = ORIENTED_EDGE ( 'NONE', *, *, #3162, .T. ) ;
#4099 = DIRECTION ( 'NONE',  ( -0.000000000000000000, -0.000000000000000000, -1.000000000000000000 ) ) ;
#4100 = CARTESIAN_POINT ( 'NONE',  ( 2.600000000000000089, 0.05824000000000020133, -2.741759999999999753 ) ) ;
#4101 = CARTESIAN_POINT ( 'NONE',  ( 2.600207013399459033, 2.736413408433164829, -0.09126101466390709738 ) ) ;
#4102 = FILL_AREA_STYLE ('',( #1250 ) ) ;
#4103 = VERTEX_POINT ( 'NONE', #3920 ) ;
#4104 = COLOUR_RGB ( '',0.7686274509803920907, 0.7686274509803920907, 0.7686274509803920907 ) ;
#4105 = CARTESIAN_POINT ( 'NONE',  ( 0.8996518591888641447, 0.09001860827637243878, -0.06459847777822333437 ) ) ;
#4106 = VECTOR ( 'NONE', #1924, 1000.000000000000000 ) ;
#4107 = PLANE ( 'NONE',  #754 ) ;
#4108 = ADVANCED_FACE ( 'NONE', ( #2114 ), #3518, .T. ) ;
#4109 = ORIENTED_EDGE ( 'NONE', *, *, #4640, .T. ) ;
#4110 =( NAMED_UNIT ( * ) SI_UNIT ( $, .STERADIAN. ) SOLID_ANGLE_UNIT ( ) );
#4111 = FILL_AREA_STYLE ('',( #3785 ) ) ;
#4112 = ORIENTED_EDGE ( 'NONE', *, *, #113, .F. ) ;
#4113 = ORIENTED_EDGE ( 'NONE', *, *, #2211, .T. ) ;
#4114 = CARTESIAN_POINT ( 'NONE',  ( 1.709380634529654497, 2.746759999999999646, -1.137410209649718507 ) ) ;
#4115 = FILL_AREA_STYLE_COLOUR ( '', #4330 ) ;
#4116 = LINE ( 'NONE', #567, #3193 ) ;
#4117 = ORIENTED_EDGE ( 'NONE', *, *, #2399, .T. ) ;
#4118 = DIRECTION ( 'NONE',  ( -0.9999960426590096541, 0.000000000000000000, -0.002813301676014988602 ) ) ;
#4119 = DIRECTION ( 'NONE',  ( 0.000000000000000000, 0.000000000000000000, -1.000000000000000000 ) ) ;
#4120 = CARTESIAN_POINT ( 'NONE',  ( 2.602065858225357076, 2.726295775941022015, -0.07689197806814181135 ) ) ;
#4121 = ORIENTED_EDGE ( 'NONE', *, *, #4507, .F. ) ;
#4122 = DIRECTION ( 'NONE',  ( 0.000000000000000000, 0.000000000000000000, 1.000000000000000000 ) ) ;
#4123 = CARTESIAN_POINT ( 'NONE',  ( 1.772443497879789387, 2.741759999999999753, -1.415070833206682366 ) ) ;
#4124 = EDGE_CURVE ( 'NONE', #823, #895, #3612, .T. ) ;
#4125 = MANIFOLD_SOLID_BREP ( 'Scale1[1]', #2186 ) ;
#4126 = DIRECTION ( 'NONE',  ( 0.000000000000000000, 0.000000000000000000, -1.000000000000000000 ) ) ;
#4127 = EDGE_LOOP ( 'NONE', ( #84, #3787, #4466, #290 ) ) ;
#4128 = CARTESIAN_POINT ( 'NONE',  ( 0.8417599999999947347, 0.05823999999999999316, -0.05823999999999999316 ) ) ;
#4129 = SURFACE_STYLE_USAGE ( .BOTH. , #890 ) ;
#4130 = STYLED_ITEM ( 'NONE', ( #3899 ), #2968 ) ;
#4131 = LINE ( 'NONE', #1590, #391 ) ;
#4132 = ORIENTED_EDGE ( 'NONE', *, *, #3723, .T. ) ;
#4133 = UNCERTAINTY_MEASURE_WITH_UNIT (LENGTH_MEASURE( 1.000000000000000082E-05 ), #3111, 'distance_accuracy_value', 'NONE');
#4134 = ORIENTED_EDGE ( 'NONE', *, *, #687, .T. ) ;
#4135 = AXIS2_PLACEMENT_3D ( 'NONE', #3468, #1670, #3144 ) ;
#4136 = CARTESIAN_POINT ( 'NONE',  ( 1.633284197684115924, 2.746759999999999646, -0.9824688076061879327 ) ) ;
#4137 = SURFACE_STYLE_FILL_AREA ( #522 ) ;
#4138 = CARTESIAN_POINT ( 'NONE',  ( 1.709380634529654497, 2.746759999999999646, -0.9607584374758031398 ) ) ;
#4139 = ADVANCED_FACE ( 'NONE', ( #3593 ), #1769, .T. ) ;
#4140 = EDGE_LOOP ( 'NONE', ( #3277, #2365, #1626, #2164, #400, #4350 ) ) ;
#4141 = FACE_OUTER_BOUND ( 'NONE', #4326, .T. ) ;
#4142 = CARTESIAN_POINT ( 'NONE',  ( 0.9000000000000002442, 2.683519999999998795, -0.05824000000000020133 ) ) ;
#4143 = AXIS2_PLACEMENT_3D ( 'NONE', #2639, #844, #4088 ) ;
#4144 = CARTESIAN_POINT ( 'NONE',  ( 0.8986364107457303074, 0.08039141117225848121, -2.729231173212051775 ) ) ;
#4145 = EDGE_CURVE ( 'NONE', #4192, #1331, #2603, .T. ) ;
#4146 = CARTESIAN_POINT ( 'NONE',  ( 0.9000000000000926148, 2.686559285007559694, -2.741760000000005526 ) ) ;
#4147 = ORIENTED_EDGE ( 'NONE', *, *, #85, .F. ) ;
#4148 = CYLINDRICAL_SURFACE ( 'NONE', #173, 0.05823999999999999316 ) ;
#4149 = ADVANCED_FACE ( 'NONE', ( #3729 ), #1534, .F. ) ;
#4150 = DIRECTION ( 'NONE',  ( 0.000000000000000000, 0.000000000000000000, 1.000000000000000000 ) ) ;
#4151 = AXIS2_PLACEMENT_3D ( 'NONE', #493, #2093, #278 ) ;
#4152 = VECTOR ( 'NONE', #2088, 1000.000000000000000 ) ;
#4153 = CARTESIAN_POINT ( 'NONE',  ( 2.600044628120886436, 0.09543663598106019719, -2.738164905933810900 ) ) ;
#4154 = ORIENTED_EDGE ( 'NONE', *, *, #3096, .F. ) ;
#4155 = FILL_AREA_STYLE ('',( #580 ) ) ;
#4156 = AXIS2_PLACEMENT_3D ( 'NONE', #2656, #1564, #2256 ) ;
#4157 = SURFACE_STYLE_USAGE ( .BOTH. , #655 ) ;
#4158 = ADVANCED_FACE ( 'NONE', ( #3367 ), #484, .F. ) ;
#4159 = DIRECTION ( 'NONE',  ( -0.9611638845408968512, 0.000000000000000000, -0.2759782365590690012 ) ) ;
#4160 = PLANE ( 'NONE',  #4143 ) ;
#4161 = VERTEX_POINT ( 'NONE', #815 ) ;
#4162 = VERTEX_POINT ( 'NONE', #1881 ) ;
#4163 = LINE ( 'NONE', #915, #559 ) ;
#4164 = DIRECTION ( 'NONE',  ( -1.000000000000000000, 0.000000000000000000, 0.000000000000000000 ) ) ;
#4165 = PRESENTATION_LAYER_ASSIGNMENT (  '', '', ( #1227 ) ) ;
#4166 = ADVANCED_FACE ( 'NONE', ( #4417 ), #434, .F. ) ;
#4167 = PLANE ( 'NONE',  #3733 ) ;
#4168 = ORIENTED_EDGE ( 'NONE', *, *, #3558, .T. ) ;
#4169 = PLANE ( 'NONE',  #4156 ) ;
#4170 = CARTESIAN_POINT ( 'NONE',  ( 3.441759999999999931, 2.741759999999999753, -2.741759999999999753 ) ) ;
#4171 = DIRECTION ( 'NONE',  ( -0.9615825319869173438, 0.000000000000000000, -0.2745159998572558879 ) ) ;
#4172 = VECTOR ( 'NONE', #3631, 1000.000000000000000 ) ;
#4173 = LINE ( 'NONE', #3824, #3383 ) ;
#4174 = ORIENTED_EDGE ( 'NONE', *, *, #1349, .T. ) ;
#4175 =( NAMED_UNIT ( * ) PLANE_ANGLE_UNIT ( ) SI_UNIT ( $, .RADIAN. ) );
#4176 = AXIS2_PLACEMENT_3D ( 'NONE', #2170, #3604, #1498 ) ;
#4177 = CARTESIAN_POINT ( 'NONE',  ( 0.8417599999999998417, 2.741759999999999753, -2.741759999999999753 ) ) ;
#4178 = COLOUR_RGB ( '',0.6470588235294117974, 0.5176470588235293491, 0.000000000000000000 ) ;
#4179 = LINE ( 'NONE', #3042, #4303 ) ;
#4180 = VERTEX_POINT ( 'NONE', #4081 ) ;
#4181 = EDGE_CURVE ( 'NONE', #429, #433, #2278, .T. ) ;
#4182 = AXIS2_PLACEMENT_3D ( 'NONE', #3924, #2117, #4470 ) ;
#4183 = FACE_OUTER_BOUND ( 'NONE', #2231, .T. ) ;
#4184 = FACE_OUTER_BOUND ( 'NONE', #4091, .T. ) ;
#4185 = VECTOR ( 'NONE', #3003, 1000.000000000000000 ) ;
#4186 = ORIENTED_EDGE ( 'NONE', *, *, #3096, .T. ) ;
#4187 = ORIENTED_EDGE ( 'NONE', *, *, #2519, .F. ) ;
#4188 = CARTESIAN_POINT ( 'NONE',  ( 0.8417599999999948457, 0.05823999999999999316, -2.741759999999999753 ) ) ;
#4189 = FACE_OUTER_BOUND ( 'NONE', #1533, .T. ) ;
#4190 =( NAMED_UNIT ( * ) PLANE_ANGLE_UNIT ( ) SI_UNIT ( $, .RADIAN. ) );
#4191 = UNCERTAINTY_MEASURE_WITH_UNIT (LENGTH_MEASURE( 1.000000000000000082E-05 ), #4672, 'distance_accuracy_value', 'NONE');
#4192 = VERTEX_POINT ( 'NONE', #3637 ) ;
#4193 = SURFACE_STYLE_USAGE ( .BOTH. , #4214 ) ;
#4194 = ADVANCED_FACE ( 'NONE', ( #409 ), #1837, .T. ) ;
#4195 = CARTESIAN_POINT ( 'NONE',  ( 2.601363589254264586, 2.719608588827739926, -2.729231173212052664 ) ) ;
#4196 = SURFACE_STYLE_FILL_AREA ( #3464 ) ;
#4197 = DIRECTION ( 'NONE',  ( -0.000000000000000000, -1.000000000000000000, 0.000000000000000000 ) ) ;
#4198 = DIRECTION ( 'NONE',  ( 0.000000000000000000, 0.000000000000000000, -1.000000000000000000 ) ) ;
#4199 = ORIENTED_EDGE ( 'NONE', *, *, #2125, .F. ) ;
#4200 = CARTESIAN_POINT ( 'NONE',  ( 1.478369079381479878, 2.746759999999999646, -1.430900981354680468 ) ) ;
#4201 = CARTESIAN_POINT ( 'NONE',  ( 2.599998559839499901, 0.1103921568697332489, -2.741520629182616631 ) ) ;
#4202 = VERTEX_POINT ( 'NONE', #954 ) ;
#4203 = CARTESIAN_POINT ( 'NONE',  ( 1.557265360455781344, 2.741759999999999753, -2.073934948893989105 ) ) ;
#4204 = EDGE_CURVE ( 'NONE', #462, #1930, #3425, .T. ) ;
#4205 = CARTESIAN_POINT ( 'NONE',  ( 2.600000000000000089, 0.05823999999999999316, 0.000000000000000000 ) ) ;
#4206 = EDGE_LOOP ( 'NONE', ( #3372, #2831, #1935, #2509, #1211, #2855, #658, #3853, #927, #2242, #1853, #3873, #3694, #65, #2739, #869, #2340 ) ) ;
#4207 = ORIENTED_EDGE ( 'NONE', *, *, #4577, .F. ) ;
#4208 = FILL_AREA_STYLE ('',( #1406 ) ) ;
#4209 = CARTESIAN_POINT ( 'NONE',  ( 1.556734679207226968, 2.746759999999999646, -1.885302797215325343 ) ) ;
#4210 = SURFACE_SIDE_STYLE ('',( #4624 ) ) ;
#4211 = EDGE_CURVE ( 'NONE', #4085, #803, #598, .T. ) ;
#4212 = VECTOR ( 'NONE', #2949, 1000.000000000000000 ) ;
#4213 = ORIENTED_EDGE ( 'NONE', *, *, #4516, .T. ) ;
#4214 = SURFACE_SIDE_STYLE ('',( #989 ) ) ;
#4215 = DIRECTION ( 'NONE',  ( 0.000000000000000000, 0.000000000000000000, 1.000000000000000000 ) ) ;
#4216 = CARTESIAN_POINT ( 'NONE',  ( 0.8417599999999947347, 4.948608487273116146E-15, -2.741759999999999753 ) ) ;
#4217 = COLOUR_RGB ( '',0.7686274509803920907, 0.7686274509803920907, 0.7686274509803920907 ) ;
#4218 = SPHERICAL_SURFACE ( 'NONE', #3047, 0.05823999999999999316 ) ;
#4219 = EDGE_CURVE ( 'NONE', #3804, #3965, #3628, .T. ) ;
#4220 = CARTESIAN_POINT ( 'NONE',  ( 0.05824000000000020133, 2.741759999999999753, -2.799999999999999822 ) ) ;
#4221 =( GEOMETRIC_REPRESENTATION_CONTEXT ( 3 ) GLOBAL_UNCERTAINTY_ASSIGNED_CONTEXT ( ( #3049 ) ) GLOBAL_UNIT_ASSIGNED_CONTEXT ( ( #3133, #2462, #2023 ) ) REPRESENTATION_CONTEXT ( 'NONE', 'WORKASPACE' ) );
#4222 = ORIENTED_EDGE ( 'NONE', *, *, #4577, .T. ) ;
#4223 = DIRECTION ( 'NONE',  ( -0.000000000000000000, -1.000000000000000000, 0.000000000000000000 ) ) ;
#4224 = VECTOR ( 'NONE', #723, 1000.000000000000000 ) ;
#4225 = CARTESIAN_POINT ( 'NONE',  ( 0.8986364107457300854, 0.07076882678794847725, -0.08039141117225846733 ) ) ;
#4226 = PLANE ( 'NONE',  #3404 ) ;
#4227 = CARTESIAN_POINT ( 'NONE',  ( 1.478369079381479878, 2.741759999999999753, -1.791051805255976292 ) ) ;
#4228 = STYLED_ITEM ( 'NONE', ( #1710 ), #2356 ) ;
#4229 = FILL_AREA_STYLE ('',( #4277 ) ) ;
#4230 = MECHANICAL_DESIGN_GEOMETRIC_PRESENTATION_REPRESENTATION (  '', ( #4010 ), #2477 ) ;
#4231 = VECTOR ( 'NONE', #3589, 1000.000000000000000 ) ;
#4232 = CARTESIAN_POINT ( 'NONE',  ( 3.441759999999999931, 0.05823999999999999316, -0.05823999999999999316 ) ) ;
#4233 = ORIENTED_EDGE ( 'NONE', *, *, #3136, .F. ) ;
#4234 = ORIENTED_EDGE ( 'NONE', *, *, #1073, .T. ) ;
#4235 = CARTESIAN_POINT ( 'NONE',  ( 1.478369079381479878, 2.741759999999999753, -1.560922121378591987 ) ) ;
#4236 = PRESENTATION_LAYER_ASSIGNMENT (  '', '', ( #387 ) ) ;
#4237 = SURFACE_STYLE_USAGE ( .BOTH. , #284 ) ;
#4238 = PRESENTATION_LAYER_ASSIGNMENT (  '', '', ( #2948 ) ) ;
#4239 = UNCERTAINTY_MEASURE_WITH_UNIT (LENGTH_MEASURE( 1.000000000000000082E-05 ), #1242, 'distance_accuracy_value', 'NONE');
#4240 = ORIENTED_EDGE ( 'NONE', *, *, #2067, .T. ) ;
#4241 = CARTESIAN_POINT ( 'NONE',  ( 2.658240000000000158, 2.799999999999999822, -0.05823999999999999316 ) ) ;
#4242 = ADVANCED_FACE ( 'NONE', ( #243 ), #4148, .T. ) ;
#4243 = PRESENTATION_LAYER_ASSIGNMENT (  '', '', ( #1526 ) ) ;
#4244 = LINE ( 'NONE', #1020, #3183 ) ;
#4245 = CARTESIAN_POINT ( 'NONE',  ( 3.500000000000000000, 2.741759999999999753, -2.741759999999999753 ) ) ;
#4246 = CARTESIAN_POINT ( 'NONE',  ( 3.441759999999999931, 2.741759999999999753, -0.05823999999999999316 ) ) ;
#4247 = MECHANICAL_DESIGN_GEOMETRIC_PRESENTATION_REPRESENTATION (  '', ( #1227 ), #2200 ) ;
#4248 = ORIENTED_EDGE ( 'NONE', *, *, #589, .T. ) ;
#4249 =( LENGTH_UNIT ( ) NAMED_UNIT ( * ) SI_UNIT ( .MILLI., .METRE. ) );
#4250 = AXIS2_PLACEMENT_3D ( 'NONE', #2158, #1504, #1180 ) ;
#4251 = CARTESIAN_POINT ( 'NONE',  ( 2.658240000000000158, 0.05823999999999999316, -2.799999999999999822 ) ) ;
#4252 = EDGE_CURVE ( 'NONE', #845, #542, #2367, .T. ) ;
#4253 = CYLINDRICAL_SURFACE ( 'NONE', #3246, 0.05823999999999998622 ) ;
#4254 = EDGE_CURVE ( 'NONE', #1155, #4304, #3079, .T. ) ;
#4255 = PLANE ( 'NONE',  #4646 ) ;
#4256 = AXIS2_PLACEMENT_3D ( 'NONE', #3862, #4164, #1385 ) ;
#4257 = FACE_OUTER_BOUND ( 'NONE', #840, .T. ) ;
#4258 = CARTESIAN_POINT ( 'NONE',  ( 0.8417599999999947347, 4.948608487273116146E-15, 0.000000000000000000 ) ) ;
#4259 = EDGE_CURVE ( 'NONE', #4499, #1656, #1673, .T. ) ;
#4260 = ORIENTED_EDGE ( 'NONE', *, *, #2609, .T. ) ;
#4261 = CARTESIAN_POINT ( 'NONE',  ( 1.890000000000006786, 2.746759999999999646, -1.429865641467908510 ) ) ;
#4262 = SURFACE_STYLE_FILL_AREA ( #2812 ) ;
#4263 = PRESENTATION_LAYER_ASSIGNMENT (  '', '', ( #1031 ) ) ;
#4264 = EDGE_CURVE ( 'NONE', #585, #1485, #2750, .T. ) ;
#4265 = EDGE_LOOP ( 'NONE', ( #2325, #117, #3130, #4670 ) ) ;
#4266 = DIRECTION ( 'NONE',  ( 0.8843386665637650301, 0.000000000000000000, 0.4668459304955137057 ) ) ;
#4267 =( NAMED_UNIT ( * ) SI_UNIT ( $, .STERADIAN. ) SOLID_ANGLE_UNIT ( ) );
#4268 = CARTESIAN_POINT ( 'NONE',  ( 1.890000000000006786, 2.746759999999999646, -1.429865641467908510 ) ) ;
#4269 = DIRECTION ( 'NONE',  ( 0.2762033010252007981, 0.000000000000000000, -0.9610992334315860974 ) ) ;
#4270 = EDGE_CURVE ( 'NONE', #3361, #1169, #314, .T. ) ;
#4271 = ORIENTED_EDGE ( 'NONE', *, *, #885, .F. ) ;
#4272 = DIRECTION ( 'NONE',  ( -1.000000000000000000, 0.000000000000000000, 0.000000000000000000 ) ) ;
#4273 = FILL_AREA_STYLE ('',( #3489 ) ) ;
#4274 = CARTESIAN_POINT ( 'NONE',  ( 0.05824000000000020133, 0.05823999999999999316, -2.799999999999999822 ) ) ;
#4275 = EDGE_CURVE ( 'NONE', #1656, #2441, #2454, .T. ) ;
#4276 = ORIENTED_EDGE ( 'NONE', *, *, #2140, .F. ) ;
#4277 = FILL_AREA_STYLE_COLOUR ( '', #551 ) ;
#4278 = DIRECTION ( 'NONE',  ( -1.000000000000000000, 0.000000000000000000, 0.000000000000000000 ) ) ;
#4279 = EDGE_CURVE ( 'NONE', #4381, #678, #1664, .T. ) ;
#4280 = VERTEX_POINT ( 'NONE', #2437 ) ;
#4281 = DIRECTION ( 'NONE',  ( -0.000000000000000000, -1.000000000000000000, 0.000000000000000000 ) ) ;
#4282 = CARTESIAN_POINT ( 'NONE',  ( 1.709380634529654497, 2.746759999999999646, -0.9607584374758031398 ) ) ;
#4283 = CARTESIAN_POINT ( 'NONE',  ( 2.658240000000000158, 0.05823999999999999316, 0.000000000000000000 ) ) ;
#4284 = EDGE_CURVE ( 'NONE', #1606, #449, #4322, .T. ) ;
#4285 = UNCERTAINTY_MEASURE_WITH_UNIT (LENGTH_MEASURE( 1.000000000000000082E-05 ), #820, 'distance_accuracy_value', 'NONE');
#4286 = ORIENTED_EDGE ( 'NONE', *, *, #2859, .T. ) ;
#4287 = DIRECTION ( 'NONE',  ( 0.000000000000000000, 1.000000000000000000, 0.000000000000000000 ) ) ;
#4288 = CARTESIAN_POINT ( 'NONE',  ( 1.890000000000006786, 2.746759999999999646, -0.4670490083270785187 ) ) ;
#4289 = CARTESIAN_POINT ( 'NONE',  ( 2.600000000000000089, 0.05824000000000020133, -0.05824000000000020133 ) ) ;
#4290 = FACE_OUTER_BOUND ( 'NONE', #2020, .T. ) ;
#4291 = VECTOR ( 'NONE', #152, 1000.000000000000000 ) ;
#4292 = SPHERICAL_SURFACE ( 'NONE', #540, 0.05823999999999999316 ) ;
#4293 = ORIENTED_EDGE ( 'NONE', *, *, #1540, .F. ) ;
#4294 = LINE ( 'NONE', #4587, #244 ) ;
#4295 = SPHERICAL_SURFACE ( 'NONE', #1165, 0.05823999999999999316 ) ;
#4296 = CARTESIAN_POINT ( 'NONE',  ( 1.478369079381479878, 2.746759999999999646, -1.430900981354680468 ) ) ;
#4297 = VECTOR ( 'NONE', #83, 1000.000000000000000 ) ;
#4298 = CARTESIAN_POINT ( 'NONE',  ( 2.599999999999907274, 2.686559285007560138, -0.05823999999999480981 ) ) ;
#4299 = DIRECTION ( 'NONE',  ( -0.9610348236706638403, 0.000000000000000000, -0.2764273280489756290 ) ) ;
#4300 = PRESENTATION_LAYER_ASSIGNMENT (  '', '', ( #316 ) ) ;
#4301 = EDGE_CURVE ( 'NONE', #4388, #1175, #3515, .T. ) ;
#4302 = CARTESIAN_POINT ( 'NONE',  ( 2.601260537736253209, 0.07107526839561281728, -0.07952093373177854252 ) ) ;
#4303 = VECTOR ( 'NONE', #3852, 1000.000000000000114 ) ;
#4304 = VERTEX_POINT ( 'NONE', #2864 ) ;
#4305 = LINE ( 'NONE', #2465, #1082 ) ;
#4306 = VECTOR ( 'NONE', #87, 1000.000000000000000 ) ;
#4307 = CARTESIAN_POINT ( 'NONE',  ( 3.500000000000000000, 0.000000000000000000, -2.741759999999999753 ) ) ;
#4308 = MECHANICAL_DESIGN_GEOMETRIC_PRESENTATION_REPRESENTATION (  '', ( #3163 ), #3933 ) ;
#4309 =( NAMED_UNIT ( * ) SI_UNIT ( $, .STERADIAN. ) SOLID_ANGLE_UNIT ( ) );
#4310 = CLOSED_SHELL ( 'NONE', ( #3365, #1337, #854, #1574, #157, #3374, #4657, #13, #2084, #3424, #1642, #819, #3974 ) ) ;
#4311 = COLOUR_RGB ( '',0.7686274509803920907, 0.7686274509803920907, 0.7686274509803920907 ) ;
#4312 = ORIENTED_EDGE ( 'NONE', *, *, #1760, .T. ) ;
#4313 = PLANE ( 'NONE',  #1143 ) ;
#4314 = DIRECTION ( 'NONE',  ( 0.000000000000000000, 0.000000000000000000, 1.000000000000000000 ) ) ;
#4315 = LINE ( 'NONE', #4268, #2482 ) ;
#4316 = EDGE_CURVE ( 'NONE', #3769, #2974, #1376, .T. ) ;
#4317 = VECTOR ( 'NONE', #1509, 1000.000000000000227 ) ;
#4318 = DIRECTION ( 'NONE',  ( -0.7083077534944017817, 0.000000000000000000, -0.7059037656364454127 ) ) ;
#4319 = APPLICATION_CONTEXT ( 'automotive_design' ) ;
#4320 = EDGE_CURVE ( 'NONE', #2634, #852, #2109, .T. ) ;
#4321 = ORIENTED_EDGE ( 'NONE', *, *, #3652, .F. ) ;
#4322 = LINE ( 'NONE', #2135, #4464 ) ;
#4323 = CARTESIAN_POINT ( 'NONE',  ( 1.709380634530516696, 2.746759999999999646, -1.841313827505607126 ) ) ;
#4324 =( GEOMETRIC_REPRESENTATION_CONTEXT ( 3 ) GLOBAL_UNCERTAINTY_ASSIGNED_CONTEXT ( ( #3578 ) ) GLOBAL_UNIT_ASSIGNED_CONTEXT ( ( #416, #1170, #1543 ) ) REPRESENTATION_CONTEXT ( 'NONE', 'WORKASPACE' ) );
#4325 = DIRECTION ( 'NONE',  ( 0.000000000000000000, 0.000000000000000000, -1.000000000000000000 ) ) ;
#4326 = EDGE_LOOP ( 'NONE', ( #3663, #2996, #2627, #2672 ) ) ;
#4327 = DIRECTION ( 'NONE',  ( -0.000000000000000000, -1.000000000000000000, 0.000000000000000000 ) ) ;
#4328 = VECTOR ( 'NONE', #479, 1000.000000000000114 ) ;
#4329 = LINE ( 'NONE', #413, #2691 ) ;
#4330 = COLOUR_RGB ( '',0.7686274509803920907, 0.7686274509803920907, 0.7686274509803920907 ) ;
#4331 = CARTESIAN_POINT ( 'NONE',  ( 2.600016022061364396, 0.05990417227404230827, -0.1013751459743423705 ) ) ;
#4332 = ORIENTED_EDGE ( 'NONE', *, *, #368, .T. ) ;
#4333 = DIRECTION ( 'NONE',  ( -0.9280290862136694185, 0.000000000000000000, 0.3725077383644825324 ) ) ;
#4334 = DIRECTION ( 'NONE',  ( 0.000000000000000000, 1.000000000000000000, 0.000000000000000000 ) ) ;
#4335 = COLOUR_RGB ( '',0.7686274509803920907, 0.7686274509803920907, 0.7686274509803920907 ) ;
#4336 = EDGE_CURVE ( 'NONE', #659, #1576, #4294, .T. ) ;
#4337 = UNCERTAINTY_MEASURE_WITH_UNIT (LENGTH_MEASURE( 1.000000000000000082E-05 ), #1994, 'distance_accuracy_value', 'NONE');
#4338 = EDGE_LOOP ( 'NONE', ( #2076, #4121, #4199, #2888 ) ) ;
#4339 = CARTESIAN_POINT ( 'NONE',  ( 1.478369079381479878, 2.741759999999999753, -1.214544228466160281 ) ) ;
#4340 =( LENGTH_UNIT ( ) NAMED_UNIT ( * ) SI_UNIT ( .MILLI., .METRE. ) );
#4341 = DIRECTION ( 'NONE',  ( -1.000000000000000000, 0.000000000000000000, 0.000000000000000000 ) ) ;
#4342 = ADVANCED_FACE ( 'NONE', ( #2414 ), #3194, .F. ) ;
#4343 = EDGE_CURVE ( 'NONE', #3769, #3519, #4658, .T. ) ;
#4344 = ORIENTED_EDGE ( 'NONE', *, *, #1252, .F. ) ;
#4345 = VECTOR ( 'NONE', #3161, 1000.000000000000114 ) ;
#4346 = PRESENTATION_STYLE_ASSIGNMENT (( #3313 ) ) ;
#4347 = DIRECTION ( 'NONE',  ( 1.000000000000000000, 0.000000000000000000, -0.000000000000000000 ) ) ;
#4348 = CARTESIAN_POINT ( 'NONE',  ( 3.500000000000000000, 0.000000000000000000, -2.741759999999999753 ) ) ;
#4349 = CARTESIAN_POINT ( 'NONE',  ( 1.890000000000006786, 2.746759999999999646, -1.672652312619159698 ) ) ;
#4350 = ORIENTED_EDGE ( 'NONE', *, *, #4252, .T. ) ;
#4351 = DIRECTION ( 'NONE',  ( -1.861610873086367935E-15, -1.000000000000000000, 0.000000000000000000 ) ) ;
#4352 =( NAMED_UNIT ( * ) SI_UNIT ( $, .STERADIAN. ) SOLID_ANGLE_UNIT ( ) );
#4353 = EDGE_CURVE ( 'NONE', #4392, #4499, #3173, .T. ) ;
#4354 = PLANE ( 'NONE',  #1365 ) ;
#4355 = EDGE_LOOP ( 'NONE', ( #3234, #77, #1727, #1348, #2620, #3037, #1103, #385, #1293, #98, #2575, #1478, #1617, #1679, #1675, #2703, #4271, #3066, #2869, #2909, #4480, #3825, #1199 ) ) ;
#4356 = SURFACE_STYLE_USAGE ( .BOTH. , #2879 ) ;
#4357 = CARTESIAN_POINT ( 'NONE',  ( 2.658240000000000158, 0.05823999999999999316, -2.741759999999999753 ) ) ;
#4358 = ORIENTED_EDGE ( 'NONE', *, *, #3413, .F. ) ;
#4359 = CARTESIAN_POINT ( 'NONE',  ( 1.890000000000006786, 2.741759999999999753, -1.320128519256672073 ) ) ;
#4360 = CYLINDRICAL_SURFACE ( 'NONE', #1156, 0.05823999999999998622 ) ;
#4361 = FACE_OUTER_BOUND ( 'NONE', #934, .T. ) ;
#4362 = EDGE_CURVE ( 'NONE', #1400, #2613, #552, .T. ) ;
#4363 = VERTEX_POINT ( 'NONE', #3944 ) ;
#4364 =( NAMED_UNIT ( * ) PLANE_ANGLE_UNIT ( ) SI_UNIT ( $, .RADIAN. ) );
#4365 = ADVANCED_FACE ( 'NONE', ( #2504 ), #3875, .T. ) ;
#4366 = SURFACE_SIDE_STYLE ('',( #1788 ) ) ;
#4367 = SURFACE_STYLE_FILL_AREA ( #2913 ) ;
#4368 = CIRCLE ( 'NONE', #1423, 0.05823999999999999316 ) ;
#4369 = ORIENTED_EDGE ( 'NONE', *, *, #247, .F. ) ;
#4370 = CARTESIAN_POINT ( 'NONE',  ( 1.709380634529654497, 2.746759999999999646, -1.137410209649718507 ) ) ;
#4371 = DIRECTION ( 'NONE',  ( 0.2764273280489756290, 0.000000000000000000, -0.9610348236706638403 ) ) ;
#4372 = SURFACE_STYLE_USAGE ( .BOTH. , #365 ) ;
#4373 = CARTESIAN_POINT ( 'NONE',  ( 0.8974458939777458788, 2.724701898936303657, -2.724701898936304545 ) ) ;
#4374 = EDGE_LOOP ( 'NONE', ( #2291, #1848, #1871, #2661 ) ) ;
#4375 = PRESENTATION_LAYER_ASSIGNMENT (  '', '', ( #1 ) ) ;
#4376 =( NAMED_UNIT ( * ) PLANE_ANGLE_UNIT ( ) SI_UNIT ( $, .RADIAN. ) );
#4377 = CARTESIAN_POINT ( 'NONE',  ( 1.633284197684115924, 2.746759999999999646, -0.9824688076061879327 ) ) ;
#4378 =( NAMED_UNIT ( * ) PLANE_ANGLE_UNIT ( ) SI_UNIT ( $, .RADIAN. ) );
#4379 = VECTOR ( 'NONE', #1429, 1000.000000000000114 ) ;
#4380 = UNCERTAINTY_MEASURE_WITH_UNIT (LENGTH_MEASURE( 1.000000000000000082E-05 ), #939, 'distance_accuracy_value', 'NONE');
#4381 = VERTEX_POINT ( 'NONE', #2598 ) ;
#4382 = CARTESIAN_POINT ( 'NONE',  ( 0.8999553718791136747, 2.738164905933810456, -0.09543663598106015555 ) ) ;
#4383 = PRESENTATION_STYLE_ASSIGNMENT (( #2499 ) ) ;
#4384 = STYLED_ITEM ( 'NONE', ( #3972 ), #4125 ) ;
#4385 = CARTESIAN_POINT ( 'NONE',  ( 1.890000000000006786, 2.746759999999999646, -0.4670490083270785187 ) ) ;
#4386 = PRESENTATION_STYLE_ASSIGNMENT (( #3605 ) ) ;
#4387 = AXIS2_PLACEMENT_3D ( 'NONE', #2232, #1563, #1117 ) ;
#4388 = VERTEX_POINT ( 'NONE', #4437 ) ;
#4389 =( LENGTH_UNIT ( ) NAMED_UNIT ( * ) SI_UNIT ( .MILLI., .METRE. ) );
#4390 = DIRECTION ( 'NONE',  ( 0.000000000000000000, 0.000000000000000000, 1.000000000000000000 ) ) ;
#4391 = CARTESIAN_POINT ( 'NONE',  ( -0.8724128072525134669, 2.746759999999998758, 0.006335664914779973525 ) ) ;
#4392 = VERTEX_POINT ( 'NONE', #72 ) ;
#4393 = CARTESIAN_POINT ( 'NONE',  ( 0.9000000000000001332, 2.741759999999999753, -2.799999999999999822 ) ) ;
#4394 = CIRCLE ( 'NONE', #1605, 0.05823999999999999316 ) ;
#4395 = DIRECTION ( 'NONE',  ( 0.000000000000000000, 0.000000000000000000, 1.000000000000000000 ) ) ;
#4396 = DIRECTION ( 'NONE',  ( -1.000000000000000000, 0.000000000000000000, 0.000000000000000000 ) ) ;
#4397 = ADVANCED_FACE ( 'NONE', ( #2889 ), #4074, .T. ) ;
#4398 = AXIS2_PLACEMENT_3D ( 'NONE', #2180, #3635, #791 ) ;
#4399 = VERTEX_POINT ( 'NONE', #1872 ) ;
#4400 = DIRECTION ( 'NONE',  ( -1.000000000000000000, 0.000000000000000000, 0.000000000000000000 ) ) ;
#4401 = VECTOR ( 'NONE', #3445, 1000.000000000000000 ) ;
#4402 = CARTESIAN_POINT ( 'NONE',  ( 0.05823999999999999316, 0.05823999999999999316, -0.05823999999999999316 ) ) ;
#4403 = ORIENTED_EDGE ( 'NONE', *, *, #4565, .F. ) ;
#4404 = AXIS2_PLACEMENT_3D ( 'NONE', #3626, #49, #3984 ) ;
#4405 = CARTESIAN_POINT ( 'NONE',  ( 0.05823999999999999316, 2.741759999999999753, -0.05823999999999999316 ) ) ;
#4406 = SURFACE_SIDE_STYLE ('',( #446 ) ) ;
#4407 = FILL_AREA_STYLE ('',( #2960 ) ) ;
#4408 = CARTESIAN_POINT ( 'NONE',  ( 2.658240000000000158, 0.05823999999999999316, -2.741759999999999753 ) ) ;
#4409 = EDGE_CURVE ( 'NONE', #845, #2390, #3283, .T. ) ;
#4410 = AXIS2_PLACEMENT_3D ( 'NONE', #464, #515, #4448 ) ;
#4411 = EDGE_LOOP ( 'NONE', ( #2555, #4358, #884, #2149 ) ) ;
#4412 = MECHANICAL_DESIGN_GEOMETRIC_PRESENTATION_REPRESENTATION (  '', ( #45 ), #1402 ) ;
#4413 = LINE ( 'NONE', #2530, #4172 ) ;
#4414 = VECTOR ( 'NONE', #3554, 1000.000000000000000 ) ;
#4415 = CARTESIAN_POINT ( 'NONE',  ( 0.8974458939777406608, 0.07529810106369520806, -2.724701898936304101 ) ) ;
#4416 = EDGE_LOOP ( 'NONE', ( #3429, #163, #1384, #2202, #1266, #3013 ) ) ;
#4417 = FACE_OUTER_BOUND ( 'NONE', #22, .T. ) ;
#4418 = SURFACE_STYLE_FILL_AREA ( #1688 ) ;
#4419 = DIRECTION ( 'NONE',  ( 0.000000000000000000, 0.000000000000000000, 1.000000000000000000 ) ) ;
#4420 = ADVANCED_FACE ( 'NONE', ( #4035 ), #2203, .F. ) ;
#4421 = LINE ( 'NONE', #1909, #3534 ) ;
#4422 = ORIENTED_EDGE ( 'NONE', *, *, #3154, .T. ) ;
#4423 = CARTESIAN_POINT ( 'NONE',  ( 2.600000000000000089, 2.741759999999999753, -0.05824000000000020133 ) ) ;
#4424 = ADVANCED_FACE ( 'NONE', ( #1557 ), #2529, .T. ) ;
#4425 = CARTESIAN_POINT ( 'NONE',  ( 1.633297965358701642, 2.746759999999999646, -2.039673466595974816 ) ) ;
#4426 = VERTEX_POINT ( 'NONE', #3630 ) ;
#4427 = UNCERTAINTY_MEASURE_WITH_UNIT (LENGTH_MEASURE( 1.000000000000000082E-05 ), #3639, 'distance_accuracy_value', 'NONE');
#4428 = ORIENTED_EDGE ( 'NONE', *, *, #740, .F. ) ;
#4429 = DIRECTION ( 'NONE',  ( -0.000000000000000000, -1.000000000000000000, 0.000000000000000000 ) ) ;
#4430 = MECHANICAL_DESIGN_GEOMETRIC_PRESENTATION_REPRESENTATION (  '', ( #3735 ), #3647 ) ;
#4431 = SURFACE_SIDE_STYLE ('',( #850 ) ) ;
#4432 = EDGE_CURVE ( 'NONE', #2295, #569, #788, .T. ) ;
#4433 = ADVANCED_FACE ( 'NONE', ( #1854 ), #238, .F. ) ;
#4434 = FACE_OUTER_BOUND ( 'NONE', #353, .T. ) ;
#4435 = ORIENTED_EDGE ( 'NONE', *, *, #10, .T. ) ;
#4436 = CYLINDRICAL_SURFACE ( 'NONE', #3390, 0.05824000000000020133 ) ;
#4437 = CARTESIAN_POINT ( 'NONE',  ( 0.9000000000000001332, 2.741759999999999753, -2.741759999999999753 ) ) ;
#4438 = EDGE_CURVE ( 'NONE', #2666, #2998, #2308, .T. ) ;
#4439 = DIRECTION ( 'NONE',  ( 0.000000000000000000, 1.000000000000000000, 0.000000000000000000 ) ) ;
#4440 = DIRECTION ( 'NONE',  ( 1.000000000000000000, 0.000000000000000000, 0.000000000000000000 ) ) ;
#4441 = ORIENTED_EDGE ( 'NONE', *, *, #651, .T. ) ;
#4442 = DIRECTION ( 'NONE',  ( 0.000000000000000000, 0.000000000000000000, 1.000000000000000000 ) ) ;
#4443 = CARTESIAN_POINT ( 'NONE',  ( 0.8999839779386307193, 0.1013751459743410938, -0.05990417227404265521 ) ) ;
#4444 = CIRCLE ( 'NONE', #2999, 0.05824000000000020133 ) ;
#4445 = ORIENTED_EDGE ( 'NONE', *, *, #4002, .F. ) ;
#4446 = ADVANCED_FACE ( 'NONE', ( #2674 ), #593, .T. ) ;
#4447 = MECHANICAL_DESIGN_GEOMETRIC_PRESENTATION_REPRESENTATION (  '', ( #4607 ), #156 ) ;
#4448 = DIRECTION ( 'NONE',  ( -0.8958676361826827250, 0.000000000000000000, -0.4443210308329465508 ) ) ;
#4449 = DIRECTION ( 'NONE',  ( -0.000000000000000000, 1.000000000000000000, 0.000000000000000000 ) ) ;
#4450 = SURFACE_SIDE_STYLE ('',( #3455 ) ) ;
#4451 = ORIENTED_EDGE ( 'NONE', *, *, #4095, .T. ) ;
#4452 = VERTEX_POINT ( 'NONE', #3444 ) ;
#4453 = FACE_OUTER_BOUND ( 'NONE', #2804, .T. ) ;
#4454 = COLOUR_RGB ( '',0.7686274509803920907, 0.7686274509803920907, 0.7686274509803920907 ) ;
#4455 = SURFACE_SIDE_STYLE ('',( #4137 ) ) ;
#4456 = DIRECTION ( 'NONE',  ( 1.000000000000000000, -0.000000000000000000, 0.000000000000000000 ) ) ;
#4457 = EDGE_LOOP ( 'NONE', ( #2732, #2080, #3781, #234 ) ) ;
#4458 = LINE ( 'NONE', #2334, #3156 ) ;
#4459 = DIRECTION ( 'NONE',  ( -1.000000000000000000, 0.000000000000000000, 0.000000000000000000 ) ) ;
#4460 = CARTESIAN_POINT ( 'NONE',  ( 2.599971806316263567, 2.740654780219224484, -0.1034708785317250829 ) ) ;
#4461 = COLOUR_RGB ( '',0.7686274509803920907, 0.7686274509803920907, 0.7686274509803920907 ) ;
#4462 = AXIS2_PLACEMENT_3D ( 'NONE', #3666, #3208, #442 ) ;
#4463 = PRESENTATION_LAYER_ASSIGNMENT (  '', '', ( #4010 ) ) ;
#4464 = VECTOR ( 'NONE', #3126, 1000.000000000000000 ) ;
#4465 = PRESENTATION_STYLE_ASSIGNMENT (( #2985 ) ) ;
#4466 = ORIENTED_EDGE ( 'NONE', *, *, #3987, .F. ) ;
#4467 = FILL_AREA_STYLE ('',( #2209 ) ) ;
#4468 = FACE_OUTER_BOUND ( 'NONE', #3339, .T. ) ;
#4469 = AXIS2_PLACEMENT_3D ( 'NONE', #901, #4459, #146 ) ;
#4470 = DIRECTION ( 'NONE',  ( 1.000000000000000000, 0.000000000000000000, 0.000000000000000000 ) ) ;
#4471 = FACE_OUTER_BOUND ( 'NONE', #3654, .T. ) ;
#4472 = VERTEX_POINT ( 'NONE', #216 ) ;
#4473 = VECTOR ( 'NONE', #824, 1000.000000000000000 ) ;
#4474 = LINE ( 'NONE', #2347, #1976 ) ;
#4475 = PRESENTATION_STYLE_ASSIGNMENT (( #3330 ) ) ;
#4476 = EDGE_CURVE ( 'NONE', #2777, #4523, #1320, .T. ) ;
#4477 =( GEOMETRIC_REPRESENTATION_CONTEXT ( 3 ) GLOBAL_UNCERTAINTY_ASSIGNED_CONTEXT ( ( #2619 ) ) GLOBAL_UNIT_ASSIGNED_CONTEXT ( ( #1207, #889, #514 ) ) REPRESENTATION_CONTEXT ( 'NONE', 'WORKASPACE' ) );
#4478 = ORIENTED_EDGE ( 'NONE', *, *, #4336, .F. ) ;
#4479 = UNCERTAINTY_MEASURE_WITH_UNIT (LENGTH_MEASURE( 1.000000000000000082E-05 ), #3690, 'distance_accuracy_value', 'NONE');
#4480 = ORIENTED_EDGE ( 'NONE', *, *, #3545, .F. ) ;
#4481 = SURFACE_STYLE_USAGE ( .BOTH. , #3765 ) ;
#4482 = VECTOR ( 'NONE', #101, 1000.000000000000000 ) ;
#4483 = DIRECTION ( 'NONE',  ( -0.000000000000000000, 1.000000000000000000, -0.000000000000000000 ) ) ;
#4484 = CARTESIAN_POINT ( 'NONE',  ( 2.658240000000000158, 2.741759999999999753, -2.741759999999999753 ) ) ;
#4485 = EDGE_CURVE ( 'NONE', #2412, #1954, #502, .T. ) ;
#4486 = VECTOR ( 'NONE', #94, 1000.000000000000000 ) ;
#4487 = ORIENTED_EDGE ( 'NONE', *, *, #2952, .T. ) ;
#4488 = LINE ( 'NONE', #921, #4532 ) ;
#4489 = PRESENTATION_STYLE_ASSIGNMENT (( #2293 ) ) ;
#4490 = EDGE_CURVE ( 'NONE', #2987, #3917, #779, .T. ) ;
#4491 = DIRECTION ( 'NONE',  ( -1.000000000000000000, 0.000000000000000000, 0.000000000000000000 ) ) ;
#4492 = AXIS2_PLACEMENT_3D ( 'NONE', #3299, #704, #86 ) ;
#4493 = DIRECTION ( 'NONE',  ( -0.000000000000000000, -1.000000000000000000, 0.000000000000000000 ) ) ;
#4494 = ORIENTED_EDGE ( 'NONE', *, *, #3660, .F. ) ;
#4495 = AXIS2_PLACEMENT_3D ( 'NONE', #767, #4021, #744 ) ;
#4496 =( LENGTH_UNIT ( ) NAMED_UNIT ( * ) SI_UNIT ( .MILLI., .METRE. ) );
#4497 = AXIS2_PLACEMENT_3D ( 'NONE', #1043, #2451, #690 ) ;
#4498 = CARTESIAN_POINT ( 'NONE',  ( 2.602554106022254121, 2.724701898936304101, -0.07529810106369565215 ) ) ;
#4499 = VERTEX_POINT ( 'NONE', #4560 ) ;
#4500 = CARTESIAN_POINT ( 'NONE',  ( 1.666495581945722559, 2.746759999999999646, -0.5311099949728128600 ) ) ;
#4501 =( NAMED_UNIT ( * ) PLANE_ANGLE_UNIT ( ) SI_UNIT ( $, .RADIAN. ) );
#4502 = DIRECTION ( 'NONE',  ( -0.000000000000000000, -1.000000000000000000, 0.000000000000000000 ) ) ;
#4503 = DIRECTION ( 'NONE',  ( -0.000000000000000000, -1.000000000000000000, 0.000000000000000000 ) ) ;
#4504 = ORIENTED_EDGE ( 'NONE', *, *, #2312, .F. ) ;
#4505 = VERTEX_POINT ( 'NONE', #3035 ) ;
#4506 = CARTESIAN_POINT ( 'NONE',  ( 3.500000000000000000, 2.741759999999999753, -2.741759999999999753 ) ) ;
#4507 = EDGE_CURVE ( 'NONE', #281, #4452, #2361, .T. ) ;
#4508 = LINE ( 'NONE', #4070, #4106 ) ;
#4509 = ORIENTED_EDGE ( 'NONE', *, *, #2312, .T. ) ;
#4510 = CARTESIAN_POINT ( 'NONE',  ( 1.709380634530516696, 2.741759999999999753, -1.841313827505607126 ) ) ;
#4511 = CARTESIAN_POINT ( 'NONE',  ( 1.633297965358701642, 2.746759999999999646, -2.039673466595974816 ) ) ;
#4512 = ADVANCED_FACE ( 'NONE', ( #1602 ), #549, .F. ) ;
#4513 = CARTESIAN_POINT ( 'NONE',  ( 2.601675510045258655, 2.727815163929700137, -0.07859784019378662778 ) ) ;
#4514 = FACE_OUTER_BOUND ( 'NONE', #2267, .T. ) ;
#4515 = VERTEX_POINT ( 'NONE', #2010 ) ;
#4516 = EDGE_CURVE ( 'NONE', #4162, #4085, #2781, .T. ) ;
#4517 =( LENGTH_UNIT ( ) NAMED_UNIT ( * ) SI_UNIT ( .MILLI., .METRE. ) );
#4518 = CARTESIAN_POINT ( 'NONE',  ( -0.8724128072525134669, 2.741759999999998865, 0.006335664914779973525 ) ) ;
#4519 = VERTEX_POINT ( 'NONE', #3363 ) ;
#4520 = LINE ( 'NONE', #4500, #3713 ) ;
#4521 =( LENGTH_UNIT ( ) NAMED_UNIT ( * ) SI_UNIT ( .MILLI., .METRE. ) );
#4522 = CARTESIAN_POINT ( 'NONE',  ( 1.478369079381479878, 2.746759999999999646, -1.741460643546117293 ) ) ;
#4523 = VERTEX_POINT ( 'NONE', #1971 ) ;
#4524 = UNCERTAINTY_MEASURE_WITH_UNIT (LENGTH_MEASURE( 1.000000000000000082E-05 ), #1469, 'distance_accuracy_value', 'NONE');
#4525 = ORIENTED_EDGE ( 'NONE', *, *, #3292, .T. ) ;
#4526 =( NAMED_UNIT ( * ) PLANE_ANGLE_UNIT ( ) SI_UNIT ( $, .RADIAN. ) );
#4527 = LINE ( 'NONE', #3412, #1923 ) ;
#4528 = AXIS2_PLACEMENT_3D ( 'NONE', #2119, #2393, #3570 ) ;
#4529 = ORIENTED_EDGE ( 'NONE', *, *, #1877, .F. ) ;
#4530 = DIRECTION ( 'NONE',  ( 1.000000000000000000, -0.000000000000000000, 0.000000000000000000 ) ) ;
#4531 = CARTESIAN_POINT ( 'NONE',  ( 1.557856304720737217, 2.741759999999999753, -2.429006833949353350 ) ) ;
#4532 = VECTOR ( 'NONE', #1641, 1000.000000000000000 ) ;
#4533 = PLANE ( 'NONE',  #2127 ) ;
#4534 = CARTESIAN_POINT ( 'NONE',  ( 0.8417599999999947347, 0.000000000000000000, -0.05823999999999999316 ) ) ;
#4535 = AXIS2_PLACEMENT_3D ( 'NONE', #602, #181, #2345 ) ;
#4536 = ORIENTED_EDGE ( 'NONE', *, *, #985, .F. ) ;
#4537 = CARTESIAN_POINT ( 'NONE',  ( 1.523535811012221464, 2.746759999999999646, -1.340669888712066493 ) ) ;
#4538 = PRESENTATION_LAYER_ASSIGNMENT (  '', '', ( #2110 ) ) ;
#4539 = AXIS2_PLACEMENT_3D ( 'NONE', #2840, #1067, #2937 ) ;
#4540 = DIRECTION ( 'NONE',  ( -0.9615825319869173438, 0.000000000000000000, -0.2745159998572558879 ) ) ;
#4541 = EDGE_CURVE ( 'NONE', #2613, #4162, #3007, .T. ) ;
#4542 = CIRCLE ( 'NONE', #699, 0.05823999999999999316 ) ;
#4543 = CARTESIAN_POINT ( 'NONE',  ( 1.633284197684115924, 2.746759999999999646, -1.159145611914445873 ) ) ;
#4544 = EDGE_LOOP ( 'NONE', ( #2215, #1861, #2025, #2303 ) ) ;
#4545 = MECHANICAL_DESIGN_GEOMETRIC_PRESENTATION_REPRESENTATION (  '', ( #2042 ), #4625 ) ;
#4546 = EDGE_CURVE ( 'NONE', #4551, #2899, #2311, .T. ) ;
#4547 = LINE ( 'NONE', #1634, #1768 ) ;
#4548 = FILL_AREA_STYLE ('',( #1359 ) ) ;
#4549 = EDGE_CURVE ( 'NONE', #542, #1920, #2184, .T. ) ;
#4550 = ORIENTED_EDGE ( 'NONE', *, *, #4596, .T. ) ;
#4551 = VERTEX_POINT ( 'NONE', #331 ) ;
#4552 = CARTESIAN_POINT ( 'NONE',  ( 1.557847357580686820, 2.746759999999999646, -2.316306086614288606 ) ) ;
#4553 = CARTESIAN_POINT ( 'NONE',  ( 1.890000000000006786, 2.746759999999999646, -0.7460696939635345082 ) ) ;
#4554 = VECTOR ( 'NONE', #205, 1000.000000000000000 ) ;
#4555 = FILL_AREA_STYLE_COLOUR ( '', #3510 ) ;
#4556 = ORIENTED_EDGE ( 'NONE', *, *, #3751, .T. ) ;
#4557 = VECTOR ( 'NONE', #3341, 1000.000000000000114 ) ;
#4558 = DIRECTION ( 'NONE',  ( 0.000000000000000000, 0.000000000000000000, 1.000000000000000000 ) ) ;
#4559 = CARTESIAN_POINT ( 'NONE',  ( 2.599971806316263123, 2.696529121468274059, -2.740654780219224929 ) ) ;
#4560 = CARTESIAN_POINT ( 'NONE',  ( 1.556734679207226968, 2.746759999999999646, -1.885302797215325343 ) ) ;
#4561 = CARTESIAN_POINT ( 'NONE',  ( 0.9000000000000001332, 2.741759999999999753, -2.799999999999999822 ) ) ;
#4562 = SURFACE_STYLE_USAGE ( .BOTH. , #2583 ) ;
#4563 = ORIENTED_EDGE ( 'NONE', *, *, #4546, .T. ) ;
#4564 = AXIS2_PLACEMENT_3D ( 'NONE', #3816, #3094, #300 ) ;
#4565 = EDGE_CURVE ( 'NONE', #608, #2095, #4315, .T. ) ;
#4566 = CARTESIAN_POINT ( 'NONE',  ( 1.811686967656117364, 2.741759999999999753, -1.159793944193151738 ) ) ;
#4567 = CARTESIAN_POINT ( 'NONE',  ( 2.600348140811131081, 0.09001860827637331308, -2.735401522221777348 ) ) ;
#4568 = ORIENTED_EDGE ( 'NONE', *, *, #2125, .T. ) ;
#4569 = EDGE_CURVE ( 'NONE', #2271, #496, #991, .T. ) ;
#4570 = DIRECTION ( 'NONE',  ( -0.000000000000000000, -0.000000000000000000, 1.000000000000000000 ) ) ;
#4571 =( NAMED_UNIT ( * ) SI_UNIT ( $, .STERADIAN. ) SOLID_ANGLE_UNIT ( ) );
#4572 = DIRECTION ( 'NONE',  ( -1.000000000000000000, 0.000000000000000000, 0.000000000000000000 ) ) ;
#4573 =( GEOMETRIC_REPRESENTATION_CONTEXT ( 3 ) GLOBAL_UNCERTAINTY_ASSIGNED_CONTEXT ( ( #189 ) ) GLOBAL_UNIT_ASSIGNED_CONTEXT ( ( #428, #2572, #4051 ) ) REPRESENTATION_CONTEXT ( 'NONE', 'WORKASPACE' ) );
#4574 = ORIENTED_EDGE ( 'NONE', *, *, #2567, .T. ) ;
#4575 = ORIENTED_EDGE ( 'NONE', *, *, #4254, .F. ) ;
#4576 = LINE ( 'NONE', #4647, #1821 ) ;
#4577 = EDGE_CURVE ( 'NONE', #1717, #4399, #618, .T. ) ;
#4578 = DIRECTION ( 'NONE',  ( 0.2765379750249931101, 0.000000000000000000, -0.9610029908221286998 ) ) ;
#4579 = ORIENTED_EDGE ( 'NONE', *, *, #1957, .F. ) ;
#4580 = DIRECTION ( 'NONE',  ( 0.000000000000000000, 1.000000000000000000, 0.000000000000000000 ) ) ;
#4581 = CARTESIAN_POINT ( 'NONE',  ( 1.890000000000006786, 2.746759999999999646, -1.518511938874666178 ) ) ;
#4582 = FACE_OUTER_BOUND ( 'NONE', #3288, .T. ) ;
#4583 = EDGE_CURVE ( 'NONE', #2060, #2207, #1689, .T. ) ;
#4584 = DIRECTION ( 'NONE',  ( -1.000000000000000000, 0.000000000000000000, 0.000000000000000000 ) ) ;
#4585 = FILL_AREA_STYLE_COLOUR ( '', #2461 ) ;
#4586 = VERTEX_POINT ( 'NONE', #686 ) ;
#4587 = CARTESIAN_POINT ( 'NONE',  ( 1.556720911532859519, 2.746759999999999646, -1.192290661020161346 ) ) ;
#4588 = CARTESIAN_POINT ( 'NONE',  ( 2.658240000000000158, 2.741759999999999753, -2.741759999999999753 ) ) ;
#4589 = DIRECTION ( 'NONE',  ( -0.05375259206908061804, 0.000000000000000000, 0.9985542843760949472 ) ) ;
#4590 = EDGE_CURVE ( 'NONE', #2295, #3687, #4673, .T. ) ;
#4591 = B_SPLINE_CURVE_WITH_KNOTS ( 'NONE', 3,
 ( #1352, #2089, #2774, #956, #3472, #292, #4225, #3801, #1001, #2416 ),
 .UNSPECIFIED., .F., .F.,
 ( 4, 3, 3, 4 ),
 ( 2.194714508423963179E-19, 1.938115349126155021E-05, 3.880233050466295661E-05, 4.563224590952743421E-05 ),
 .UNSPECIFIED. ) ;
#4592 = DIRECTION ( 'NONE',  ( -0.9610674221107078363, 0.000000000000000000, -0.2763139702539094689 ) ) ;
#4593 = VERTEX_POINT ( 'NONE', #308 ) ;
#4594 = DIRECTION ( 'NONE',  ( -0.9610992334305258344, 0.000000000000000000, -0.2762033010288897361 ) ) ;
#4595 = DIRECTION ( 'NONE',  ( 0.000000000000000000, 0.000000000000000000, 1.000000000000000000 ) ) ;
#4596 = EDGE_CURVE ( 'NONE', #1485, #823, #1410, .T. ) ;
#4597 = ORIENTED_EDGE ( 'NONE', *, *, #2306, .T. ) ;
#4598 = EDGE_LOOP ( 'NONE', ( #3333, #1125, #1247, #3741 ) ) ;
#4599 = CARTESIAN_POINT ( 'NONE',  ( 2.600000000000000089, 0.05824000000000020133, -2.683520000000000127 ) ) ;
#4600 =( LENGTH_UNIT ( ) NAMED_UNIT ( * ) SI_UNIT ( .MILLI., .METRE. ) );
#4601 = STYLED_ITEM ( 'NONE', ( #1140 ), #2679 ) ;
#4602 = VERTEX_POINT ( 'NONE', #3122 ) ;
#4603 = DIRECTION ( 'NONE',  ( -0.4668459304955137057, 0.000000000000000000, 0.8843386665637650301 ) ) ;
#4604 =( NAMED_UNIT ( * ) PLANE_ANGLE_UNIT ( ) SI_UNIT ( $, .RADIAN. ) );
#4605 = CARTESIAN_POINT ( 'NONE',  ( 1.889999999999999680, 2.746759999999999646, -0.3499999999999999778 ) ) ;
#4606 =( NAMED_UNIT ( * ) PLANE_ANGLE_UNIT ( ) SI_UNIT ( $, .RADIAN. ) );
#4607 = STYLED_ITEM ( 'NONE', ( #1299 ), #3214 ) ;
#4608 = CARTESIAN_POINT ( 'NONE',  ( 1.811686967656117364, 2.746759999999999646, -1.159793944193151738 ) ) ;
#4609 = STYLED_ITEM ( 'NONE', ( #2808 ), #3465 ) ;
#4610 = ORIENTED_EDGE ( 'NONE', *, *, #1877, .T. ) ;
#4611 = AXIS2_PLACEMENT_3D ( 'NONE', #3386, #969, #1927 ) ;
#4612 = SURFACE_STYLE_FILL_AREA ( #1674 ) ;
#4613 = DIRECTION ( 'NONE',  ( 0.000000000000000000, 0.000000000000000000, -1.000000000000000000 ) ) ;
#4614 = AXIS2_PLACEMENT_3D ( 'NONE', #1702, #3129, #203 ) ;
#4615 = CARTESIAN_POINT ( 'NONE',  ( 2.658240000000000158, 2.799999999999999822, 0.000000000000000000 ) ) ;
#4616 = VECTOR ( 'NONE', #4159, 1000.000000000000114 ) ;
#4617 = CARTESIAN_POINT ( 'NONE',  ( 1.478369079381479878, 2.746759999999999646, -0.8455874476530370609 ) ) ;
#4618 = VECTOR ( 'NONE', #2015, 1000.000000000000000 ) ;
#4619 = CARTESIAN_POINT ( 'NONE',  ( 2.658240000000000158, 0.05823999999999999316, -0.05823999999999999316 ) ) ;
#4620 = ORIENTED_EDGE ( 'NONE', *, *, #1009, .T. ) ;
#4621 = VERTEX_POINT ( 'NONE', #4605 ) ;
#4622 = CARTESIAN_POINT ( 'NONE',  ( 1.521771045540717848, 2.746759999999999646, -1.624255184048812417 ) ) ;
#4623 = FILL_AREA_STYLE_COLOUR ( '', #1025 ) ;
#4624 = SURFACE_STYLE_FILL_AREA ( #3117 ) ;
#4625 =( GEOMETRIC_REPRESENTATION_CONTEXT ( 3 ) GLOBAL_UNCERTAINTY_ASSIGNED_CONTEXT ( ( #2059 ) ) GLOBAL_UNIT_ASSIGNED_CONTEXT ( ( #3704, #458, #4082 ) ) REPRESENTATION_CONTEXT ( 'NONE', 'WORKASPACE' ) );
#4626 = ORIENTED_EDGE ( 'NONE', *, *, #2444, .T. ) ;
#4627 =( NAMED_UNIT ( * ) SI_UNIT ( $, .STERADIAN. ) SOLID_ANGLE_UNIT ( ) );
#4628 = PRODUCT ( 'CCS_CCSTD_1210_L3.5W2.8T2.8B0.5', 'CCS_CCSTD_1210_L3.5W2.8T2.8B0.5', '', ( #424 ) ) ;
#4629 = VECTOR ( 'NONE', #2595, 1000.000000000000000 ) ;
#4630 = CARTESIAN_POINT ( 'NONE',  ( 1.709380634530516696, 2.741759999999999753, -2.017938064331727954 ) ) ;
#4631 = EDGE_CURVE ( 'NONE', #1717, #823, #1019, .T. ) ;
#4632 = PRESENTATION_STYLE_ASSIGNMENT (( #4654 ) ) ;
#4633 = VECTOR ( 'NONE', #560, 1000.000000000000227 ) ;
#4634 = ORIENTED_EDGE ( 'NONE', *, *, #4056, .T. ) ;
#4635 = CARTESIAN_POINT ( 'NONE',  ( 1.478369079381479878, 2.746759999999999646, -1.255601935242362188 ) ) ;
#4636 = VECTOR ( 'NONE', #739, 1000.000000000000000 ) ;
#4637 = DIRECTION ( 'NONE',  ( 0.000000000000000000, 0.000000000000000000, 1.000000000000000000 ) ) ;
#4638 =( NAMED_UNIT ( * ) SI_UNIT ( $, .STERADIAN. ) SOLID_ANGLE_UNIT ( ) );
#4639 = ORIENTED_EDGE ( 'NONE', *, *, #3576, .F. ) ;
#4640 = EDGE_CURVE ( 'NONE', #3927, #2480, #667, .T. ) ;
#4641 = PLANE ( 'NONE',  #725 ) ;
#4642 = VECTOR ( 'NONE', #3683, 1000.000000000000000 ) ;
#4643 = FACE_OUTER_BOUND ( 'NONE', #2681, .T. ) ;
#4644 = CARTESIAN_POINT ( 'NONE',  ( 0.9000000000000001332, 0.05824000000000020133, -0.1164799999999999724 ) ) ;
#4645 = EDGE_LOOP ( 'NONE', ( #182, #2754, #389, #2580 ) ) ;
#4646 = AXIS2_PLACEMENT_3D ( 'NONE', #1418, #1840, #2487 ) ;
#4647 = CARTESIAN_POINT ( 'NONE',  ( 1.478369079381479878, 2.741759999999999753, -1.560922121378591987 ) ) ;
#4648 = PRESENTATION_STYLE_ASSIGNMENT (( #1316 ) ) ;
#4649 = MECHANICAL_DESIGN_GEOMETRIC_PRESENTATION_REPRESENTATION (  '', ( #1031 ), #4573 ) ;
#4650 = ORIENTED_EDGE ( 'NONE', *, *, #2519, .T. ) ;
#4651 = DIRECTION ( 'NONE',  ( -0.000000000000000000, 1.000000000000000000, 0.000000000000000000 ) ) ;
#4652 = DIRECTION ( 'NONE',  ( -0.000000000000000000, -1.000000000000000000, 0.000000000000000000 ) ) ;
#4653 = LINE ( 'NONE', #970, #1237 ) ;
#4654 = SURFACE_STYLE_USAGE ( .BOTH. , #3143 ) ;
#4655 = PLANE ( 'NONE',  #3149 ) ;
#4656 = ORIENTED_EDGE ( 'NONE', *, *, #985, .T. ) ;
#4657 = ADVANCED_FACE ( 'NONE', ( #4582 ), #3167, .F. ) ;
#4658 = LINE ( 'NONE', #2771, #2032 ) ;
#4659 =( NAMED_UNIT ( * ) SI_UNIT ( $, .STERADIAN. ) SOLID_ANGLE_UNIT ( ) );
#4660 =( NAMED_UNIT ( * ) PLANE_ANGLE_UNIT ( ) SI_UNIT ( $, .RADIAN. ) );
#4661 =( NAMED_UNIT ( * ) PLANE_ANGLE_UNIT ( ) SI_UNIT ( $, .RADIAN. ) );
#4662 = SURFACE_STYLE_FILL_AREA ( #5 ) ;
#4663 = CARTESIAN_POINT ( 'NONE',  ( 1.890000000000006786, 2.746759999999999646, -2.103578002401880642 ) ) ;
#4664 = LINE ( 'NONE', #1815, #2248 ) ;
#4665 = ORIENTED_EDGE ( 'NONE', *, *, #512, .T. ) ;
#4666 = SURFACE_STYLE_FILL_AREA ( #2785 ) ;
#4667 = FACE_OUTER_BOUND ( 'NONE', #1707, .T. ) ;
#4668 = SURFACE_STYLE_FILL_AREA ( #2194 ) ;
#4669 = UNCERTAINTY_MEASURE_WITH_UNIT (LENGTH_MEASURE( 1.000000000000000082E-05 ), #2337, 'distance_accuracy_value', 'NONE');
#4670 = ORIENTED_EDGE ( 'NONE', *, *, #2108, .T. ) ;
#4671 = CARTESIAN_POINT ( 'NONE',  ( 1.557847357579664971, 2.746759999999999646, -2.199075594982799142 ) ) ;
#4672 =( LENGTH_UNIT ( ) NAMED_UNIT ( * ) SI_UNIT ( .MILLI., .METRE. ) );
#4673 = LINE ( 'NONE', #2431, #3632 ) ;
#4674 = FACE_OUTER_BOUND ( 'NONE', #3812, .T. ) ;
#4675 = DIRECTION ( 'NONE',  ( -0.9610992334315860974, 0.000000000000000000, -0.2762033010252007981 ) ) ;
#4676 = EDGE_LOOP ( 'NONE', ( #3145, #1318, #16 ) ) ;
#4677 = DIRECTION ( 'NONE',  ( -0.000000000000000000, -1.000000000000000000, 0.000000000000000000 ) ) ;
#4678 = LINE ( 'NONE', #2911, #2421 ) ;
ENDSEC;
END-ISO-10303-21;
